[2026-08-21T13:30:59.933+0000] {processor.py:186} INFO - Started process (PID=951) to work on /opt/airflow/dags/first_dag.py
[2026-08-21T13:30:59.934+0000] {processor.py:914} INFO - Processing file /opt/airflow/dags/first_dag.py for tasks to queue
[2026-08-21T13:30:59.936+0000] {logging_mixin.py:190} INFO - [2026-08-21T13:30:59.936+0000] {dagbag.py:588} INFO - Filling up the DagBag from /opt/airflow/dags/first_dag.py
[2026-08-21T13:30:59.939+0000] {logging_mixin.py:190} INFO - [2026-08-21T13:30:59.938+0000] {dagbag.py:387} ERROR - Failed to import: /opt/airflow/dags/first_dag.py
Traceback (most recent call last):
  File "/home/airflow/.local/lib/python3.12/site-packages/airflow/models/dagbag.py", line 383, in parse
    loader.exec_module(new_module)
  File "<frozen importlib._bootstrap_external>", line 999, in exec_module
  File "<frozen importlib._bootstrap>", line 488, in _call_with_frames_removed
  File "/opt/airflow/dags/first_dag.py", line 3, in <module>
    dag1 = DAG( )
           ^^^^^^
TypeError: DAG.__init__() missing 1 required positional argument: 'dag_id'
[2026-08-21T13:30:59.939+0000] {processor.py:927} WARNING - No viable dags retrieved from /opt/airflow/dags/first_dag.py
[2026-08-21T13:30:59.965+0000] {processor.py:208} INFO - Processing /opt/airflow/dags/first_dag.py took 0.038 seconds
[2026-08-21T13:31:02.960+0000] {processor.py:186} INFO - Started process (PID=958) to work on /opt/airflow/dags/first_dag.py
[2026-08-21T13:31:02.960+0000] {processor.py:914} INFO - Processing file /opt/airflow/dags/first_dag.py for tasks to queue
[2026-08-21T13:31:02.963+0000] {logging_mixin.py:190} INFO - [2026-08-21T13:31:02.963+0000] {dagbag.py:588} INFO - Filling up the DagBag from /opt/airflow/dags/first_dag.py
[2026-08-21T13:31:02.967+0000] {logging_mixin.py:190} INFO - [2026-08-21T13:31:02.965+0000] {dagbag.py:387} ERROR - Failed to import: /opt/airflow/dags/first_dag.py
Traceback (most recent call last):
  File "/home/airflow/.local/lib/python3.12/site-packages/airflow/models/dagbag.py", line 383, in parse
    loader.exec_module(new_module)
  File "<frozen importlib._bootstrap_external>", line 999, in exec_module
  File "<frozen importlib._bootstrap>", line 488, in _call_with_frames_removed
  File "/opt/airflow/dags/first_dag.py", line 3, in <module>
    dag1 = DAG( tas)
                ^^^
NameError: name 'tas' is not defined
[2026-08-21T13:31:02.969+0000] {processor.py:927} WARNING - No viable dags retrieved from /opt/airflow/dags/first_dag.py
[2026-08-21T13:31:02.985+0000] {processor.py:208} INFO - Processing /opt/airflow/dags/first_dag.py took 0.030 seconds
[2026-08-21T13:31:04.013+0000] {processor.py:186} INFO - Started process (PID=959) to work on /opt/airflow/dags/first_dag.py
[2026-08-21T13:31:04.013+0000] {processor.py:914} INFO - Processing file /opt/airflow/dags/first_dag.py for tasks to queue
[2026-08-21T13:31:04.015+0000] {logging_mixin.py:190} INFO - [2026-08-21T13:31:04.015+0000] {dagbag.py:588} INFO - Filling up the DagBag from /opt/airflow/dags/first_dag.py
[2026-08-21T13:31:04.019+0000] {logging_mixin.py:190} INFO - [2026-08-21T13:31:04.018+0000] {dagbag.py:387} ERROR - Failed to import: /opt/airflow/dags/first_dag.py
Traceback (most recent call last):
  File "/home/airflow/.local/lib/python3.12/site-packages/airflow/models/dagbag.py", line 383, in parse
    loader.exec_module(new_module)
  File "<frozen importlib._bootstrap_external>", line 999, in exec_module
  File "<frozen importlib._bootstrap>", line 488, in _call_with_frames_removed
  File "/opt/airflow/dags/first_dag.py", line 3, in <module>
    dag1 = DAG( task)
                ^^^^
NameError: name 'task' is not defined
[2026-08-21T13:31:04.020+0000] {processor.py:927} WARNING - No viable dags retrieved from /opt/airflow/dags/first_dag.py
[2026-08-21T13:31:04.036+0000] {processor.py:208} INFO - Processing /opt/airflow/dags/first_dag.py took 0.027 seconds
[2026-08-21T13:31:09.044+0000] {processor.py:186} INFO - Started process (PID=960) to work on /opt/airflow/dags/first_dag.py
[2026-08-21T13:31:09.045+0000] {processor.py:914} INFO - Processing file /opt/airflow/dags/first_dag.py for tasks to queue
[2026-08-21T13:31:09.047+0000] {logging_mixin.py:190} INFO - [2026-08-21T13:31:09.047+0000] {dagbag.py:588} INFO - Filling up the DagBag from /opt/airflow/dags/first_dag.py
[2026-08-21T13:31:09.050+0000] {logging_mixin.py:190} INFO - [2026-08-21T13:31:09.049+0000] {dagbag.py:387} ERROR - Failed to import: /opt/airflow/dags/first_dag.py
Traceback (most recent call last):
  File "/home/airflow/.local/lib/python3.12/site-packages/airflow/models/dagbag.py", line 383, in parse
    loader.exec_module(new_module)
  File "<frozen importlib._bootstrap_external>", line 995, in exec_module
  File "<frozen importlib._bootstrap_external>", line 1133, in get_code
  File "<frozen importlib._bootstrap_external>", line 1063, in source_to_code
  File "<frozen importlib._bootstrap>", line 488, in _call_with_frames_removed
  File "/opt/airflow/dags/first_dag.py", line 3
    dag1 = DAG( task_id= )
                ^^^^^^^^
SyntaxError: expected argument value expression
[2026-08-21T13:31:09.051+0000] {processor.py:927} WARNING - No viable dags retrieved from /opt/airflow/dags/first_dag.py
[2026-08-21T13:31:09.071+0000] {processor.py:208} INFO - Processing /opt/airflow/dags/first_dag.py took 0.031 seconds
[2026-08-21T13:31:26.164+0000] {processor.py:186} INFO - Started process (PID=961) to work on /opt/airflow/dags/first_dag.py
[2026-08-21T13:31:26.165+0000] {processor.py:914} INFO - Processing file /opt/airflow/dags/first_dag.py for tasks to queue
[2026-08-21T13:31:26.167+0000] {logging_mixin.py:190} INFO - [2026-08-21T13:31:26.167+0000] {dagbag.py:588} INFO - Filling up the DagBag from /opt/airflow/dags/first_dag.py
[2026-08-21T13:31:26.171+0000] {logging_mixin.py:190} INFO - [2026-08-21T13:31:26.169+0000] {dagbag.py:387} ERROR - Failed to import: /opt/airflow/dags/first_dag.py
Traceback (most recent call last):
  File "/home/airflow/.local/lib/python3.12/site-packages/airflow/models/dagbag.py", line 383, in parse
    loader.exec_module(new_module)
  File "<frozen importlib._bootstrap_external>", line 999, in exec_module
  File "<frozen importlib._bootstrap>", line 488, in _call_with_frames_removed
  File "/opt/airflow/dags/first_dag.py", line 3, in <module>
    dag1 = DAG( dag)
                ^^^
NameError: name 'dag' is not defined
[2026-08-21T13:31:26.172+0000] {processor.py:927} WARNING - No viable dags retrieved from /opt/airflow/dags/first_dag.py
[2026-08-21T13:31:26.187+0000] {processor.py:208} INFO - Processing /opt/airflow/dags/first_dag.py took 0.028 seconds
[2026-08-21T13:31:27.183+0000] {processor.py:186} INFO - Started process (PID=962) to work on /opt/airflow/dags/first_dag.py
[2026-08-21T13:31:27.183+0000] {processor.py:914} INFO - Processing file /opt/airflow/dags/first_dag.py for tasks to queue
[2026-08-21T13:31:27.185+0000] {logging_mixin.py:190} INFO - [2026-08-21T13:31:27.185+0000] {dagbag.py:588} INFO - Filling up the DagBag from /opt/airflow/dags/first_dag.py
[2026-08-21T13:31:27.188+0000] {logging_mixin.py:190} INFO - [2026-08-21T13:31:27.186+0000] {dagbag.py:387} ERROR - Failed to import: /opt/airflow/dags/first_dag.py
Traceback (most recent call last):
  File "/home/airflow/.local/lib/python3.12/site-packages/airflow/models/dagbag.py", line 383, in parse
    loader.exec_module(new_module)
  File "<frozen importlib._bootstrap_external>", line 999, in exec_module
  File "<frozen importlib._bootstrap>", line 488, in _call_with_frames_removed
  File "/opt/airflow/dags/first_dag.py", line 3, in <module>
    dag1 = DAG( dag_id)
                ^^^^^^
NameError: name 'dag_id' is not defined
[2026-08-21T13:31:27.189+0000] {processor.py:927} WARNING - No viable dags retrieved from /opt/airflow/dags/first_dag.py
[2026-08-21T13:31:27.209+0000] {processor.py:208} INFO - Processing /opt/airflow/dags/first_dag.py took 0.033 seconds
[2026-08-21T13:31:30.239+0000] {processor.py:186} INFO - Started process (PID=963) to work on /opt/airflow/dags/first_dag.py
[2026-08-21T13:31:30.240+0000] {processor.py:914} INFO - Processing file /opt/airflow/dags/first_dag.py for tasks to queue
[2026-08-21T13:31:30.242+0000] {logging_mixin.py:190} INFO - [2026-08-21T13:31:30.242+0000] {dagbag.py:588} INFO - Filling up the DagBag from /opt/airflow/dags/first_dag.py
[2026-08-21T13:31:30.245+0000] {logging_mixin.py:190} INFO - [2026-08-21T13:31:30.244+0000] {dagbag.py:387} ERROR - Failed to import: /opt/airflow/dags/first_dag.py
Traceback (most recent call last):
  File "/home/airflow/.local/lib/python3.12/site-packages/airflow/models/dagbag.py", line 383, in parse
    loader.exec_module(new_module)
  File "<frozen importlib._bootstrap_external>", line 995, in exec_module
  File "<frozen importlib._bootstrap_external>", line 1133, in get_code
  File "<frozen importlib._bootstrap_external>", line 1063, in source_to_code
  File "<frozen importlib._bootstrap>", line 488, in _call_with_frames_removed
  File "/opt/airflow/dags/first_dag.py", line 3
    dag1 = DAG( dag_id = )
                ^^^^^^^^
SyntaxError: expected argument value expression
[2026-08-21T13:31:30.245+0000] {processor.py:927} WARNING - No viable dags retrieved from /opt/airflow/dags/first_dag.py
[2026-08-21T13:31:30.260+0000] {processor.py:208} INFO - Processing /opt/airflow/dags/first_dag.py took 0.027 seconds
[2026-08-21T13:31:34.270+0000] {processor.py:186} INFO - Started process (PID=970) to work on /opt/airflow/dags/first_dag.py
[2026-08-21T13:31:34.277+0000] {processor.py:914} INFO - Processing file /opt/airflow/dags/first_dag.py for tasks to queue
[2026-08-21T13:31:34.281+0000] {logging_mixin.py:190} INFO - [2026-08-21T13:31:34.281+0000] {dagbag.py:588} INFO - Filling up the DagBag from /opt/airflow/dags/first_dag.py
[2026-08-21T13:31:34.285+0000] {logging_mixin.py:190} INFO - [2026-08-21T13:31:34.284+0000] {dagbag.py:387} ERROR - Failed to import: /opt/airflow/dags/first_dag.py
Traceback (most recent call last):
  File "/home/airflow/.local/lib/python3.12/site-packages/airflow/models/dagbag.py", line 383, in parse
    loader.exec_module(new_module)
  File "<frozen importlib._bootstrap_external>", line 999, in exec_module
  File "<frozen importlib._bootstrap>", line 488, in _call_with_frames_removed
  File "/opt/airflow/dags/first_dag.py", line 3, in <module>
    dag1 = DAG( dag_id = "")
           ^^^^^^^^^^^^^^^^^
  File "/home/airflow/.local/lib/python3.12/site-packages/airflow/models/dag.py", line 593, in __init__
    validate_key(dag_id)
  File "/home/airflow/.local/lib/python3.12/site-packages/airflow/utils/helpers.py", line 57, in validate_key
    raise AirflowException(
airflow.exceptions.AirflowException: The key '' has to be made of alphanumeric characters, dashes, dots and underscores exclusively
[2026-08-21T13:31:34.286+0000] {processor.py:927} WARNING - No viable dags retrieved from /opt/airflow/dags/first_dag.py
[2026-08-21T13:31:34.301+0000] {processor.py:208} INFO - Processing /opt/airflow/dags/first_dag.py took 0.035 seconds
[2026-08-21T13:31:35.312+0000] {processor.py:186} INFO - Started process (PID=971) to work on /opt/airflow/dags/first_dag.py
[2026-08-21T13:31:35.312+0000] {processor.py:914} INFO - Processing file /opt/airflow/dags/first_dag.py for tasks to queue
[2026-08-21T13:31:35.316+0000] {logging_mixin.py:190} INFO - [2026-08-21T13:31:35.316+0000] {dagbag.py:588} INFO - Filling up the DagBag from /opt/airflow/dags/first_dag.py
[2026-08-21T13:31:35.334+0000] {processor.py:925} INFO - DAG(s) 'fist' retrieved from /opt/airflow/dags/first_dag.py
[2026-08-21T13:31:35.539+0000] {logging_mixin.py:190} INFO - [2026-08-21T13:31:35.538+0000] {override.py:1932} INFO - Created Permission View: can edit on DAG:fist
[2026-08-21T13:31:35.548+0000] {logging_mixin.py:190} INFO - [2026-08-21T13:31:35.548+0000] {override.py:1932} INFO - Created Permission View: can delete on DAG:fist
[2026-08-21T13:31:35.556+0000] {logging_mixin.py:190} INFO - [2026-08-21T13:31:35.556+0000] {override.py:1932} INFO - Created Permission View: can read on DAG:fist
[2026-08-21T13:31:35.563+0000] {logging_mixin.py:190} INFO - [2026-08-21T13:31:35.563+0000] {override.py:1932} INFO - Created Permission View: can create on DAG Run:fist
[2026-08-21T13:31:35.569+0000] {logging_mixin.py:190} INFO - [2026-08-21T13:31:35.569+0000] {override.py:1932} INFO - Created Permission View: can delete on DAG Run:fist
[2026-08-21T13:31:35.576+0000] {logging_mixin.py:190} INFO - [2026-08-21T13:31:35.575+0000] {override.py:1932} INFO - Created Permission View: menu access on DAG Run:fist
[2026-08-21T13:31:35.585+0000] {logging_mixin.py:190} INFO - [2026-08-21T13:31:35.584+0000] {override.py:1932} INFO - Created Permission View: can read on DAG Run:fist
[2026-08-21T13:31:35.585+0000] {logging_mixin.py:190} INFO - [2026-08-21T13:31:35.585+0000] {dag.py:3239} INFO - Sync 1 DAGs
[2026-08-21T13:31:35.603+0000] {logging_mixin.py:190} INFO - [2026-08-21T13:31:35.602+0000] {dag.py:3262} INFO - Creating ORM DAG for fist
[2026-08-21T13:31:35.612+0000] {logging_mixin.py:190} INFO - [2026-08-21T13:31:35.612+0000] {dag.py:4180} INFO - Setting next_dagrun for fist to None, run_after=None
[2026-08-21T13:31:35.631+0000] {processor.py:208} INFO - Processing /opt/airflow/dags/first_dag.py took 0.325 seconds
[2026-08-21T13:31:38.351+0000] {processor.py:186} INFO - Started process (PID=972) to work on /opt/airflow/dags/first_dag.py
[2026-08-21T13:31:38.351+0000] {processor.py:914} INFO - Processing file /opt/airflow/dags/first_dag.py for tasks to queue
[2026-08-21T13:31:38.354+0000] {logging_mixin.py:190} INFO - [2026-08-21T13:31:38.354+0000] {dagbag.py:588} INFO - Filling up the DagBag from /opt/airflow/dags/first_dag.py
[2026-08-21T13:31:38.366+0000] {processor.py:925} INFO - DAG(s) 'fist_dag' retrieved from /opt/airflow/dags/first_dag.py
[2026-08-21T13:31:38.484+0000] {logging_mixin.py:190} INFO - [2026-08-21T13:31:38.484+0000] {override.py:1932} INFO - Created Permission View: can edit on DAG:fist_dag
[2026-08-21T13:31:38.494+0000] {logging_mixin.py:190} INFO - [2026-08-21T13:31:38.493+0000] {override.py:1932} INFO - Created Permission View: can delete on DAG:fist_dag
[2026-08-21T13:31:38.502+0000] {logging_mixin.py:190} INFO - [2026-08-21T13:31:38.502+0000] {override.py:1932} INFO - Created Permission View: can read on DAG:fist_dag
[2026-08-21T13:31:38.507+0000] {logging_mixin.py:190} INFO - [2026-08-21T13:31:38.507+0000] {override.py:1932} INFO - Created Permission View: can create on DAG Run:fist_dag
[2026-08-21T13:31:38.512+0000] {logging_mixin.py:190} INFO - [2026-08-21T13:31:38.512+0000] {override.py:1932} INFO - Created Permission View: can delete on DAG Run:fist_dag
[2026-08-21T13:31:38.518+0000] {logging_mixin.py:190} INFO - [2026-08-21T13:31:38.518+0000] {override.py:1932} INFO - Created Permission View: menu access on DAG Run:fist_dag
[2026-08-21T13:31:38.523+0000] {logging_mixin.py:190} INFO - [2026-08-21T13:31:38.523+0000] {override.py:1932} INFO - Created Permission View: can read on DAG Run:fist_dag
[2026-08-21T13:31:38.524+0000] {logging_mixin.py:190} INFO - [2026-08-21T13:31:38.524+0000] {dag.py:3239} INFO - Sync 1 DAGs
[2026-08-21T13:31:38.539+0000] {logging_mixin.py:190} INFO - [2026-08-21T13:31:38.538+0000] {dag.py:3262} INFO - Creating ORM DAG for fist_dag
[2026-08-21T13:31:38.547+0000] {logging_mixin.py:190} INFO - [2026-08-21T13:31:38.547+0000] {dag.py:4180} INFO - Setting next_dagrun for fist_dag to None, run_after=None
[2026-08-21T13:31:38.560+0000] {processor.py:208} INFO - Processing /opt/airflow/dags/first_dag.py took 0.216 seconds
[2026-08-21T13:31:41.376+0000] {processor.py:186} INFO - Started process (PID=973) to work on /opt/airflow/dags/first_dag.py
[2026-08-21T13:31:41.376+0000] {processor.py:914} INFO - Processing file /opt/airflow/dags/first_dag.py for tasks to queue
[2026-08-21T13:31:41.378+0000] {logging_mixin.py:190} INFO - [2026-08-21T13:31:41.378+0000] {dagbag.py:588} INFO - Filling up the DagBag from /opt/airflow/dags/first_dag.py
[2026-08-21T13:31:41.385+0000] {processor.py:925} INFO - DAG(s) 'fist_dag' retrieved from /opt/airflow/dags/first_dag.py
[2026-08-21T13:31:41.398+0000] {logging_mixin.py:190} INFO - [2026-08-21T13:31:41.397+0000] {dag.py:3239} INFO - Sync 1 DAGs
[2026-08-21T13:31:41.420+0000] {logging_mixin.py:190} INFO - [2026-08-21T13:31:41.420+0000] {dag.py:4180} INFO - Setting next_dagrun for fist_dag to None, run_after=None
[2026-08-21T13:31:41.440+0000] {processor.py:208} INFO - Processing /opt/airflow/dags/first_dag.py took 0.071 seconds
[2026-08-21T13:31:51.425+0000] {processor.py:186} INFO - Started process (PID=974) to work on /opt/airflow/dags/first_dag.py
[2026-08-21T13:31:51.426+0000] {processor.py:914} INFO - Processing file /opt/airflow/dags/first_dag.py for tasks to queue
[2026-08-21T13:31:51.430+0000] {logging_mixin.py:190} INFO - [2026-08-21T13:31:51.429+0000] {dagbag.py:588} INFO - Filling up the DagBag from /opt/airflow/dags/first_dag.py
[2026-08-21T13:31:51.437+0000] {processor.py:925} INFO - DAG(s) 'fist_dag' retrieved from /opt/airflow/dags/first_dag.py
[2026-08-21T13:31:51.449+0000] {logging_mixin.py:190} INFO - [2026-08-21T13:31:51.449+0000] {dag.py:3239} INFO - Sync 1 DAGs
[2026-08-21T13:31:51.471+0000] {logging_mixin.py:190} INFO - [2026-08-21T13:31:51.471+0000] {dag.py:4180} INFO - Setting next_dagrun for fist_dag to None, run_after=None
[2026-08-21T13:31:51.491+0000] {processor.py:208} INFO - Processing /opt/airflow/dags/first_dag.py took 0.072 seconds
[2026-08-21T13:31:58.546+0000] {processor.py:186} INFO - Started process (PID=975) to work on /opt/airflow/dags/first_dag.py
[2026-08-21T13:31:58.546+0000] {processor.py:914} INFO - Processing file /opt/airflow/dags/first_dag.py for tasks to queue
[2026-08-21T13:31:58.548+0000] {logging_mixin.py:190} INFO - [2026-08-21T13:31:58.548+0000] {dagbag.py:588} INFO - Filling up the DagBag from /opt/airflow/dags/first_dag.py
[2026-08-21T13:31:58.557+0000] {processor.py:925} INFO - DAG(s) 'first_dag' retrieved from /opt/airflow/dags/first_dag.py
[2026-08-21T13:31:58.658+0000] {logging_mixin.py:190} INFO - [2026-08-21T13:31:58.658+0000] {override.py:1932} INFO - Created Permission View: can edit on DAG:first_dag
[2026-08-21T13:31:58.671+0000] {logging_mixin.py:190} INFO - [2026-08-21T13:31:58.670+0000] {override.py:1932} INFO - Created Permission View: can delete on DAG:first_dag
[2026-08-21T13:31:58.680+0000] {logging_mixin.py:190} INFO - [2026-08-21T13:31:58.680+0000] {override.py:1932} INFO - Created Permission View: can read on DAG:first_dag
[2026-08-21T13:31:58.687+0000] {logging_mixin.py:190} INFO - [2026-08-21T13:31:58.687+0000] {override.py:1932} INFO - Created Permission View: can create on DAG Run:first_dag
[2026-08-21T13:31:58.693+0000] {logging_mixin.py:190} INFO - [2026-08-21T13:31:58.692+0000] {override.py:1932} INFO - Created Permission View: can delete on DAG Run:first_dag
[2026-08-21T13:31:58.700+0000] {logging_mixin.py:190} INFO - [2026-08-21T13:31:58.699+0000] {override.py:1932} INFO - Created Permission View: menu access on DAG Run:first_dag
[2026-08-21T13:31:58.710+0000] {logging_mixin.py:190} INFO - [2026-08-21T13:31:58.710+0000] {override.py:1932} INFO - Created Permission View: can read on DAG Run:first_dag
[2026-08-21T13:31:58.711+0000] {logging_mixin.py:190} INFO - [2026-08-21T13:31:58.711+0000] {dag.py:3239} INFO - Sync 1 DAGs
[2026-08-21T13:31:58.723+0000] {logging_mixin.py:190} INFO - [2026-08-21T13:31:58.723+0000] {dag.py:3262} INFO - Creating ORM DAG for first_dag
[2026-08-21T13:31:58.732+0000] {logging_mixin.py:190} INFO - [2026-08-21T13:31:58.732+0000] {dag.py:4180} INFO - Setting next_dagrun for first_dag to None, run_after=None
[2026-08-21T13:31:58.750+0000] {processor.py:208} INFO - Processing /opt/airflow/dags/first_dag.py took 0.213 seconds
[2026-08-21T13:32:06.812+0000] {processor.py:186} INFO - Started process (PID=982) to work on /opt/airflow/dags/first_dag.py
[2026-08-21T13:32:06.813+0000] {processor.py:914} INFO - Processing file /opt/airflow/dags/first_dag.py for tasks to queue
[2026-08-21T13:32:06.815+0000] {logging_mixin.py:190} INFO - [2026-08-21T13:32:06.815+0000] {dagbag.py:588} INFO - Filling up the DagBag from /opt/airflow/dags/first_dag.py
[2026-08-21T13:32:06.827+0000] {processor.py:925} INFO - DAG(s) 'first_dag' retrieved from /opt/airflow/dags/first_dag.py
[2026-08-21T13:32:06.838+0000] {logging_mixin.py:190} INFO - [2026-08-21T13:32:06.838+0000] {dag.py:3239} INFO - Sync 1 DAGs
[2026-08-21T13:32:06.862+0000] {logging_mixin.py:190} INFO - [2026-08-21T13:32:06.862+0000] {dag.py:4180} INFO - Setting next_dagrun for first_dag to None, run_after=None
[2026-08-21T13:32:06.880+0000] {processor.py:208} INFO - Processing /opt/airflow/dags/first_dag.py took 0.073 seconds
[2026-08-21T13:32:36.947+0000] {processor.py:186} INFO - Started process (PID=989) to work on /opt/airflow/dags/first_dag.py
[2026-08-21T13:32:36.948+0000] {processor.py:914} INFO - Processing file /opt/airflow/dags/first_dag.py for tasks to queue
[2026-08-21T13:32:36.950+0000] {logging_mixin.py:190} INFO - [2026-08-21T13:32:36.949+0000] {dagbag.py:588} INFO - Filling up the DagBag from /opt/airflow/dags/first_dag.py
[2026-08-21T13:32:36.957+0000] {processor.py:925} INFO - DAG(s) 'first_dag' retrieved from /opt/airflow/dags/first_dag.py
[2026-08-21T13:32:36.971+0000] {logging_mixin.py:190} INFO - [2026-08-21T13:32:36.971+0000] {dag.py:3239} INFO - Sync 1 DAGs
[2026-08-21T13:32:36.994+0000] {logging_mixin.py:190} INFO - [2026-08-21T13:32:36.994+0000] {dag.py:4180} INFO - Setting next_dagrun for first_dag to None, run_after=None
[2026-08-21T13:32:37.011+0000] {processor.py:208} INFO - Processing /opt/airflow/dags/first_dag.py took 0.070 seconds
[2026-08-21T13:33:07.157+0000] {processor.py:186} INFO - Started process (PID=995) to work on /opt/airflow/dags/first_dag.py
[2026-08-21T13:33:07.158+0000] {processor.py:914} INFO - Processing file /opt/airflow/dags/first_dag.py for tasks to queue
[2026-08-21T13:33:07.159+0000] {logging_mixin.py:190} INFO - [2026-08-21T13:33:07.159+0000] {dagbag.py:588} INFO - Filling up the DagBag from /opt/airflow/dags/first_dag.py
[2026-08-21T13:33:07.167+0000] {processor.py:925} INFO - DAG(s) 'first_dag' retrieved from /opt/airflow/dags/first_dag.py
[2026-08-21T13:33:07.183+0000] {logging_mixin.py:190} INFO - [2026-08-21T13:33:07.183+0000] {dag.py:3239} INFO - Sync 1 DAGs
[2026-08-21T13:33:07.204+0000] {logging_mixin.py:190} INFO - [2026-08-21T13:33:07.203+0000] {dag.py:4180} INFO - Setting next_dagrun for first_dag to None, run_after=None
[2026-08-21T13:33:07.222+0000] {processor.py:208} INFO - Processing /opt/airflow/dags/first_dag.py took 0.069 seconds
[2026-08-21T13:33:37.325+0000] {processor.py:186} INFO - Started process (PID=1002) to work on /opt/airflow/dags/first_dag.py
[2026-08-21T13:33:37.332+0000] {processor.py:914} INFO - Processing file /opt/airflow/dags/first_dag.py for tasks to queue
[2026-08-21T13:33:37.333+0000] {logging_mixin.py:190} INFO - [2026-08-21T13:33:37.333+0000] {dagbag.py:588} INFO - Filling up the DagBag from /opt/airflow/dags/first_dag.py
[2026-08-21T13:33:37.346+0000] {processor.py:925} INFO - DAG(s) 'first_dag' retrieved from /opt/airflow/dags/first_dag.py
[2026-08-21T13:33:37.361+0000] {logging_mixin.py:190} INFO - [2026-08-21T13:33:37.360+0000] {dag.py:3239} INFO - Sync 1 DAGs
[2026-08-21T13:33:37.385+0000] {logging_mixin.py:190} INFO - [2026-08-21T13:33:37.385+0000] {dag.py:4180} INFO - Setting next_dagrun for first_dag to None, run_after=None
[2026-08-21T13:33:37.403+0000] {processor.py:208} INFO - Processing /opt/airflow/dags/first_dag.py took 0.083 seconds
[2026-08-21T13:34:07.499+0000] {processor.py:186} INFO - Started process (PID=1009) to work on /opt/airflow/dags/first_dag.py
[2026-08-21T13:34:07.500+0000] {processor.py:914} INFO - Processing file /opt/airflow/dags/first_dag.py for tasks to queue
[2026-08-21T13:34:07.501+0000] {logging_mixin.py:190} INFO - [2026-08-21T13:34:07.501+0000] {dagbag.py:588} INFO - Filling up the DagBag from /opt/airflow/dags/first_dag.py
[2026-08-21T13:34:07.509+0000] {processor.py:925} INFO - DAG(s) 'first_dag' retrieved from /opt/airflow/dags/first_dag.py
[2026-08-21T13:34:07.526+0000] {logging_mixin.py:190} INFO - [2026-08-21T13:34:07.526+0000] {dag.py:3239} INFO - Sync 1 DAGs
[2026-08-21T13:34:07.546+0000] {logging_mixin.py:190} INFO - [2026-08-21T13:34:07.545+0000] {dag.py:4180} INFO - Setting next_dagrun for first_dag to None, run_after=None
[2026-08-21T13:34:07.564+0000] {processor.py:208} INFO - Processing /opt/airflow/dags/first_dag.py took 0.069 seconds
[2026-08-21T13:34:18.602+0000] {processor.py:186} INFO - Started process (PID=1010) to work on /opt/airflow/dags/first_dag.py
[2026-08-21T13:34:18.603+0000] {processor.py:914} INFO - Processing file /opt/airflow/dags/first_dag.py for tasks to queue
[2026-08-21T13:34:18.604+0000] {logging_mixin.py:190} INFO - [2026-08-21T13:34:18.604+0000] {dagbag.py:588} INFO - Filling up the DagBag from /opt/airflow/dags/first_dag.py
[2026-08-21T13:34:18.609+0000] {logging_mixin.py:190} INFO - [2026-08-21T13:34:18.608+0000] {dagbag.py:387} ERROR - Failed to import: /opt/airflow/dags/first_dag.py
Traceback (most recent call last):
  File "/home/airflow/.local/lib/python3.12/site-packages/airflow/models/dagbag.py", line 383, in parse
    loader.exec_module(new_module)
  File "<frozen importlib._bootstrap_external>", line 995, in exec_module
  File "<frozen importlib._bootstrap_external>", line 1133, in get_code
  File "<frozen importlib._bootstrap_external>", line 1063, in source_to_code
  File "<frozen importlib._bootstrap>", line 488, in _call_with_frames_removed
  File "/opt/airflow/dags/first_dag.py", line 3
    dag1 = DAG(dag_id = "first_dag", sta )
                                         ^
SyntaxError: positional argument follows keyword argument
[2026-08-21T13:34:18.610+0000] {processor.py:927} WARNING - No viable dags retrieved from /opt/airflow/dags/first_dag.py
[2026-08-21T13:34:18.629+0000] {processor.py:208} INFO - Processing /opt/airflow/dags/first_dag.py took 0.032 seconds
[2026-08-21T13:34:19.638+0000] {processor.py:186} INFO - Started process (PID=1011) to work on /opt/airflow/dags/first_dag.py
[2026-08-21T13:34:19.639+0000] {processor.py:914} INFO - Processing file /opt/airflow/dags/first_dag.py for tasks to queue
[2026-08-21T13:34:19.640+0000] {logging_mixin.py:190} INFO - [2026-08-21T13:34:19.640+0000] {dagbag.py:588} INFO - Filling up the DagBag from /opt/airflow/dags/first_dag.py
[2026-08-21T13:34:19.646+0000] {logging_mixin.py:190} INFO - [2026-08-21T13:34:19.643+0000] {dagbag.py:387} ERROR - Failed to import: /opt/airflow/dags/first_dag.py
Traceback (most recent call last):
  File "/home/airflow/.local/lib/python3.12/site-packages/airflow/models/dagbag.py", line 383, in parse
    loader.exec_module(new_module)
  File "<frozen importlib._bootstrap_external>", line 995, in exec_module
  File "<frozen importlib._bootstrap_external>", line 1133, in get_code
  File "<frozen importlib._bootstrap_external>", line 1063, in source_to_code
  File "<frozen importlib._bootstrap>", line 488, in _call_with_frames_removed
  File "/opt/airflow/dags/first_dag.py", line 3
    dag1 = DAG(dag_id = "first_dag", start )
                                           ^
SyntaxError: positional argument follows keyword argument
[2026-08-21T13:34:19.647+0000] {processor.py:927} WARNING - No viable dags retrieved from /opt/airflow/dags/first_dag.py
[2026-08-21T13:34:19.665+0000] {processor.py:208} INFO - Processing /opt/airflow/dags/first_dag.py took 0.031 seconds
[2026-08-21T13:34:22.681+0000] {processor.py:186} INFO - Started process (PID=1012) to work on /opt/airflow/dags/first_dag.py
[2026-08-21T13:34:22.681+0000] {processor.py:914} INFO - Processing file /opt/airflow/dags/first_dag.py for tasks to queue
[2026-08-21T13:34:22.682+0000] {logging_mixin.py:190} INFO - [2026-08-21T13:34:22.682+0000] {dagbag.py:588} INFO - Filling up the DagBag from /opt/airflow/dags/first_dag.py
[2026-08-21T13:34:22.685+0000] {logging_mixin.py:190} INFO - [2026-08-21T13:34:22.684+0000] {dagbag.py:387} ERROR - Failed to import: /opt/airflow/dags/first_dag.py
Traceback (most recent call last):
  File "/home/airflow/.local/lib/python3.12/site-packages/airflow/models/dagbag.py", line 383, in parse
    loader.exec_module(new_module)
  File "<frozen importlib._bootstrap_external>", line 995, in exec_module
  File "<frozen importlib._bootstrap_external>", line 1133, in get_code
  File "<frozen importlib._bootstrap_external>", line 1063, in source_to_code
  File "<frozen importlib._bootstrap>", line 488, in _call_with_frames_removed
  File "/opt/airflow/dags/first_dag.py", line 3
    dag1 = DAG(dag_id = "first_dag", start_date )
                                                ^
SyntaxError: positional argument follows keyword argument
[2026-08-21T13:34:22.686+0000] {processor.py:927} WARNING - No viable dags retrieved from /opt/airflow/dags/first_dag.py
[2026-08-21T13:34:22.703+0000] {processor.py:208} INFO - Processing /opt/airflow/dags/first_dag.py took 0.028 seconds
[2026-08-21T13:34:24.720+0000] {processor.py:186} INFO - Started process (PID=1013) to work on /opt/airflow/dags/first_dag.py
[2026-08-21T13:34:24.721+0000] {processor.py:914} INFO - Processing file /opt/airflow/dags/first_dag.py for tasks to queue
[2026-08-21T13:34:24.722+0000] {logging_mixin.py:190} INFO - [2026-08-21T13:34:24.722+0000] {dagbag.py:588} INFO - Filling up the DagBag from /opt/airflow/dags/first_dag.py
[2026-08-21T13:34:24.725+0000] {logging_mixin.py:190} INFO - [2026-08-21T13:34:24.724+0000] {dagbag.py:387} ERROR - Failed to import: /opt/airflow/dags/first_dag.py
Traceback (most recent call last):
  File "/home/airflow/.local/lib/python3.12/site-packages/airflow/models/dagbag.py", line 383, in parse
    loader.exec_module(new_module)
  File "<frozen importlib._bootstrap_external>", line 995, in exec_module
  File "<frozen importlib._bootstrap_external>", line 1133, in get_code
  File "<frozen importlib._bootstrap_external>", line 1063, in source_to_code
  File "<frozen importlib._bootstrap>", line 488, in _call_with_frames_removed
  File "/opt/airflow/dags/first_dag.py", line 3
    dag1 = DAG(dag_id = "first_dag", start_date =  )
                                     ^^^^^^^^^^^^
SyntaxError: expected argument value expression
[2026-08-21T13:34:24.725+0000] {processor.py:927} WARNING - No viable dags retrieved from /opt/airflow/dags/first_dag.py
[2026-08-21T13:34:24.743+0000] {processor.py:208} INFO - Processing /opt/airflow/dags/first_dag.py took 0.029 seconds
[2026-08-21T13:34:27.754+0000] {processor.py:186} INFO - Started process (PID=1014) to work on /opt/airflow/dags/first_dag.py
[2026-08-21T13:34:27.754+0000] {processor.py:914} INFO - Processing file /opt/airflow/dags/first_dag.py for tasks to queue
[2026-08-21T13:34:27.755+0000] {logging_mixin.py:190} INFO - [2026-08-21T13:34:27.755+0000] {dagbag.py:588} INFO - Filling up the DagBag from /opt/airflow/dags/first_dag.py
[2026-08-21T13:34:27.758+0000] {logging_mixin.py:190} INFO - [2026-08-21T13:34:27.757+0000] {dagbag.py:387} ERROR - Failed to import: /opt/airflow/dags/first_dag.py
Traceback (most recent call last):
  File "/home/airflow/.local/lib/python3.12/site-packages/airflow/models/dagbag.py", line 383, in parse
    loader.exec_module(new_module)
  File "<frozen importlib._bootstrap_external>", line 995, in exec_module
  File "<frozen importlib._bootstrap_external>", line 1133, in get_code
  File "<frozen importlib._bootstrap_external>", line 1063, in source_to_code
  File "<frozen importlib._bootstrap>", line 488, in _call_with_frames_removed
  File "/opt/airflow/dags/first_dag.py", line 4
    dag1 = DAG(dag_id = "first_dag", start_date =  )
                                     ^^^^^^^^^^^^
SyntaxError: expected argument value expression
[2026-08-21T13:34:27.758+0000] {processor.py:927} WARNING - No viable dags retrieved from /opt/airflow/dags/first_dag.py
[2026-08-21T13:34:27.778+0000] {processor.py:208} INFO - Processing /opt/airflow/dags/first_dag.py took 0.029 seconds
[2026-08-21T13:34:34.822+0000] {processor.py:186} INFO - Started process (PID=1020) to work on /opt/airflow/dags/first_dag.py
[2026-08-21T13:34:34.822+0000] {processor.py:914} INFO - Processing file /opt/airflow/dags/first_dag.py for tasks to queue
[2026-08-21T13:34:34.823+0000] {logging_mixin.py:190} INFO - [2026-08-21T13:34:34.823+0000] {dagbag.py:588} INFO - Filling up the DagBag from /opt/airflow/dags/first_dag.py
[2026-08-21T13:34:34.826+0000] {logging_mixin.py:190} INFO - [2026-08-21T13:34:34.825+0000] {dagbag.py:387} ERROR - Failed to import: /opt/airflow/dags/first_dag.py
Traceback (most recent call last):
  File "/home/airflow/.local/lib/python3.12/site-packages/airflow/models/dagbag.py", line 383, in parse
    loader.exec_module(new_module)
  File "<frozen importlib._bootstrap_external>", line 995, in exec_module
  File "<frozen importlib._bootstrap_external>", line 1133, in get_code
  File "<frozen importlib._bootstrap_external>", line 1063, in source_to_code
  File "<frozen importlib._bootstrap>", line 488, in _call_with_frames_removed
  File "/opt/airflow/dags/first_dag.py", line 2
    from airflow import
                       ^
SyntaxError: invalid syntax
[2026-08-21T13:34:34.827+0000] {processor.py:927} WARNING - No viable dags retrieved from /opt/airflow/dags/first_dag.py
[2026-08-21T13:34:34.844+0000] {processor.py:208} INFO - Processing /opt/airflow/dags/first_dag.py took 0.026 seconds
[2026-08-21T13:34:36.843+0000] {processor.py:186} INFO - Started process (PID=1021) to work on /opt/airflow/dags/first_dag.py
[2026-08-21T13:34:36.845+0000] {processor.py:914} INFO - Processing file /opt/airflow/dags/first_dag.py for tasks to queue
[2026-08-21T13:34:36.847+0000] {logging_mixin.py:190} INFO - [2026-08-21T13:34:36.847+0000] {dagbag.py:588} INFO - Filling up the DagBag from /opt/airflow/dags/first_dag.py
[2026-08-21T13:34:36.851+0000] {logging_mixin.py:190} INFO - [2026-08-21T13:34:36.850+0000] {dagbag.py:387} ERROR - Failed to import: /opt/airflow/dags/first_dag.py
Traceback (most recent call last):
  File "/home/airflow/.local/lib/python3.12/site-packages/airflow/models/dagbag.py", line 383, in parse
    loader.exec_module(new_module)
  File "<frozen importlib._bootstrap_external>", line 995, in exec_module
  File "<frozen importlib._bootstrap_external>", line 1133, in get_code
  File "<frozen importlib._bootstrap_external>", line 1063, in source_to_code
  File "<frozen importlib._bootstrap>", line 488, in _call_with_frames_removed
  File "/opt/airflow/dags/first_dag.py", line 4
    dag1 = DAG(dag_id = "first_dag", start_date =  )
                                     ^^^^^^^^^^^^
SyntaxError: expected argument value expression
[2026-08-21T13:34:36.851+0000] {processor.py:927} WARNING - No viable dags retrieved from /opt/airflow/dags/first_dag.py
[2026-08-21T13:34:36.868+0000] {processor.py:208} INFO - Processing /opt/airflow/dags/first_dag.py took 0.030 seconds
[2026-08-21T13:34:39.899+0000] {processor.py:186} INFO - Started process (PID=1022) to work on /opt/airflow/dags/first_dag.py
[2026-08-21T13:34:39.899+0000] {processor.py:914} INFO - Processing file /opt/airflow/dags/first_dag.py for tasks to queue
[2026-08-21T13:34:39.900+0000] {logging_mixin.py:190} INFO - [2026-08-21T13:34:39.900+0000] {dagbag.py:588} INFO - Filling up the DagBag from /opt/airflow/dags/first_dag.py
[2026-08-21T13:34:39.902+0000] {logging_mixin.py:190} INFO - [2026-08-21T13:34:39.902+0000] {dagbag.py:387} ERROR - Failed to import: /opt/airflow/dags/first_dag.py
Traceback (most recent call last):
  File "/home/airflow/.local/lib/python3.12/site-packages/airflow/models/dagbag.py", line 383, in parse
    loader.exec_module(new_module)
  File "<frozen importlib._bootstrap_external>", line 995, in exec_module
  File "<frozen importlib._bootstrap_external>", line 1133, in get_code
  File "<frozen importlib._bootstrap_external>", line 1063, in source_to_code
  File "<frozen importlib._bootstrap>", line 488, in _call_with_frames_removed
  File "/opt/airflow/dags/first_dag.py", line 2
    from airflow import 
                        ^
SyntaxError: invalid syntax
[2026-08-21T13:34:39.903+0000] {processor.py:927} WARNING - No viable dags retrieved from /opt/airflow/dags/first_dag.py
[2026-08-21T13:34:39.918+0000] {processor.py:208} INFO - Processing /opt/airflow/dags/first_dag.py took 0.025 seconds
[2026-08-21T13:34:52.979+0000] {processor.py:186} INFO - Started process (PID=1023) to work on /opt/airflow/dags/first_dag.py
[2026-08-21T13:34:52.986+0000] {processor.py:914} INFO - Processing file /opt/airflow/dags/first_dag.py for tasks to queue
[2026-08-21T13:34:52.988+0000] {logging_mixin.py:190} INFO - [2026-08-21T13:34:52.987+0000] {dagbag.py:588} INFO - Filling up the DagBag from /opt/airflow/dags/first_dag.py
[2026-08-21T13:34:52.992+0000] {logging_mixin.py:190} INFO - [2026-08-21T13:34:52.990+0000] {dagbag.py:387} ERROR - Failed to import: /opt/airflow/dags/first_dag.py
Traceback (most recent call last):
  File "/home/airflow/.local/lib/python3.12/site-packages/airflow/models/dagbag.py", line 383, in parse
    loader.exec_module(new_module)
  File "<frozen importlib._bootstrap_external>", line 995, in exec_module
  File "<frozen importlib._bootstrap_external>", line 1133, in get_code
  File "<frozen importlib._bootstrap_external>", line 1063, in source_to_code
  File "<frozen importlib._bootstrap>", line 488, in _call_with_frames_removed
  File "/opt/airflow/dags/first_dag.py", line 2
    from datetime import 
                         ^
SyntaxError: invalid syntax
[2026-08-21T13:34:52.993+0000] {processor.py:927} WARNING - No viable dags retrieved from /opt/airflow/dags/first_dag.py
[2026-08-21T13:34:53.015+0000] {processor.py:208} INFO - Processing /opt/airflow/dags/first_dag.py took 0.043 seconds
[2026-08-21T13:34:57.028+0000] {processor.py:186} INFO - Started process (PID=1024) to work on /opt/airflow/dags/first_dag.py
[2026-08-21T13:34:57.029+0000] {processor.py:914} INFO - Processing file /opt/airflow/dags/first_dag.py for tasks to queue
[2026-08-21T13:34:57.030+0000] {logging_mixin.py:190} INFO - [2026-08-21T13:34:57.030+0000] {dagbag.py:588} INFO - Filling up the DagBag from /opt/airflow/dags/first_dag.py
[2026-08-21T13:34:57.034+0000] {logging_mixin.py:190} INFO - [2026-08-21T13:34:57.032+0000] {dagbag.py:387} ERROR - Failed to import: /opt/airflow/dags/first_dag.py
Traceback (most recent call last):
  File "/home/airflow/.local/lib/python3.12/site-packages/airflow/models/dagbag.py", line 383, in parse
    loader.exec_module(new_module)
  File "<frozen importlib._bootstrap_external>", line 995, in exec_module
  File "<frozen importlib._bootstrap_external>", line 1133, in get_code
  File "<frozen importlib._bootstrap_external>", line 1063, in source_to_code
  File "<frozen importlib._bootstrap>", line 488, in _call_with_frames_removed
  File "/opt/airflow/dags/first_dag.py", line 4
    dag1 = DAG(dag_id = "first_dag", start_date =  )
                                     ^^^^^^^^^^^^
SyntaxError: expected argument value expression
[2026-08-21T13:34:57.035+0000] {processor.py:927} WARNING - No viable dags retrieved from /opt/airflow/dags/first_dag.py
[2026-08-21T13:34:57.055+0000] {processor.py:208} INFO - Processing /opt/airflow/dags/first_dag.py took 0.034 seconds
[2026-08-21T13:35:00.082+0000] {processor.py:186} INFO - Started process (PID=1025) to work on /opt/airflow/dags/first_dag.py
[2026-08-21T13:35:00.085+0000] {processor.py:914} INFO - Processing file /opt/airflow/dags/first_dag.py for tasks to queue
[2026-08-21T13:35:00.088+0000] {logging_mixin.py:190} INFO - [2026-08-21T13:35:00.087+0000] {dagbag.py:588} INFO - Filling up the DagBag from /opt/airflow/dags/first_dag.py
[2026-08-21T13:35:00.093+0000] {logging_mixin.py:190} INFO - [2026-08-21T13:35:00.091+0000] {dagbag.py:387} ERROR - Failed to import: /opt/airflow/dags/first_dag.py
Traceback (most recent call last):
  File "/home/airflow/.local/lib/python3.12/site-packages/airflow/models/dagbag.py", line 383, in parse
    loader.exec_module(new_module)
  File "<frozen importlib._bootstrap_external>", line 995, in exec_module
  File "<frozen importlib._bootstrap_external>", line 1133, in get_code
  File "<frozen importlib._bootstrap_external>", line 1063, in source_to_code
  File "<frozen importlib._bootstrap>", line 488, in _call_with_frames_removed
  File "/opt/airflow/dags/first_dag.py", line 4
    dag1 = DAG(dag_id = "first_dag", start_date =  )
                                     ^^^^^^^^^^^^
SyntaxError: expected argument value expression
[2026-08-21T13:35:00.093+0000] {processor.py:927} WARNING - No viable dags retrieved from /opt/airflow/dags/first_dag.py
[2026-08-21T13:35:00.112+0000] {processor.py:208} INFO - Processing /opt/airflow/dags/first_dag.py took 0.040 seconds
[2026-08-21T13:35:08.145+0000] {processor.py:186} INFO - Started process (PID=1032) to work on /opt/airflow/dags/first_dag.py
[2026-08-21T13:35:08.146+0000] {processor.py:914} INFO - Processing file /opt/airflow/dags/first_dag.py for tasks to queue
[2026-08-21T13:35:08.147+0000] {logging_mixin.py:190} INFO - [2026-08-21T13:35:08.147+0000] {dagbag.py:588} INFO - Filling up the DagBag from /opt/airflow/dags/first_dag.py
[2026-08-21T13:35:08.151+0000] {logging_mixin.py:190} INFO - [2026-08-21T13:35:08.150+0000] {dagbag.py:387} ERROR - Failed to import: /opt/airflow/dags/first_dag.py
Traceback (most recent call last):
  File "/home/airflow/.local/lib/python3.12/site-packages/airflow/models/dagbag.py", line 383, in parse
    loader.exec_module(new_module)
  File "<frozen importlib._bootstrap_external>", line 999, in exec_module
  File "<frozen importlib._bootstrap>", line 488, in _call_with_frames_removed
  File "/opt/airflow/dags/first_dag.py", line 4, in <module>
    dag1 = DAG(dag_id = "first_dag", start_date = da )
                                                  ^^
NameError: name 'da' is not defined
[2026-08-21T13:35:08.152+0000] {processor.py:927} WARNING - No viable dags retrieved from /opt/airflow/dags/first_dag.py
[2026-08-21T13:35:08.170+0000] {processor.py:208} INFO - Processing /opt/airflow/dags/first_dag.py took 0.033 seconds
[2026-08-21T13:35:10.181+0000] {processor.py:186} INFO - Started process (PID=1033) to work on /opt/airflow/dags/first_dag.py
[2026-08-21T13:35:10.182+0000] {processor.py:914} INFO - Processing file /opt/airflow/dags/first_dag.py for tasks to queue
[2026-08-21T13:35:10.183+0000] {logging_mixin.py:190} INFO - [2026-08-21T13:35:10.183+0000] {dagbag.py:588} INFO - Filling up the DagBag from /opt/airflow/dags/first_dag.py
[2026-08-21T13:35:10.188+0000] {logging_mixin.py:190} INFO - [2026-08-21T13:35:10.185+0000] {dagbag.py:387} ERROR - Failed to import: /opt/airflow/dags/first_dag.py
Traceback (most recent call last):
  File "/home/airflow/.local/lib/python3.12/site-packages/airflow/models/dagbag.py", line 383, in parse
    loader.exec_module(new_module)
  File "<frozen importlib._bootstrap_external>", line 999, in exec_module
  File "<frozen importlib._bootstrap>", line 488, in _call_with_frames_removed
  File "/opt/airflow/dags/first_dag.py", line 4, in <module>
    dag1 = DAG(dag_id = "first_dag", start_date = datetime )
           ^^^^^^^^^^^^^^^^^^^^^^^^^^^^^^^^^^^^^^^^^^^^^^^^^
  File "/home/airflow/.local/lib/python3.12/site-packages/airflow/models/dag.py", line 619, in __init__
    tz = pendulum.instance(start_date, tz=tzinfo).timezone
         ^^^^^^^^^^^^^^^^^^^^^^^^^^^^^^^^^^^^^^^^
  File "/home/airflow/.local/lib/python3.12/site-packages/pendulum/__init__.py", line 239, in instance
    return DateTime.instance(obj, tz=tz)
           ^^^^^^^^^^^^^^^^^^^^^^^^^^^^^
  File "/home/airflow/.local/lib/python3.12/site-packages/pendulum/datetime.py", line 133, in instance
    tz = pendulum._safe_timezone(tz, dt=dt)
         ^^^^^^^^^^^^^^^^^^^^^^^^^^^^^^^^^^
  File "/home/airflow/.local/lib/python3.12/site-packages/pendulum/__init__.py", line 122, in _safe_timezone
    return timezone(obj)
           ^^^^^^^^^^^^^
  File "/home/airflow/.local/lib/python3.12/site-packages/pendulum/__init__.py", line 81, in timezone
    if name.lower() == "utc":
       ^^^^^^^^^^
AttributeError: 'getset_descriptor' object has no attribute 'lower'
[2026-08-21T13:35:10.189+0000] {processor.py:927} WARNING - No viable dags retrieved from /opt/airflow/dags/first_dag.py
[2026-08-21T13:35:10.208+0000] {processor.py:208} INFO - Processing /opt/airflow/dags/first_dag.py took 0.032 seconds
[2026-08-21T13:35:12.226+0000] {processor.py:186} INFO - Started process (PID=1034) to work on /opt/airflow/dags/first_dag.py
[2026-08-21T13:35:12.226+0000] {processor.py:914} INFO - Processing file /opt/airflow/dags/first_dag.py for tasks to queue
[2026-08-21T13:35:12.227+0000] {logging_mixin.py:190} INFO - [2026-08-21T13:35:12.227+0000] {dagbag.py:588} INFO - Filling up the DagBag from /opt/airflow/dags/first_dag.py
[2026-08-21T13:35:12.231+0000] {logging_mixin.py:190} INFO - [2026-08-21T13:35:12.230+0000] {dagbag.py:387} ERROR - Failed to import: /opt/airflow/dags/first_dag.py
Traceback (most recent call last):
  File "/home/airflow/.local/lib/python3.12/site-packages/airflow/models/dagbag.py", line 383, in parse
    loader.exec_module(new_module)
  File "<frozen importlib._bootstrap_external>", line 999, in exec_module
  File "<frozen importlib._bootstrap>", line 488, in _call_with_frames_removed
  File "/opt/airflow/dags/first_dag.py", line 4, in <module>
    dag1 = DAG(dag_id = "first_dag", start_date = datetime() )
                                                  ^^^^^^^^^^
TypeError: function missing required argument 'year' (pos 1)
[2026-08-21T13:35:12.232+0000] {processor.py:927} WARNING - No viable dags retrieved from /opt/airflow/dags/first_dag.py
[2026-08-21T13:35:12.247+0000] {processor.py:208} INFO - Processing /opt/airflow/dags/first_dag.py took 0.026 seconds
[2026-08-21T13:35:18.293+0000] {processor.py:186} INFO - Started process (PID=1035) to work on /opt/airflow/dags/first_dag.py
[2026-08-21T13:35:18.294+0000] {processor.py:914} INFO - Processing file /opt/airflow/dags/first_dag.py for tasks to queue
[2026-08-21T13:35:18.295+0000] {logging_mixin.py:190} INFO - [2026-08-21T13:35:18.295+0000] {dagbag.py:588} INFO - Filling up the DagBag from /opt/airflow/dags/first_dag.py
[2026-08-21T13:35:18.301+0000] {logging_mixin.py:190} INFO - [2026-08-21T13:35:18.299+0000] {dagbag.py:387} ERROR - Failed to import: /opt/airflow/dags/first_dag.py
Traceback (most recent call last):
  File "/home/airflow/.local/lib/python3.12/site-packages/airflow/models/dagbag.py", line 383, in parse
    loader.exec_module(new_module)
  File "<frozen importlib._bootstrap_external>", line 999, in exec_module
  File "<frozen importlib._bootstrap>", line 488, in _call_with_frames_removed
  File "/opt/airflow/dags/first_dag.py", line 4, in <module>
    dag1 = DAG(dag_id = "first_dag", start_date = datetime(2026,) )
                                                  ^^^^^^^^^^^^^^^
TypeError: function missing required argument 'month' (pos 2)
[2026-08-21T13:35:18.302+0000] {processor.py:927} WARNING - No viable dags retrieved from /opt/airflow/dags/first_dag.py
[2026-08-21T13:35:18.321+0000] {processor.py:208} INFO - Processing /opt/airflow/dags/first_dag.py took 0.032 seconds
[2026-08-21T13:35:24.340+0000] {processor.py:186} INFO - Started process (PID=1036) to work on /opt/airflow/dags/first_dag.py
[2026-08-21T13:35:24.348+0000] {processor.py:914} INFO - Processing file /opt/airflow/dags/first_dag.py for tasks to queue
[2026-08-21T13:35:24.349+0000] {logging_mixin.py:190} INFO - [2026-08-21T13:35:24.349+0000] {dagbag.py:588} INFO - Filling up the DagBag from /opt/airflow/dags/first_dag.py
[2026-08-21T13:35:24.354+0000] {logging_mixin.py:190} INFO - [2026-08-21T13:35:24.352+0000] {dagbag.py:387} ERROR - Failed to import: /opt/airflow/dags/first_dag.py
Traceback (most recent call last):
  File "/home/airflow/.local/lib/python3.12/site-packages/airflow/models/dagbag.py", line 383, in parse
    loader.exec_module(new_module)
  File "<frozen importlib._bootstrap_external>", line 995, in exec_module
  File "<frozen importlib._bootstrap_external>", line 1133, in get_code
  File "<frozen importlib._bootstrap_external>", line 1063, in source_to_code
  File "<frozen importlib._bootstrap>", line 488, in _call_with_frames_removed
  File "/opt/airflow/dags/first_dag.py", line 4
    dag1 = DAG(dag_id = "first_dag", start_date = datetime(2026,08,) )
                                                                ^
SyntaxError: leading zeros in decimal integer literals are not permitted; use an 0o prefix for octal integers
[2026-08-21T13:35:24.354+0000] {processor.py:927} WARNING - No viable dags retrieved from /opt/airflow/dags/first_dag.py
[2026-08-21T13:35:24.374+0000] {processor.py:208} INFO - Processing /opt/airflow/dags/first_dag.py took 0.038 seconds
[2026-08-21T13:35:26.398+0000] {processor.py:186} INFO - Started process (PID=1037) to work on /opt/airflow/dags/first_dag.py
[2026-08-21T13:35:26.399+0000] {processor.py:914} INFO - Processing file /opt/airflow/dags/first_dag.py for tasks to queue
[2026-08-21T13:35:26.402+0000] {logging_mixin.py:190} INFO - [2026-08-21T13:35:26.401+0000] {dagbag.py:588} INFO - Filling up the DagBag from /opt/airflow/dags/first_dag.py
[2026-08-21T13:35:26.406+0000] {logging_mixin.py:190} INFO - [2026-08-21T13:35:26.404+0000] {dagbag.py:387} ERROR - Failed to import: /opt/airflow/dags/first_dag.py
Traceback (most recent call last):
  File "/home/airflow/.local/lib/python3.12/site-packages/airflow/models/dagbag.py", line 383, in parse
    loader.exec_module(new_module)
  File "<frozen importlib._bootstrap_external>", line 995, in exec_module
  File "<frozen importlib._bootstrap_external>", line 1133, in get_code
  File "<frozen importlib._bootstrap_external>", line 1063, in source_to_code
  File "<frozen importlib._bootstrap>", line 488, in _call_with_frames_removed
  File "/opt/airflow/dags/first_dag.py", line 4
    dag1 = DAG(dag_id = "first_dag", start_date = datetime(2026,08,21   ) )
                                                                ^
SyntaxError: leading zeros in decimal integer literals are not permitted; use an 0o prefix for octal integers
[2026-08-21T13:35:26.406+0000] {processor.py:927} WARNING - No viable dags retrieved from /opt/airflow/dags/first_dag.py
[2026-08-21T13:35:26.427+0000] {processor.py:208} INFO - Processing /opt/airflow/dags/first_dag.py took 0.036 seconds
[2026-08-21T13:35:29.431+0000] {processor.py:186} INFO - Started process (PID=1038) to work on /opt/airflow/dags/first_dag.py
[2026-08-21T13:35:29.431+0000] {processor.py:914} INFO - Processing file /opt/airflow/dags/first_dag.py for tasks to queue
[2026-08-21T13:35:29.432+0000] {logging_mixin.py:190} INFO - [2026-08-21T13:35:29.432+0000] {dagbag.py:588} INFO - Filling up the DagBag from /opt/airflow/dags/first_dag.py
[2026-08-21T13:35:29.435+0000] {logging_mixin.py:190} INFO - [2026-08-21T13:35:29.434+0000] {dagbag.py:387} ERROR - Failed to import: /opt/airflow/dags/first_dag.py
Traceback (most recent call last):
  File "/home/airflow/.local/lib/python3.12/site-packages/airflow/models/dagbag.py", line 383, in parse
    loader.exec_module(new_module)
  File "<frozen importlib._bootstrap_external>", line 995, in exec_module
  File "<frozen importlib._bootstrap_external>", line 1133, in get_code
  File "<frozen importlib._bootstrap_external>", line 1063, in source_to_code
  File "<frozen importlib._bootstrap>", line 488, in _call_with_frames_removed
  File "/opt/airflow/dags/first_dag.py", line 4
    dag1 = DAG(dag_id = "first_dag", start_date = datetime(2026,08,21) )
                                                                ^
SyntaxError: leading zeros in decimal integer literals are not permitted; use an 0o prefix for octal integers
[2026-08-21T13:35:29.436+0000] {processor.py:927} WARNING - No viable dags retrieved from /opt/airflow/dags/first_dag.py
[2026-08-21T13:35:29.457+0000] {processor.py:208} INFO - Processing /opt/airflow/dags/first_dag.py took 0.032 seconds
[2026-08-21T13:35:31.486+0000] {processor.py:186} INFO - Started process (PID=1039) to work on /opt/airflow/dags/first_dag.py
[2026-08-21T13:35:31.486+0000] {processor.py:914} INFO - Processing file /opt/airflow/dags/first_dag.py for tasks to queue
[2026-08-21T13:35:31.487+0000] {logging_mixin.py:190} INFO - [2026-08-21T13:35:31.487+0000] {dagbag.py:588} INFO - Filling up the DagBag from /opt/airflow/dags/first_dag.py
[2026-08-21T13:35:31.492+0000] {logging_mixin.py:190} INFO - [2026-08-21T13:35:31.491+0000] {dagbag.py:387} ERROR - Failed to import: /opt/airflow/dags/first_dag.py
Traceback (most recent call last):
  File "/home/airflow/.local/lib/python3.12/site-packages/airflow/models/dagbag.py", line 383, in parse
    loader.exec_module(new_module)
  File "<frozen importlib._bootstrap_external>", line 995, in exec_module
  File "<frozen importlib._bootstrap_external>", line 1133, in get_code
  File "<frozen importlib._bootstrap_external>", line 1063, in source_to_code
  File "<frozen importlib._bootstrap>", line 488, in _call_with_frames_removed
  File "/opt/airflow/dags/first_dag.py", line 4
    dag1 = DAG(dag_id = "first_dag", start_date = datetime(2026,08,21), )
                                                                ^
SyntaxError: leading zeros in decimal integer literals are not permitted; use an 0o prefix for octal integers
[2026-08-21T13:35:31.493+0000] {processor.py:927} WARNING - No viable dags retrieved from /opt/airflow/dags/first_dag.py
[2026-08-21T13:35:31.509+0000] {processor.py:208} INFO - Processing /opt/airflow/dags/first_dag.py took 0.030 seconds
[2026-08-21T13:35:36.525+0000] {processor.py:186} INFO - Started process (PID=1046) to work on /opt/airflow/dags/first_dag.py
[2026-08-21T13:35:36.526+0000] {processor.py:914} INFO - Processing file /opt/airflow/dags/first_dag.py for tasks to queue
[2026-08-21T13:35:36.527+0000] {logging_mixin.py:190} INFO - [2026-08-21T13:35:36.527+0000] {dagbag.py:588} INFO - Filling up the DagBag from /opt/airflow/dags/first_dag.py
[2026-08-21T13:35:36.534+0000] {logging_mixin.py:190} INFO - [2026-08-21T13:35:36.530+0000] {dagbag.py:387} ERROR - Failed to import: /opt/airflow/dags/first_dag.py
Traceback (most recent call last):
  File "/home/airflow/.local/lib/python3.12/site-packages/airflow/models/dagbag.py", line 383, in parse
    loader.exec_module(new_module)
  File "<frozen importlib._bootstrap_external>", line 995, in exec_module
  File "<frozen importlib._bootstrap_external>", line 1133, in get_code
  File "<frozen importlib._bootstrap_external>", line 1063, in source_to_code
  File "<frozen importlib._bootstrap>", line 488, in _call_with_frames_removed
  File "/opt/airflow/dags/first_dag.py", line 4
    dag1 = DAG(dag_id = "first_dag", start_date = datetime(2026,08,21), catchup )
                                                                ^
SyntaxError: leading zeros in decimal integer literals are not permitted; use an 0o prefix for octal integers
[2026-08-21T13:35:36.535+0000] {processor.py:927} WARNING - No viable dags retrieved from /opt/airflow/dags/first_dag.py
[2026-08-21T13:35:36.555+0000] {processor.py:208} INFO - Processing /opt/airflow/dags/first_dag.py took 0.035 seconds
[2026-08-21T13:35:37.585+0000] {processor.py:186} INFO - Started process (PID=1047) to work on /opt/airflow/dags/first_dag.py
[2026-08-21T13:35:37.586+0000] {processor.py:914} INFO - Processing file /opt/airflow/dags/first_dag.py for tasks to queue
[2026-08-21T13:35:37.588+0000] {logging_mixin.py:190} INFO - [2026-08-21T13:35:37.587+0000] {dagbag.py:588} INFO - Filling up the DagBag from /opt/airflow/dags/first_dag.py
[2026-08-21T13:35:37.595+0000] {logging_mixin.py:190} INFO - [2026-08-21T13:35:37.594+0000] {dagbag.py:387} ERROR - Failed to import: /opt/airflow/dags/first_dag.py
Traceback (most recent call last):
  File "/home/airflow/.local/lib/python3.12/site-packages/airflow/models/dagbag.py", line 383, in parse
    loader.exec_module(new_module)
  File "<frozen importlib._bootstrap_external>", line 995, in exec_module
  File "<frozen importlib._bootstrap_external>", line 1133, in get_code
  File "<frozen importlib._bootstrap_external>", line 1063, in source_to_code
  File "<frozen importlib._bootstrap>", line 488, in _call_with_frames_removed
  File "/opt/airflow/dags/first_dag.py", line 4
    dag1 = DAG(dag_id = "first_dag", start_date = datetime(2026,08,21), catchup= )
                                                                ^
SyntaxError: leading zeros in decimal integer literals are not permitted; use an 0o prefix for octal integers
[2026-08-21T13:35:37.595+0000] {processor.py:927} WARNING - No viable dags retrieved from /opt/airflow/dags/first_dag.py
[2026-08-21T13:35:37.625+0000] {processor.py:208} INFO - Processing /opt/airflow/dags/first_dag.py took 0.049 seconds
[2026-08-21T13:35:41.625+0000] {processor.py:186} INFO - Started process (PID=1048) to work on /opt/airflow/dags/first_dag.py
[2026-08-21T13:35:41.626+0000] {processor.py:914} INFO - Processing file /opt/airflow/dags/first_dag.py for tasks to queue
[2026-08-21T13:35:41.627+0000] {logging_mixin.py:190} INFO - [2026-08-21T13:35:41.627+0000] {dagbag.py:588} INFO - Filling up the DagBag from /opt/airflow/dags/first_dag.py
[2026-08-21T13:35:41.631+0000] {logging_mixin.py:190} INFO - [2026-08-21T13:35:41.630+0000] {dagbag.py:387} ERROR - Failed to import: /opt/airflow/dags/first_dag.py
Traceback (most recent call last):
  File "/home/airflow/.local/lib/python3.12/site-packages/airflow/models/dagbag.py", line 383, in parse
    loader.exec_module(new_module)
  File "<frozen importlib._bootstrap_external>", line 995, in exec_module
  File "<frozen importlib._bootstrap_external>", line 1133, in get_code
  File "<frozen importlib._bootstrap_external>", line 1063, in source_to_code
  File "<frozen importlib._bootstrap>", line 488, in _call_with_frames_removed
  File "/opt/airflow/dags/first_dag.py", line 4
    dag1 = DAG(dag_id = "first_dag", start_date = datetime(2026,08,21), catchup = )
                                                                ^
SyntaxError: leading zeros in decimal integer literals are not permitted; use an 0o prefix for octal integers
[2026-08-21T13:35:41.632+0000] {processor.py:927} WARNING - No viable dags retrieved from /opt/airflow/dags/first_dag.py
[2026-08-21T13:35:41.648+0000] {processor.py:208} INFO - Processing /opt/airflow/dags/first_dag.py took 0.031 seconds
[2026-08-21T13:35:44.690+0000] {processor.py:186} INFO - Started process (PID=1049) to work on /opt/airflow/dags/first_dag.py
[2026-08-21T13:35:44.690+0000] {processor.py:914} INFO - Processing file /opt/airflow/dags/first_dag.py for tasks to queue
[2026-08-21T13:35:44.691+0000] {logging_mixin.py:190} INFO - [2026-08-21T13:35:44.691+0000] {dagbag.py:588} INFO - Filling up the DagBag from /opt/airflow/dags/first_dag.py
[2026-08-21T13:35:44.694+0000] {logging_mixin.py:190} INFO - [2026-08-21T13:35:44.693+0000] {dagbag.py:387} ERROR - Failed to import: /opt/airflow/dags/first_dag.py
Traceback (most recent call last):
  File "/home/airflow/.local/lib/python3.12/site-packages/airflow/models/dagbag.py", line 383, in parse
    loader.exec_module(new_module)
  File "<frozen importlib._bootstrap_external>", line 995, in exec_module
  File "<frozen importlib._bootstrap_external>", line 1133, in get_code
  File "<frozen importlib._bootstrap_external>", line 1063, in source_to_code
  File "<frozen importlib._bootstrap>", line 488, in _call_with_frames_removed
  File "/opt/airflow/dags/first_dag.py", line 4
    dag1 = DAG(dag_id = "first_dag", start_date = datetime(2026,08,21), catchup = F)
                                                                ^
SyntaxError: leading zeros in decimal integer literals are not permitted; use an 0o prefix for octal integers
[2026-08-21T13:35:44.694+0000] {processor.py:927} WARNING - No viable dags retrieved from /opt/airflow/dags/first_dag.py
[2026-08-21T13:35:44.717+0000] {processor.py:208} INFO - Processing /opt/airflow/dags/first_dag.py took 0.032 seconds
[2026-08-21T13:35:47.723+0000] {processor.py:186} INFO - Started process (PID=1050) to work on /opt/airflow/dags/first_dag.py
[2026-08-21T13:35:47.724+0000] {processor.py:914} INFO - Processing file /opt/airflow/dags/first_dag.py for tasks to queue
[2026-08-21T13:35:47.725+0000] {logging_mixin.py:190} INFO - [2026-08-21T13:35:47.725+0000] {dagbag.py:588} INFO - Filling up the DagBag from /opt/airflow/dags/first_dag.py
[2026-08-21T13:35:47.727+0000] {logging_mixin.py:190} INFO - [2026-08-21T13:35:47.727+0000] {dagbag.py:387} ERROR - Failed to import: /opt/airflow/dags/first_dag.py
Traceback (most recent call last):
  File "/home/airflow/.local/lib/python3.12/site-packages/airflow/models/dagbag.py", line 383, in parse
    loader.exec_module(new_module)
  File "<frozen importlib._bootstrap_external>", line 995, in exec_module
  File "<frozen importlib._bootstrap_external>", line 1133, in get_code
  File "<frozen importlib._bootstrap_external>", line 1063, in source_to_code
  File "<frozen importlib._bootstrap>", line 488, in _call_with_frames_removed
  File "/opt/airflow/dags/first_dag.py", line 4
    dag1 = DAG(dag_id = "first_dag", start_date = datetime(2026,08,21), catchup = False)
                                                                ^
SyntaxError: leading zeros in decimal integer literals are not permitted; use an 0o prefix for octal integers
[2026-08-21T13:35:47.728+0000] {processor.py:927} WARNING - No viable dags retrieved from /opt/airflow/dags/first_dag.py
[2026-08-21T13:35:47.746+0000] {processor.py:208} INFO - Processing /opt/airflow/dags/first_dag.py took 0.028 seconds
[2026-08-21T13:35:49.786+0000] {processor.py:186} INFO - Started process (PID=1051) to work on /opt/airflow/dags/first_dag.py
[2026-08-21T13:35:49.788+0000] {processor.py:914} INFO - Processing file /opt/airflow/dags/first_dag.py for tasks to queue
[2026-08-21T13:35:49.790+0000] {logging_mixin.py:190} INFO - [2026-08-21T13:35:49.789+0000] {dagbag.py:588} INFO - Filling up the DagBag from /opt/airflow/dags/first_dag.py
[2026-08-21T13:35:49.796+0000] {logging_mixin.py:190} INFO - [2026-08-21T13:35:49.794+0000] {dagbag.py:387} ERROR - Failed to import: /opt/airflow/dags/first_dag.py
Traceback (most recent call last):
  File "/home/airflow/.local/lib/python3.12/site-packages/airflow/models/dagbag.py", line 383, in parse
    loader.exec_module(new_module)
  File "<frozen importlib._bootstrap_external>", line 995, in exec_module
  File "<frozen importlib._bootstrap_external>", line 1133, in get_code
  File "<frozen importlib._bootstrap_external>", line 1063, in source_to_code
  File "<frozen importlib._bootstrap>", line 488, in _call_with_frames_removed
  File "/opt/airflow/dags/first_dag.py", line 4
    dag1 = DAG(dag_id = "first_dag", start_date = datetime(2026,08,21), catchup = False )
                                                                ^
SyntaxError: leading zeros in decimal integer literals are not permitted; use an 0o prefix for octal integers
[2026-08-21T13:35:49.797+0000] {processor.py:927} WARNING - No viable dags retrieved from /opt/airflow/dags/first_dag.py
[2026-08-21T13:35:49.830+0000] {processor.py:208} INFO - Processing /opt/airflow/dags/first_dag.py took 0.052 seconds
[2026-08-21T13:35:52.823+0000] {processor.py:186} INFO - Started process (PID=1052) to work on /opt/airflow/dags/first_dag.py
[2026-08-21T13:35:52.824+0000] {processor.py:914} INFO - Processing file /opt/airflow/dags/first_dag.py for tasks to queue
[2026-08-21T13:35:52.825+0000] {logging_mixin.py:190} INFO - [2026-08-21T13:35:52.825+0000] {dagbag.py:588} INFO - Filling up the DagBag from /opt/airflow/dags/first_dag.py
[2026-08-21T13:35:52.829+0000] {logging_mixin.py:190} INFO - [2026-08-21T13:35:52.827+0000] {dagbag.py:387} ERROR - Failed to import: /opt/airflow/dags/first_dag.py
Traceback (most recent call last):
  File "/home/airflow/.local/lib/python3.12/site-packages/airflow/models/dagbag.py", line 383, in parse
    loader.exec_module(new_module)
  File "<frozen importlib._bootstrap_external>", line 995, in exec_module
  File "<frozen importlib._bootstrap_external>", line 1133, in get_code
  File "<frozen importlib._bootstrap_external>", line 1063, in source_to_code
  File "<frozen importlib._bootstrap>", line 488, in _call_with_frames_removed
  File "/opt/airflow/dags/first_dag.py", line 4
    dag1 = DAG(dag_id = "first_dag", start_date = datetime(2026,08,21), catchup = False )
                                                                ^
SyntaxError: leading zeros in decimal integer literals are not permitted; use an 0o prefix for octal integers
[2026-08-21T13:35:52.830+0000] {processor.py:927} WARNING - No viable dags retrieved from /opt/airflow/dags/first_dag.py
[2026-08-21T13:35:52.857+0000] {processor.py:208} INFO - Processing /opt/airflow/dags/first_dag.py took 0.041 seconds
[2026-08-21T13:36:22.968+0000] {processor.py:186} INFO - Started process (PID=1059) to work on /opt/airflow/dags/first_dag.py
[2026-08-21T13:36:22.975+0000] {processor.py:914} INFO - Processing file /opt/airflow/dags/first_dag.py for tasks to queue
[2026-08-21T13:36:22.977+0000] {logging_mixin.py:190} INFO - [2026-08-21T13:36:22.976+0000] {dagbag.py:588} INFO - Filling up the DagBag from /opt/airflow/dags/first_dag.py
[2026-08-21T13:36:22.981+0000] {logging_mixin.py:190} INFO - [2026-08-21T13:36:22.980+0000] {dagbag.py:387} ERROR - Failed to import: /opt/airflow/dags/first_dag.py
Traceback (most recent call last):
  File "/home/airflow/.local/lib/python3.12/site-packages/airflow/models/dagbag.py", line 383, in parse
    loader.exec_module(new_module)
  File "<frozen importlib._bootstrap_external>", line 995, in exec_module
  File "<frozen importlib._bootstrap_external>", line 1133, in get_code
  File "<frozen importlib._bootstrap_external>", line 1063, in source_to_code
  File "<frozen importlib._bootstrap>", line 488, in _call_with_frames_removed
  File "/opt/airflow/dags/first_dag.py", line 4
    dag1 = DAG(dag_id = "first_dag", start_date = datetime(2026,08,21), catchup = False )
                                                                ^
SyntaxError: leading zeros in decimal integer literals are not permitted; use an 0o prefix for octal integers
[2026-08-21T13:36:22.981+0000] {processor.py:927} WARNING - No viable dags retrieved from /opt/airflow/dags/first_dag.py
[2026-08-21T13:36:22.998+0000] {processor.py:208} INFO - Processing /opt/airflow/dags/first_dag.py took 0.035 seconds
[2026-08-21T13:36:53.152+0000] {processor.py:186} INFO - Started process (PID=1066) to work on /opt/airflow/dags/first_dag.py
[2026-08-21T13:36:53.153+0000] {processor.py:914} INFO - Processing file /opt/airflow/dags/first_dag.py for tasks to queue
[2026-08-21T13:36:53.154+0000] {logging_mixin.py:190} INFO - [2026-08-21T13:36:53.154+0000] {dagbag.py:588} INFO - Filling up the DagBag from /opt/airflow/dags/first_dag.py
[2026-08-21T13:36:53.158+0000] {logging_mixin.py:190} INFO - [2026-08-21T13:36:53.157+0000] {dagbag.py:387} ERROR - Failed to import: /opt/airflow/dags/first_dag.py
Traceback (most recent call last):
  File "/home/airflow/.local/lib/python3.12/site-packages/airflow/models/dagbag.py", line 383, in parse
    loader.exec_module(new_module)
  File "<frozen importlib._bootstrap_external>", line 995, in exec_module
  File "<frozen importlib._bootstrap_external>", line 1133, in get_code
  File "<frozen importlib._bootstrap_external>", line 1063, in source_to_code
  File "<frozen importlib._bootstrap>", line 488, in _call_with_frames_removed
  File "/opt/airflow/dags/first_dag.py", line 4
    dag1 = DAG(dag_id = "first_dag", start_date = datetime(2026,08,21), catchup = False )
                                                                ^
SyntaxError: leading zeros in decimal integer literals are not permitted; use an 0o prefix for octal integers
[2026-08-21T13:36:53.159+0000] {processor.py:927} WARNING - No viable dags retrieved from /opt/airflow/dags/first_dag.py
[2026-08-21T13:36:53.177+0000] {processor.py:208} INFO - Processing /opt/airflow/dags/first_dag.py took 0.030 seconds
[2026-08-21T13:37:23.304+0000] {processor.py:186} INFO - Started process (PID=1073) to work on /opt/airflow/dags/first_dag.py
[2026-08-21T13:37:23.311+0000] {processor.py:914} INFO - Processing file /opt/airflow/dags/first_dag.py for tasks to queue
[2026-08-21T13:37:23.312+0000] {logging_mixin.py:190} INFO - [2026-08-21T13:37:23.311+0000] {dagbag.py:588} INFO - Filling up the DagBag from /opt/airflow/dags/first_dag.py
[2026-08-21T13:37:23.316+0000] {logging_mixin.py:190} INFO - [2026-08-21T13:37:23.315+0000] {dagbag.py:387} ERROR - Failed to import: /opt/airflow/dags/first_dag.py
Traceback (most recent call last):
  File "/home/airflow/.local/lib/python3.12/site-packages/airflow/models/dagbag.py", line 383, in parse
    loader.exec_module(new_module)
  File "<frozen importlib._bootstrap_external>", line 995, in exec_module
  File "<frozen importlib._bootstrap_external>", line 1133, in get_code
  File "<frozen importlib._bootstrap_external>", line 1063, in source_to_code
  File "<frozen importlib._bootstrap>", line 488, in _call_with_frames_removed
  File "/opt/airflow/dags/first_dag.py", line 4
    dag1 = DAG(dag_id = "first_dag", start_date = datetime(2026,08,21), catchup = False )
                                                                ^
SyntaxError: leading zeros in decimal integer literals are not permitted; use an 0o prefix for octal integers
[2026-08-21T13:37:23.316+0000] {processor.py:927} WARNING - No viable dags retrieved from /opt/airflow/dags/first_dag.py
[2026-08-21T13:37:23.332+0000] {processor.py:208} INFO - Processing /opt/airflow/dags/first_dag.py took 0.033 seconds
[2026-08-21T13:37:53.466+0000] {processor.py:186} INFO - Started process (PID=1080) to work on /opt/airflow/dags/first_dag.py
[2026-08-21T13:37:53.467+0000] {processor.py:914} INFO - Processing file /opt/airflow/dags/first_dag.py for tasks to queue
[2026-08-21T13:37:53.468+0000] {logging_mixin.py:190} INFO - [2026-08-21T13:37:53.467+0000] {dagbag.py:588} INFO - Filling up the DagBag from /opt/airflow/dags/first_dag.py
[2026-08-21T13:37:53.470+0000] {logging_mixin.py:190} INFO - [2026-08-21T13:37:53.469+0000] {dagbag.py:387} ERROR - Failed to import: /opt/airflow/dags/first_dag.py
Traceback (most recent call last):
  File "/home/airflow/.local/lib/python3.12/site-packages/airflow/models/dagbag.py", line 383, in parse
    loader.exec_module(new_module)
  File "<frozen importlib._bootstrap_external>", line 995, in exec_module
  File "<frozen importlib._bootstrap_external>", line 1133, in get_code
  File "<frozen importlib._bootstrap_external>", line 1063, in source_to_code
  File "<frozen importlib._bootstrap>", line 488, in _call_with_frames_removed
  File "/opt/airflow/dags/first_dag.py", line 4
    dag1 = DAG(dag_id = "first_dag", start_date = datetime(2026,08,21), catchup = False )
                                                                ^
SyntaxError: leading zeros in decimal integer literals are not permitted; use an 0o prefix for octal integers
[2026-08-21T13:37:53.470+0000] {processor.py:927} WARNING - No viable dags retrieved from /opt/airflow/dags/first_dag.py
[2026-08-21T13:37:53.489+0000] {processor.py:208} INFO - Processing /opt/airflow/dags/first_dag.py took 0.029 seconds
[2026-08-21T13:38:23.643+0000] {processor.py:186} INFO - Started process (PID=1087) to work on /opt/airflow/dags/first_dag.py
[2026-08-21T13:38:23.651+0000] {processor.py:914} INFO - Processing file /opt/airflow/dags/first_dag.py for tasks to queue
[2026-08-21T13:38:23.654+0000] {logging_mixin.py:190} INFO - [2026-08-21T13:38:23.653+0000] {dagbag.py:588} INFO - Filling up the DagBag from /opt/airflow/dags/first_dag.py
[2026-08-21T13:38:23.662+0000] {logging_mixin.py:190} INFO - [2026-08-21T13:38:23.658+0000] {dagbag.py:387} ERROR - Failed to import: /opt/airflow/dags/first_dag.py
Traceback (most recent call last):
  File "/home/airflow/.local/lib/python3.12/site-packages/airflow/models/dagbag.py", line 383, in parse
    loader.exec_module(new_module)
  File "<frozen importlib._bootstrap_external>", line 995, in exec_module
  File "<frozen importlib._bootstrap_external>", line 1133, in get_code
  File "<frozen importlib._bootstrap_external>", line 1063, in source_to_code
  File "<frozen importlib._bootstrap>", line 488, in _call_with_frames_removed
  File "/opt/airflow/dags/first_dag.py", line 4
    dag1 = DAG(dag_id = "first_dag", start_date = datetime(2026,08,21), catchup = False )
                                                                ^
SyntaxError: leading zeros in decimal integer literals are not permitted; use an 0o prefix for octal integers
[2026-08-21T13:38:23.663+0000] {processor.py:927} WARNING - No viable dags retrieved from /opt/airflow/dags/first_dag.py
[2026-08-21T13:38:23.689+0000] {processor.py:208} INFO - Processing /opt/airflow/dags/first_dag.py took 0.053 seconds
[2026-08-21T13:38:53.800+0000] {processor.py:186} INFO - Started process (PID=1093) to work on /opt/airflow/dags/first_dag.py
[2026-08-21T13:38:53.801+0000] {processor.py:914} INFO - Processing file /opt/airflow/dags/first_dag.py for tasks to queue
[2026-08-21T13:38:53.804+0000] {logging_mixin.py:190} INFO - [2026-08-21T13:38:53.803+0000] {dagbag.py:588} INFO - Filling up the DagBag from /opt/airflow/dags/first_dag.py
[2026-08-21T13:38:53.808+0000] {logging_mixin.py:190} INFO - [2026-08-21T13:38:53.807+0000] {dagbag.py:387} ERROR - Failed to import: /opt/airflow/dags/first_dag.py
Traceback (most recent call last):
  File "/home/airflow/.local/lib/python3.12/site-packages/airflow/models/dagbag.py", line 383, in parse
    loader.exec_module(new_module)
  File "<frozen importlib._bootstrap_external>", line 995, in exec_module
  File "<frozen importlib._bootstrap_external>", line 1133, in get_code
  File "<frozen importlib._bootstrap_external>", line 1063, in source_to_code
  File "<frozen importlib._bootstrap>", line 488, in _call_with_frames_removed
  File "/opt/airflow/dags/first_dag.py", line 4
    dag1 = DAG(dag_id = "first_dag", start_date = datetime(2026,08,21), catchup = False )
                                                                ^
SyntaxError: leading zeros in decimal integer literals are not permitted; use an 0o prefix for octal integers
[2026-08-21T13:38:53.809+0000] {processor.py:927} WARNING - No viable dags retrieved from /opt/airflow/dags/first_dag.py
[2026-08-21T13:38:53.824+0000] {processor.py:208} INFO - Processing /opt/airflow/dags/first_dag.py took 0.030 seconds
[2026-08-21T13:39:23.947+0000] {processor.py:186} INFO - Started process (PID=1100) to work on /opt/airflow/dags/first_dag.py
[2026-08-21T13:39:23.954+0000] {processor.py:914} INFO - Processing file /opt/airflow/dags/first_dag.py for tasks to queue
[2026-08-21T13:39:23.955+0000] {logging_mixin.py:190} INFO - [2026-08-21T13:39:23.955+0000] {dagbag.py:588} INFO - Filling up the DagBag from /opt/airflow/dags/first_dag.py
[2026-08-21T13:39:23.957+0000] {logging_mixin.py:190} INFO - [2026-08-21T13:39:23.956+0000] {dagbag.py:387} ERROR - Failed to import: /opt/airflow/dags/first_dag.py
Traceback (most recent call last):
  File "/home/airflow/.local/lib/python3.12/site-packages/airflow/models/dagbag.py", line 383, in parse
    loader.exec_module(new_module)
  File "<frozen importlib._bootstrap_external>", line 995, in exec_module
  File "<frozen importlib._bootstrap_external>", line 1133, in get_code
  File "<frozen importlib._bootstrap_external>", line 1063, in source_to_code
  File "<frozen importlib._bootstrap>", line 488, in _call_with_frames_removed
  File "/opt/airflow/dags/first_dag.py", line 4
    dag1 = DAG(dag_id = "first_dag", start_date = datetime(2026,08,21), catchup = False )
                                                                ^
SyntaxError: leading zeros in decimal integer literals are not permitted; use an 0o prefix for octal integers
[2026-08-21T13:39:23.958+0000] {processor.py:927} WARNING - No viable dags retrieved from /opt/airflow/dags/first_dag.py
[2026-08-21T13:39:23.972+0000] {processor.py:208} INFO - Processing /opt/airflow/dags/first_dag.py took 0.032 seconds
[2026-08-21T13:39:54.101+0000] {processor.py:186} INFO - Started process (PID=1107) to work on /opt/airflow/dags/first_dag.py
[2026-08-21T13:39:54.101+0000] {processor.py:914} INFO - Processing file /opt/airflow/dags/first_dag.py for tasks to queue
[2026-08-21T13:39:54.102+0000] {logging_mixin.py:190} INFO - [2026-08-21T13:39:54.102+0000] {dagbag.py:588} INFO - Filling up the DagBag from /opt/airflow/dags/first_dag.py
[2026-08-21T13:39:54.105+0000] {logging_mixin.py:190} INFO - [2026-08-21T13:39:54.104+0000] {dagbag.py:387} ERROR - Failed to import: /opt/airflow/dags/first_dag.py
Traceback (most recent call last):
  File "/home/airflow/.local/lib/python3.12/site-packages/airflow/models/dagbag.py", line 383, in parse
    loader.exec_module(new_module)
  File "<frozen importlib._bootstrap_external>", line 995, in exec_module
  File "<frozen importlib._bootstrap_external>", line 1133, in get_code
  File "<frozen importlib._bootstrap_external>", line 1063, in source_to_code
  File "<frozen importlib._bootstrap>", line 488, in _call_with_frames_removed
  File "/opt/airflow/dags/first_dag.py", line 4
    dag1 = DAG(dag_id = "first_dag", start_date = datetime(2026,08,21), catchup = False )
                                                                ^
SyntaxError: leading zeros in decimal integer literals are not permitted; use an 0o prefix for octal integers
[2026-08-21T13:39:54.106+0000] {processor.py:927} WARNING - No viable dags retrieved from /opt/airflow/dags/first_dag.py
[2026-08-21T13:39:54.121+0000] {processor.py:208} INFO - Processing /opt/airflow/dags/first_dag.py took 0.028 seconds
[2026-08-21T13:40:24.266+0000] {processor.py:186} INFO - Started process (PID=1114) to work on /opt/airflow/dags/first_dag.py
[2026-08-21T13:40:24.273+0000] {processor.py:914} INFO - Processing file /opt/airflow/dags/first_dag.py for tasks to queue
[2026-08-21T13:40:24.274+0000] {logging_mixin.py:190} INFO - [2026-08-21T13:40:24.273+0000] {dagbag.py:588} INFO - Filling up the DagBag from /opt/airflow/dags/first_dag.py
[2026-08-21T13:40:24.276+0000] {logging_mixin.py:190} INFO - [2026-08-21T13:40:24.275+0000] {dagbag.py:387} ERROR - Failed to import: /opt/airflow/dags/first_dag.py
Traceback (most recent call last):
  File "/home/airflow/.local/lib/python3.12/site-packages/airflow/models/dagbag.py", line 383, in parse
    loader.exec_module(new_module)
  File "<frozen importlib._bootstrap_external>", line 995, in exec_module
  File "<frozen importlib._bootstrap_external>", line 1133, in get_code
  File "<frozen importlib._bootstrap_external>", line 1063, in source_to_code
  File "<frozen importlib._bootstrap>", line 488, in _call_with_frames_removed
  File "/opt/airflow/dags/first_dag.py", line 4
    dag1 = DAG(dag_id = "first_dag", start_date = datetime(2026,08,21), catchup = False )
                                                                ^
SyntaxError: leading zeros in decimal integer literals are not permitted; use an 0o prefix for octal integers
[2026-08-21T13:40:24.276+0000] {processor.py:927} WARNING - No viable dags retrieved from /opt/airflow/dags/first_dag.py
[2026-08-21T13:40:24.292+0000] {processor.py:208} INFO - Processing /opt/airflow/dags/first_dag.py took 0.033 seconds
[2026-08-21T13:40:54.413+0000] {processor.py:186} INFO - Started process (PID=1121) to work on /opt/airflow/dags/first_dag.py
[2026-08-21T13:40:54.413+0000] {processor.py:914} INFO - Processing file /opt/airflow/dags/first_dag.py for tasks to queue
[2026-08-21T13:40:54.414+0000] {logging_mixin.py:190} INFO - [2026-08-21T13:40:54.414+0000] {dagbag.py:588} INFO - Filling up the DagBag from /opt/airflow/dags/first_dag.py
[2026-08-21T13:40:54.417+0000] {logging_mixin.py:190} INFO - [2026-08-21T13:40:54.416+0000] {dagbag.py:387} ERROR - Failed to import: /opt/airflow/dags/first_dag.py
Traceback (most recent call last):
  File "/home/airflow/.local/lib/python3.12/site-packages/airflow/models/dagbag.py", line 383, in parse
    loader.exec_module(new_module)
  File "<frozen importlib._bootstrap_external>", line 995, in exec_module
  File "<frozen importlib._bootstrap_external>", line 1133, in get_code
  File "<frozen importlib._bootstrap_external>", line 1063, in source_to_code
  File "<frozen importlib._bootstrap>", line 488, in _call_with_frames_removed
  File "/opt/airflow/dags/first_dag.py", line 4
    dag1 = DAG(dag_id = "first_dag", start_date = datetime(2026,08,21), catchup = False )
                                                                ^
SyntaxError: leading zeros in decimal integer literals are not permitted; use an 0o prefix for octal integers
[2026-08-21T13:40:54.417+0000] {processor.py:927} WARNING - No viable dags retrieved from /opt/airflow/dags/first_dag.py
[2026-08-21T13:40:54.435+0000] {processor.py:208} INFO - Processing /opt/airflow/dags/first_dag.py took 0.026 seconds
[2026-08-21T13:41:24.576+0000] {processor.py:186} INFO - Started process (PID=1128) to work on /opt/airflow/dags/first_dag.py
[2026-08-21T13:41:24.583+0000] {processor.py:914} INFO - Processing file /opt/airflow/dags/first_dag.py for tasks to queue
[2026-08-21T13:41:24.585+0000] {logging_mixin.py:190} INFO - [2026-08-21T13:41:24.584+0000] {dagbag.py:588} INFO - Filling up the DagBag from /opt/airflow/dags/first_dag.py
[2026-08-21T13:41:24.588+0000] {logging_mixin.py:190} INFO - [2026-08-21T13:41:24.587+0000] {dagbag.py:387} ERROR - Failed to import: /opt/airflow/dags/first_dag.py
Traceback (most recent call last):
  File "/home/airflow/.local/lib/python3.12/site-packages/airflow/models/dagbag.py", line 383, in parse
    loader.exec_module(new_module)
  File "<frozen importlib._bootstrap_external>", line 995, in exec_module
  File "<frozen importlib._bootstrap_external>", line 1133, in get_code
  File "<frozen importlib._bootstrap_external>", line 1063, in source_to_code
  File "<frozen importlib._bootstrap>", line 488, in _call_with_frames_removed
  File "/opt/airflow/dags/first_dag.py", line 4
    dag1 = DAG(dag_id = "first_dag", start_date = datetime(2026,08,21), catchup = False )
                                                                ^
SyntaxError: leading zeros in decimal integer literals are not permitted; use an 0o prefix for octal integers
[2026-08-21T13:41:24.589+0000] {processor.py:927} WARNING - No viable dags retrieved from /opt/airflow/dags/first_dag.py
[2026-08-21T13:41:24.606+0000] {processor.py:208} INFO - Processing /opt/airflow/dags/first_dag.py took 0.037 seconds
[2026-08-21T13:41:54.722+0000] {processor.py:186} INFO - Started process (PID=1135) to work on /opt/airflow/dags/first_dag.py
[2026-08-21T13:41:54.722+0000] {processor.py:914} INFO - Processing file /opt/airflow/dags/first_dag.py for tasks to queue
[2026-08-21T13:41:54.723+0000] {logging_mixin.py:190} INFO - [2026-08-21T13:41:54.723+0000] {dagbag.py:588} INFO - Filling up the DagBag from /opt/airflow/dags/first_dag.py
[2026-08-21T13:41:54.725+0000] {logging_mixin.py:190} INFO - [2026-08-21T13:41:54.725+0000] {dagbag.py:387} ERROR - Failed to import: /opt/airflow/dags/first_dag.py
Traceback (most recent call last):
  File "/home/airflow/.local/lib/python3.12/site-packages/airflow/models/dagbag.py", line 383, in parse
    loader.exec_module(new_module)
  File "<frozen importlib._bootstrap_external>", line 995, in exec_module
  File "<frozen importlib._bootstrap_external>", line 1133, in get_code
  File "<frozen importlib._bootstrap_external>", line 1063, in source_to_code
  File "<frozen importlib._bootstrap>", line 488, in _call_with_frames_removed
  File "/opt/airflow/dags/first_dag.py", line 4
    dag1 = DAG(dag_id = "first_dag", start_date = datetime(2026,08,21), catchup = False )
                                                                ^
SyntaxError: leading zeros in decimal integer literals are not permitted; use an 0o prefix for octal integers
[2026-08-21T13:41:54.726+0000] {processor.py:927} WARNING - No viable dags retrieved from /opt/airflow/dags/first_dag.py
[2026-08-21T13:41:54.745+0000] {processor.py:208} INFO - Processing /opt/airflow/dags/first_dag.py took 0.029 seconds
[2026-08-21T13:42:24.888+0000] {processor.py:186} INFO - Started process (PID=1142) to work on /opt/airflow/dags/first_dag.py
[2026-08-21T13:42:24.895+0000] {processor.py:914} INFO - Processing file /opt/airflow/dags/first_dag.py for tasks to queue
[2026-08-21T13:42:24.896+0000] {logging_mixin.py:190} INFO - [2026-08-21T13:42:24.896+0000] {dagbag.py:588} INFO - Filling up the DagBag from /opt/airflow/dags/first_dag.py
[2026-08-21T13:42:24.899+0000] {logging_mixin.py:190} INFO - [2026-08-21T13:42:24.898+0000] {dagbag.py:387} ERROR - Failed to import: /opt/airflow/dags/first_dag.py
Traceback (most recent call last):
  File "/home/airflow/.local/lib/python3.12/site-packages/airflow/models/dagbag.py", line 383, in parse
    loader.exec_module(new_module)
  File "<frozen importlib._bootstrap_external>", line 995, in exec_module
  File "<frozen importlib._bootstrap_external>", line 1133, in get_code
  File "<frozen importlib._bootstrap_external>", line 1063, in source_to_code
  File "<frozen importlib._bootstrap>", line 488, in _call_with_frames_removed
  File "/opt/airflow/dags/first_dag.py", line 4
    dag1 = DAG(dag_id = "first_dag", start_date = datetime(2026,08,21), catchup = False )
                                                                ^
SyntaxError: leading zeros in decimal integer literals are not permitted; use an 0o prefix for octal integers
[2026-08-21T13:42:24.899+0000] {processor.py:927} WARNING - No viable dags retrieved from /opt/airflow/dags/first_dag.py
[2026-08-21T13:42:24.916+0000] {processor.py:208} INFO - Processing /opt/airflow/dags/first_dag.py took 0.033 seconds
[2026-08-21T13:42:55.030+0000] {processor.py:186} INFO - Started process (PID=1150) to work on /opt/airflow/dags/first_dag.py
[2026-08-21T13:42:55.030+0000] {processor.py:914} INFO - Processing file /opt/airflow/dags/first_dag.py for tasks to queue
[2026-08-21T13:42:55.032+0000] {logging_mixin.py:190} INFO - [2026-08-21T13:42:55.032+0000] {dagbag.py:588} INFO - Filling up the DagBag from /opt/airflow/dags/first_dag.py
[2026-08-21T13:42:55.036+0000] {logging_mixin.py:190} INFO - [2026-08-21T13:42:55.034+0000] {dagbag.py:387} ERROR - Failed to import: /opt/airflow/dags/first_dag.py
Traceback (most recent call last):
  File "/home/airflow/.local/lib/python3.12/site-packages/airflow/models/dagbag.py", line 383, in parse
    loader.exec_module(new_module)
  File "<frozen importlib._bootstrap_external>", line 995, in exec_module
  File "<frozen importlib._bootstrap_external>", line 1133, in get_code
  File "<frozen importlib._bootstrap_external>", line 1063, in source_to_code
  File "<frozen importlib._bootstrap>", line 488, in _call_with_frames_removed
  File "/opt/airflow/dags/first_dag.py", line 4
    dag1 = DAG(dag_id = "first_dag", start_date = datetime(2026,08,21), catchup = False )
                                                                ^
SyntaxError: leading zeros in decimal integer literals are not permitted; use an 0o prefix for octal integers
[2026-08-21T13:42:55.036+0000] {processor.py:927} WARNING - No viable dags retrieved from /opt/airflow/dags/first_dag.py
[2026-08-21T13:42:55.053+0000] {processor.py:208} INFO - Processing /opt/airflow/dags/first_dag.py took 0.028 seconds
[2026-08-21T13:43:25.187+0000] {processor.py:186} INFO - Started process (PID=1157) to work on /opt/airflow/dags/first_dag.py
[2026-08-21T13:43:25.189+0000] {processor.py:914} INFO - Processing file /opt/airflow/dags/first_dag.py for tasks to queue
[2026-08-21T13:43:25.190+0000] {logging_mixin.py:190} INFO - [2026-08-21T13:43:25.189+0000] {dagbag.py:588} INFO - Filling up the DagBag from /opt/airflow/dags/first_dag.py
[2026-08-21T13:43:25.195+0000] {logging_mixin.py:190} INFO - [2026-08-21T13:43:25.193+0000] {dagbag.py:387} ERROR - Failed to import: /opt/airflow/dags/first_dag.py
Traceback (most recent call last):
  File "/home/airflow/.local/lib/python3.12/site-packages/airflow/models/dagbag.py", line 383, in parse
    loader.exec_module(new_module)
  File "<frozen importlib._bootstrap_external>", line 995, in exec_module
  File "<frozen importlib._bootstrap_external>", line 1133, in get_code
  File "<frozen importlib._bootstrap_external>", line 1063, in source_to_code
  File "<frozen importlib._bootstrap>", line 488, in _call_with_frames_removed
  File "/opt/airflow/dags/first_dag.py", line 4
    dag1 = DAG(dag_id = "first_dag", start_date = datetime(2026,08,21), catchup = False )
                                                                ^
SyntaxError: leading zeros in decimal integer literals are not permitted; use an 0o prefix for octal integers
[2026-08-21T13:43:25.196+0000] {processor.py:927} WARNING - No viable dags retrieved from /opt/airflow/dags/first_dag.py
[2026-08-21T13:43:25.229+0000] {processor.py:208} INFO - Processing /opt/airflow/dags/first_dag.py took 0.048 seconds
[2026-08-21T13:43:55.330+0000] {processor.py:186} INFO - Started process (PID=1164) to work on /opt/airflow/dags/first_dag.py
[2026-08-21T13:43:55.331+0000] {processor.py:914} INFO - Processing file /opt/airflow/dags/first_dag.py for tasks to queue
[2026-08-21T13:43:55.332+0000] {logging_mixin.py:190} INFO - [2026-08-21T13:43:55.331+0000] {dagbag.py:588} INFO - Filling up the DagBag from /opt/airflow/dags/first_dag.py
[2026-08-21T13:43:55.334+0000] {logging_mixin.py:190} INFO - [2026-08-21T13:43:55.333+0000] {dagbag.py:387} ERROR - Failed to import: /opt/airflow/dags/first_dag.py
Traceback (most recent call last):
  File "/home/airflow/.local/lib/python3.12/site-packages/airflow/models/dagbag.py", line 383, in parse
    loader.exec_module(new_module)
  File "<frozen importlib._bootstrap_external>", line 995, in exec_module
  File "<frozen importlib._bootstrap_external>", line 1133, in get_code
  File "<frozen importlib._bootstrap_external>", line 1063, in source_to_code
  File "<frozen importlib._bootstrap>", line 488, in _call_with_frames_removed
  File "/opt/airflow/dags/first_dag.py", line 4
    dag1 = DAG(dag_id = "first_dag", start_date = datetime(2026,08,21), catchup = False )
                                                                ^
SyntaxError: leading zeros in decimal integer literals are not permitted; use an 0o prefix for octal integers
[2026-08-21T13:43:55.335+0000] {processor.py:927} WARNING - No viable dags retrieved from /opt/airflow/dags/first_dag.py
[2026-08-21T13:43:55.359+0000] {processor.py:208} INFO - Processing /opt/airflow/dags/first_dag.py took 0.033 seconds
[2026-08-21T13:44:25.508+0000] {processor.py:186} INFO - Started process (PID=1171) to work on /opt/airflow/dags/first_dag.py
[2026-08-21T13:44:25.515+0000] {processor.py:914} INFO - Processing file /opt/airflow/dags/first_dag.py for tasks to queue
[2026-08-21T13:44:25.516+0000] {logging_mixin.py:190} INFO - [2026-08-21T13:44:25.516+0000] {dagbag.py:588} INFO - Filling up the DagBag from /opt/airflow/dags/first_dag.py
[2026-08-21T13:44:25.520+0000] {logging_mixin.py:190} INFO - [2026-08-21T13:44:25.519+0000] {dagbag.py:387} ERROR - Failed to import: /opt/airflow/dags/first_dag.py
Traceback (most recent call last):
  File "/home/airflow/.local/lib/python3.12/site-packages/airflow/models/dagbag.py", line 383, in parse
    loader.exec_module(new_module)
  File "<frozen importlib._bootstrap_external>", line 995, in exec_module
  File "<frozen importlib._bootstrap_external>", line 1133, in get_code
  File "<frozen importlib._bootstrap_external>", line 1063, in source_to_code
  File "<frozen importlib._bootstrap>", line 488, in _call_with_frames_removed
  File "/opt/airflow/dags/first_dag.py", line 4
    dag1 = DAG(dag_id = "first_dag", start_date = datetime(2026,08,21), catchup = False )
                                                                ^
SyntaxError: leading zeros in decimal integer literals are not permitted; use an 0o prefix for octal integers
[2026-08-21T13:44:25.520+0000] {processor.py:927} WARNING - No viable dags retrieved from /opt/airflow/dags/first_dag.py
[2026-08-21T13:44:25.537+0000] {processor.py:208} INFO - Processing /opt/airflow/dags/first_dag.py took 0.033 seconds
[2026-08-21T13:44:55.657+0000] {processor.py:186} INFO - Started process (PID=1178) to work on /opt/airflow/dags/first_dag.py
[2026-08-21T13:44:55.658+0000] {processor.py:914} INFO - Processing file /opt/airflow/dags/first_dag.py for tasks to queue
[2026-08-21T13:44:55.658+0000] {logging_mixin.py:190} INFO - [2026-08-21T13:44:55.658+0000] {dagbag.py:588} INFO - Filling up the DagBag from /opt/airflow/dags/first_dag.py
[2026-08-21T13:44:55.661+0000] {logging_mixin.py:190} INFO - [2026-08-21T13:44:55.660+0000] {dagbag.py:387} ERROR - Failed to import: /opt/airflow/dags/first_dag.py
Traceback (most recent call last):
  File "/home/airflow/.local/lib/python3.12/site-packages/airflow/models/dagbag.py", line 383, in parse
    loader.exec_module(new_module)
  File "<frozen importlib._bootstrap_external>", line 995, in exec_module
  File "<frozen importlib._bootstrap_external>", line 1133, in get_code
  File "<frozen importlib._bootstrap_external>", line 1063, in source_to_code
  File "<frozen importlib._bootstrap>", line 488, in _call_with_frames_removed
  File "/opt/airflow/dags/first_dag.py", line 4
    dag1 = DAG(dag_id = "first_dag", start_date = datetime(2026,08,21), catchup = False )
                                                                ^
SyntaxError: leading zeros in decimal integer literals are not permitted; use an 0o prefix for octal integers
[2026-08-21T13:44:55.661+0000] {processor.py:927} WARNING - No viable dags retrieved from /opt/airflow/dags/first_dag.py
[2026-08-21T13:44:55.681+0000] {processor.py:208} INFO - Processing /opt/airflow/dags/first_dag.py took 0.028 seconds
[2026-08-21T13:45:25.827+0000] {processor.py:186} INFO - Started process (PID=1185) to work on /opt/airflow/dags/first_dag.py
[2026-08-21T13:45:25.834+0000] {processor.py:914} INFO - Processing file /opt/airflow/dags/first_dag.py for tasks to queue
[2026-08-21T13:45:25.836+0000] {logging_mixin.py:190} INFO - [2026-08-21T13:45:25.836+0000] {dagbag.py:588} INFO - Filling up the DagBag from /opt/airflow/dags/first_dag.py
[2026-08-21T13:45:25.838+0000] {logging_mixin.py:190} INFO - [2026-08-21T13:45:25.837+0000] {dagbag.py:387} ERROR - Failed to import: /opt/airflow/dags/first_dag.py
Traceback (most recent call last):
  File "/home/airflow/.local/lib/python3.12/site-packages/airflow/models/dagbag.py", line 383, in parse
    loader.exec_module(new_module)
  File "<frozen importlib._bootstrap_external>", line 995, in exec_module
  File "<frozen importlib._bootstrap_external>", line 1133, in get_code
  File "<frozen importlib._bootstrap_external>", line 1063, in source_to_code
  File "<frozen importlib._bootstrap>", line 488, in _call_with_frames_removed
  File "/opt/airflow/dags/first_dag.py", line 4
    dag1 = DAG(dag_id = "first_dag", start_date = datetime(2026,08,21), catchup = False )
                                                                ^
SyntaxError: leading zeros in decimal integer literals are not permitted; use an 0o prefix for octal integers
[2026-08-21T13:45:25.839+0000] {processor.py:927} WARNING - No viable dags retrieved from /opt/airflow/dags/first_dag.py
[2026-08-21T13:45:25.857+0000] {processor.py:208} INFO - Processing /opt/airflow/dags/first_dag.py took 0.037 seconds
[2026-08-21T13:45:55.966+0000] {processor.py:186} INFO - Started process (PID=1192) to work on /opt/airflow/dags/first_dag.py
[2026-08-21T13:45:55.967+0000] {processor.py:914} INFO - Processing file /opt/airflow/dags/first_dag.py for tasks to queue
[2026-08-21T13:45:55.967+0000] {logging_mixin.py:190} INFO - [2026-08-21T13:45:55.967+0000] {dagbag.py:588} INFO - Filling up the DagBag from /opt/airflow/dags/first_dag.py
[2026-08-21T13:45:55.970+0000] {logging_mixin.py:190} INFO - [2026-08-21T13:45:55.969+0000] {dagbag.py:387} ERROR - Failed to import: /opt/airflow/dags/first_dag.py
Traceback (most recent call last):
  File "/home/airflow/.local/lib/python3.12/site-packages/airflow/models/dagbag.py", line 383, in parse
    loader.exec_module(new_module)
  File "<frozen importlib._bootstrap_external>", line 995, in exec_module
  File "<frozen importlib._bootstrap_external>", line 1133, in get_code
  File "<frozen importlib._bootstrap_external>", line 1063, in source_to_code
  File "<frozen importlib._bootstrap>", line 488, in _call_with_frames_removed
  File "/opt/airflow/dags/first_dag.py", line 4
    dag1 = DAG(dag_id = "first_dag", start_date = datetime(2026,08,21), catchup = False )
                                                                ^
SyntaxError: leading zeros in decimal integer literals are not permitted; use an 0o prefix for octal integers
[2026-08-21T13:45:55.970+0000] {processor.py:927} WARNING - No viable dags retrieved from /opt/airflow/dags/first_dag.py
[2026-08-21T13:45:55.986+0000] {processor.py:208} INFO - Processing /opt/airflow/dags/first_dag.py took 0.029 seconds
[2026-08-21T13:46:26.126+0000] {processor.py:186} INFO - Started process (PID=1199) to work on /opt/airflow/dags/first_dag.py
[2026-08-21T13:46:26.133+0000] {processor.py:914} INFO - Processing file /opt/airflow/dags/first_dag.py for tasks to queue
[2026-08-21T13:46:26.135+0000] {logging_mixin.py:190} INFO - [2026-08-21T13:46:26.135+0000] {dagbag.py:588} INFO - Filling up the DagBag from /opt/airflow/dags/first_dag.py
[2026-08-21T13:46:26.138+0000] {logging_mixin.py:190} INFO - [2026-08-21T13:46:26.137+0000] {dagbag.py:387} ERROR - Failed to import: /opt/airflow/dags/first_dag.py
Traceback (most recent call last):
  File "/home/airflow/.local/lib/python3.12/site-packages/airflow/models/dagbag.py", line 383, in parse
    loader.exec_module(new_module)
  File "<frozen importlib._bootstrap_external>", line 995, in exec_module
  File "<frozen importlib._bootstrap_external>", line 1133, in get_code
  File "<frozen importlib._bootstrap_external>", line 1063, in source_to_code
  File "<frozen importlib._bootstrap>", line 488, in _call_with_frames_removed
  File "/opt/airflow/dags/first_dag.py", line 4
    dag1 = DAG(dag_id = "first_dag", start_date = datetime(2026,08,21), catchup = False )
                                                                ^
SyntaxError: leading zeros in decimal integer literals are not permitted; use an 0o prefix for octal integers
[2026-08-21T13:46:26.138+0000] {processor.py:927} WARNING - No viable dags retrieved from /opt/airflow/dags/first_dag.py
[2026-08-21T13:46:26.155+0000] {processor.py:208} INFO - Processing /opt/airflow/dags/first_dag.py took 0.033 seconds
[2026-08-21T13:46:56.275+0000] {processor.py:186} INFO - Started process (PID=1206) to work on /opt/airflow/dags/first_dag.py
[2026-08-21T13:46:56.275+0000] {processor.py:914} INFO - Processing file /opt/airflow/dags/first_dag.py for tasks to queue
[2026-08-21T13:46:56.276+0000] {logging_mixin.py:190} INFO - [2026-08-21T13:46:56.276+0000] {dagbag.py:588} INFO - Filling up the DagBag from /opt/airflow/dags/first_dag.py
[2026-08-21T13:46:56.279+0000] {logging_mixin.py:190} INFO - [2026-08-21T13:46:56.278+0000] {dagbag.py:387} ERROR - Failed to import: /opt/airflow/dags/first_dag.py
Traceback (most recent call last):
  File "/home/airflow/.local/lib/python3.12/site-packages/airflow/models/dagbag.py", line 383, in parse
    loader.exec_module(new_module)
  File "<frozen importlib._bootstrap_external>", line 995, in exec_module
  File "<frozen importlib._bootstrap_external>", line 1133, in get_code
  File "<frozen importlib._bootstrap_external>", line 1063, in source_to_code
  File "<frozen importlib._bootstrap>", line 488, in _call_with_frames_removed
  File "/opt/airflow/dags/first_dag.py", line 4
    dag1 = DAG(dag_id = "first_dag", start_date = datetime(2026,08,21), catchup = False )
                                                                ^
SyntaxError: leading zeros in decimal integer literals are not permitted; use an 0o prefix for octal integers
[2026-08-21T13:46:56.279+0000] {processor.py:927} WARNING - No viable dags retrieved from /opt/airflow/dags/first_dag.py
[2026-08-21T13:46:56.296+0000] {processor.py:208} INFO - Processing /opt/airflow/dags/first_dag.py took 0.026 seconds
[2026-08-21T13:47:26.427+0000] {processor.py:186} INFO - Started process (PID=1213) to work on /opt/airflow/dags/first_dag.py
[2026-08-21T13:47:26.434+0000] {processor.py:914} INFO - Processing file /opt/airflow/dags/first_dag.py for tasks to queue
[2026-08-21T13:47:26.436+0000] {logging_mixin.py:190} INFO - [2026-08-21T13:47:26.435+0000] {dagbag.py:588} INFO - Filling up the DagBag from /opt/airflow/dags/first_dag.py
[2026-08-21T13:47:26.438+0000] {logging_mixin.py:190} INFO - [2026-08-21T13:47:26.438+0000] {dagbag.py:387} ERROR - Failed to import: /opt/airflow/dags/first_dag.py
Traceback (most recent call last):
  File "/home/airflow/.local/lib/python3.12/site-packages/airflow/models/dagbag.py", line 383, in parse
    loader.exec_module(new_module)
  File "<frozen importlib._bootstrap_external>", line 995, in exec_module
  File "<frozen importlib._bootstrap_external>", line 1133, in get_code
  File "<frozen importlib._bootstrap_external>", line 1063, in source_to_code
  File "<frozen importlib._bootstrap>", line 488, in _call_with_frames_removed
  File "/opt/airflow/dags/first_dag.py", line 4
    dag1 = DAG(dag_id = "first_dag", start_date = datetime(2026,08,21), catchup = False )
                                                                ^
SyntaxError: leading zeros in decimal integer literals are not permitted; use an 0o prefix for octal integers
[2026-08-21T13:47:26.439+0000] {processor.py:927} WARNING - No viable dags retrieved from /opt/airflow/dags/first_dag.py
[2026-08-21T13:47:26.454+0000] {processor.py:208} INFO - Processing /opt/airflow/dags/first_dag.py took 0.032 seconds
[2026-08-21T13:47:56.572+0000] {processor.py:186} INFO - Started process (PID=1220) to work on /opt/airflow/dags/first_dag.py
[2026-08-21T13:47:56.573+0000] {processor.py:914} INFO - Processing file /opt/airflow/dags/first_dag.py for tasks to queue
[2026-08-21T13:47:56.574+0000] {logging_mixin.py:190} INFO - [2026-08-21T13:47:56.574+0000] {dagbag.py:588} INFO - Filling up the DagBag from /opt/airflow/dags/first_dag.py
[2026-08-21T13:47:56.577+0000] {logging_mixin.py:190} INFO - [2026-08-21T13:47:56.576+0000] {dagbag.py:387} ERROR - Failed to import: /opt/airflow/dags/first_dag.py
Traceback (most recent call last):
  File "/home/airflow/.local/lib/python3.12/site-packages/airflow/models/dagbag.py", line 383, in parse
    loader.exec_module(new_module)
  File "<frozen importlib._bootstrap_external>", line 995, in exec_module
  File "<frozen importlib._bootstrap_external>", line 1133, in get_code
  File "<frozen importlib._bootstrap_external>", line 1063, in source_to_code
  File "<frozen importlib._bootstrap>", line 488, in _call_with_frames_removed
  File "/opt/airflow/dags/first_dag.py", line 4
    dag1 = DAG(dag_id = "first_dag", start_date = datetime(2026,08,21), catchup = False )
                                                                ^
SyntaxError: leading zeros in decimal integer literals are not permitted; use an 0o prefix for octal integers
[2026-08-21T13:47:56.577+0000] {processor.py:927} WARNING - No viable dags retrieved from /opt/airflow/dags/first_dag.py
[2026-08-21T13:47:56.594+0000] {processor.py:208} INFO - Processing /opt/airflow/dags/first_dag.py took 0.027 seconds
[2026-08-21T13:48:26.720+0000] {processor.py:186} INFO - Started process (PID=1227) to work on /opt/airflow/dags/first_dag.py
[2026-08-21T13:48:26.727+0000] {processor.py:914} INFO - Processing file /opt/airflow/dags/first_dag.py for tasks to queue
[2026-08-21T13:48:26.728+0000] {logging_mixin.py:190} INFO - [2026-08-21T13:48:26.728+0000] {dagbag.py:588} INFO - Filling up the DagBag from /opt/airflow/dags/first_dag.py
[2026-08-21T13:48:26.732+0000] {logging_mixin.py:190} INFO - [2026-08-21T13:48:26.731+0000] {dagbag.py:387} ERROR - Failed to import: /opt/airflow/dags/first_dag.py
Traceback (most recent call last):
  File "/home/airflow/.local/lib/python3.12/site-packages/airflow/models/dagbag.py", line 383, in parse
    loader.exec_module(new_module)
  File "<frozen importlib._bootstrap_external>", line 995, in exec_module
  File "<frozen importlib._bootstrap_external>", line 1133, in get_code
  File "<frozen importlib._bootstrap_external>", line 1063, in source_to_code
  File "<frozen importlib._bootstrap>", line 488, in _call_with_frames_removed
  File "/opt/airflow/dags/first_dag.py", line 4
    dag1 = DAG(dag_id = "first_dag", start_date = datetime(2026,08,21), catchup = False )
                                                                ^
SyntaxError: leading zeros in decimal integer literals are not permitted; use an 0o prefix for octal integers
[2026-08-21T13:48:26.733+0000] {processor.py:927} WARNING - No viable dags retrieved from /opt/airflow/dags/first_dag.py
[2026-08-21T13:48:26.749+0000] {processor.py:208} INFO - Processing /opt/airflow/dags/first_dag.py took 0.033 seconds
[2026-08-21T13:48:56.871+0000] {processor.py:186} INFO - Started process (PID=1234) to work on /opt/airflow/dags/first_dag.py
[2026-08-21T13:48:56.872+0000] {processor.py:914} INFO - Processing file /opt/airflow/dags/first_dag.py for tasks to queue
[2026-08-21T13:48:56.873+0000] {logging_mixin.py:190} INFO - [2026-08-21T13:48:56.873+0000] {dagbag.py:588} INFO - Filling up the DagBag from /opt/airflow/dags/first_dag.py
[2026-08-21T13:48:56.876+0000] {logging_mixin.py:190} INFO - [2026-08-21T13:48:56.874+0000] {dagbag.py:387} ERROR - Failed to import: /opt/airflow/dags/first_dag.py
Traceback (most recent call last):
  File "/home/airflow/.local/lib/python3.12/site-packages/airflow/models/dagbag.py", line 383, in parse
    loader.exec_module(new_module)
  File "<frozen importlib._bootstrap_external>", line 995, in exec_module
  File "<frozen importlib._bootstrap_external>", line 1133, in get_code
  File "<frozen importlib._bootstrap_external>", line 1063, in source_to_code
  File "<frozen importlib._bootstrap>", line 488, in _call_with_frames_removed
  File "/opt/airflow/dags/first_dag.py", line 4
    dag1 = DAG(dag_id = "first_dag", start_date = datetime(2026,08,21), catchup = False )
                                                                ^
SyntaxError: leading zeros in decimal integer literals are not permitted; use an 0o prefix for octal integers
[2026-08-21T13:48:56.877+0000] {processor.py:927} WARNING - No viable dags retrieved from /opt/airflow/dags/first_dag.py
[2026-08-21T13:48:56.895+0000] {processor.py:208} INFO - Processing /opt/airflow/dags/first_dag.py took 0.029 seconds
[2026-08-21T13:49:27.030+0000] {processor.py:186} INFO - Started process (PID=1241) to work on /opt/airflow/dags/first_dag.py
[2026-08-21T13:49:27.037+0000] {processor.py:914} INFO - Processing file /opt/airflow/dags/first_dag.py for tasks to queue
[2026-08-21T13:49:27.038+0000] {logging_mixin.py:190} INFO - [2026-08-21T13:49:27.037+0000] {dagbag.py:588} INFO - Filling up the DagBag from /opt/airflow/dags/first_dag.py
[2026-08-21T13:49:27.040+0000] {logging_mixin.py:190} INFO - [2026-08-21T13:49:27.039+0000] {dagbag.py:387} ERROR - Failed to import: /opt/airflow/dags/first_dag.py
Traceback (most recent call last):
  File "/home/airflow/.local/lib/python3.12/site-packages/airflow/models/dagbag.py", line 383, in parse
    loader.exec_module(new_module)
  File "<frozen importlib._bootstrap_external>", line 995, in exec_module
  File "<frozen importlib._bootstrap_external>", line 1133, in get_code
  File "<frozen importlib._bootstrap_external>", line 1063, in source_to_code
  File "<frozen importlib._bootstrap>", line 488, in _call_with_frames_removed
  File "/opt/airflow/dags/first_dag.py", line 4
    dag1 = DAG(dag_id = "first_dag", start_date = datetime(2026,08,21), catchup = False )
                                                                ^
SyntaxError: leading zeros in decimal integer literals are not permitted; use an 0o prefix for octal integers
[2026-08-21T13:49:27.041+0000] {processor.py:927} WARNING - No viable dags retrieved from /opt/airflow/dags/first_dag.py
[2026-08-21T13:49:27.059+0000] {processor.py:208} INFO - Processing /opt/airflow/dags/first_dag.py took 0.034 seconds
[2026-08-21T13:49:57.168+0000] {processor.py:186} INFO - Started process (PID=1248) to work on /opt/airflow/dags/first_dag.py
[2026-08-21T13:49:57.168+0000] {processor.py:914} INFO - Processing file /opt/airflow/dags/first_dag.py for tasks to queue
[2026-08-21T13:49:57.169+0000] {logging_mixin.py:190} INFO - [2026-08-21T13:49:57.169+0000] {dagbag.py:588} INFO - Filling up the DagBag from /opt/airflow/dags/first_dag.py
[2026-08-21T13:49:57.173+0000] {logging_mixin.py:190} INFO - [2026-08-21T13:49:57.172+0000] {dagbag.py:387} ERROR - Failed to import: /opt/airflow/dags/first_dag.py
Traceback (most recent call last):
  File "/home/airflow/.local/lib/python3.12/site-packages/airflow/models/dagbag.py", line 383, in parse
    loader.exec_module(new_module)
  File "<frozen importlib._bootstrap_external>", line 995, in exec_module
  File "<frozen importlib._bootstrap_external>", line 1133, in get_code
  File "<frozen importlib._bootstrap_external>", line 1063, in source_to_code
  File "<frozen importlib._bootstrap>", line 488, in _call_with_frames_removed
  File "/opt/airflow/dags/first_dag.py", line 4
    dag1 = DAG(dag_id = "first_dag", start_date = datetime(2026,08,21), catchup = False )
                                                                ^
SyntaxError: leading zeros in decimal integer literals are not permitted; use an 0o prefix for octal integers
[2026-08-21T13:49:57.173+0000] {processor.py:927} WARNING - No viable dags retrieved from /opt/airflow/dags/first_dag.py
[2026-08-21T13:49:57.191+0000] {processor.py:208} INFO - Processing /opt/airflow/dags/first_dag.py took 0.028 seconds
[2026-08-21T13:50:27.324+0000] {processor.py:186} INFO - Started process (PID=1255) to work on /opt/airflow/dags/first_dag.py
[2026-08-21T13:50:27.331+0000] {processor.py:914} INFO - Processing file /opt/airflow/dags/first_dag.py for tasks to queue
[2026-08-21T13:50:27.333+0000] {logging_mixin.py:190} INFO - [2026-08-21T13:50:27.332+0000] {dagbag.py:588} INFO - Filling up the DagBag from /opt/airflow/dags/first_dag.py
[2026-08-21T13:50:27.335+0000] {logging_mixin.py:190} INFO - [2026-08-21T13:50:27.334+0000] {dagbag.py:387} ERROR - Failed to import: /opt/airflow/dags/first_dag.py
Traceback (most recent call last):
  File "/home/airflow/.local/lib/python3.12/site-packages/airflow/models/dagbag.py", line 383, in parse
    loader.exec_module(new_module)
  File "<frozen importlib._bootstrap_external>", line 995, in exec_module
  File "<frozen importlib._bootstrap_external>", line 1133, in get_code
  File "<frozen importlib._bootstrap_external>", line 1063, in source_to_code
  File "<frozen importlib._bootstrap>", line 488, in _call_with_frames_removed
  File "/opt/airflow/dags/first_dag.py", line 4
    dag1 = DAG(dag_id = "first_dag", start_date = datetime(2026,08,21), catchup = False )
                                                                ^
SyntaxError: leading zeros in decimal integer literals are not permitted; use an 0o prefix for octal integers
[2026-08-21T13:50:27.335+0000] {processor.py:927} WARNING - No viable dags retrieved from /opt/airflow/dags/first_dag.py
[2026-08-21T13:50:27.353+0000] {processor.py:208} INFO - Processing /opt/airflow/dags/first_dag.py took 0.034 seconds
[2026-08-21T13:50:57.474+0000] {processor.py:186} INFO - Started process (PID=1262) to work on /opt/airflow/dags/first_dag.py
[2026-08-21T13:50:57.474+0000] {processor.py:914} INFO - Processing file /opt/airflow/dags/first_dag.py for tasks to queue
[2026-08-21T13:50:57.475+0000] {logging_mixin.py:190} INFO - [2026-08-21T13:50:57.475+0000] {dagbag.py:588} INFO - Filling up the DagBag from /opt/airflow/dags/first_dag.py
[2026-08-21T13:50:57.478+0000] {logging_mixin.py:190} INFO - [2026-08-21T13:50:57.477+0000] {dagbag.py:387} ERROR - Failed to import: /opt/airflow/dags/first_dag.py
Traceback (most recent call last):
  File "/home/airflow/.local/lib/python3.12/site-packages/airflow/models/dagbag.py", line 383, in parse
    loader.exec_module(new_module)
  File "<frozen importlib._bootstrap_external>", line 995, in exec_module
  File "<frozen importlib._bootstrap_external>", line 1133, in get_code
  File "<frozen importlib._bootstrap_external>", line 1063, in source_to_code
  File "<frozen importlib._bootstrap>", line 488, in _call_with_frames_removed
  File "/opt/airflow/dags/first_dag.py", line 4
    dag1 = DAG(dag_id = "first_dag", start_date = datetime(2026,08,21), catchup = False )
                                                                ^
SyntaxError: leading zeros in decimal integer literals are not permitted; use an 0o prefix for octal integers
[2026-08-21T13:50:57.479+0000] {processor.py:927} WARNING - No viable dags retrieved from /opt/airflow/dags/first_dag.py
[2026-08-21T13:50:57.498+0000] {processor.py:208} INFO - Processing /opt/airflow/dags/first_dag.py took 0.030 seconds
[2026-08-21T13:51:27.624+0000] {processor.py:186} INFO - Started process (PID=1269) to work on /opt/airflow/dags/first_dag.py
[2026-08-21T13:51:27.625+0000] {processor.py:914} INFO - Processing file /opt/airflow/dags/first_dag.py for tasks to queue
[2026-08-21T13:51:27.626+0000] {logging_mixin.py:190} INFO - [2026-08-21T13:51:27.626+0000] {dagbag.py:588} INFO - Filling up the DagBag from /opt/airflow/dags/first_dag.py
[2026-08-21T13:51:27.628+0000] {logging_mixin.py:190} INFO - [2026-08-21T13:51:27.627+0000] {dagbag.py:387} ERROR - Failed to import: /opt/airflow/dags/first_dag.py
Traceback (most recent call last):
  File "/home/airflow/.local/lib/python3.12/site-packages/airflow/models/dagbag.py", line 383, in parse
    loader.exec_module(new_module)
  File "<frozen importlib._bootstrap_external>", line 995, in exec_module
  File "<frozen importlib._bootstrap_external>", line 1133, in get_code
  File "<frozen importlib._bootstrap_external>", line 1063, in source_to_code
  File "<frozen importlib._bootstrap>", line 488, in _call_with_frames_removed
  File "/opt/airflow/dags/first_dag.py", line 4
    dag1 = DAG(dag_id = "first_dag", start_date = datetime(2026,08,21), catchup = False )
                                                                ^
SyntaxError: leading zeros in decimal integer literals are not permitted; use an 0o prefix for octal integers
[2026-08-21T13:51:27.629+0000] {processor.py:927} WARNING - No viable dags retrieved from /opt/airflow/dags/first_dag.py
[2026-08-21T13:51:27.643+0000] {processor.py:208} INFO - Processing /opt/airflow/dags/first_dag.py took 0.025 seconds
[2026-08-21T13:51:57.767+0000] {processor.py:186} INFO - Started process (PID=1276) to work on /opt/airflow/dags/first_dag.py
[2026-08-21T13:51:57.768+0000] {processor.py:914} INFO - Processing file /opt/airflow/dags/first_dag.py for tasks to queue
[2026-08-21T13:51:57.769+0000] {logging_mixin.py:190} INFO - [2026-08-21T13:51:57.769+0000] {dagbag.py:588} INFO - Filling up the DagBag from /opt/airflow/dags/first_dag.py
[2026-08-21T13:51:57.772+0000] {logging_mixin.py:190} INFO - [2026-08-21T13:51:57.771+0000] {dagbag.py:387} ERROR - Failed to import: /opt/airflow/dags/first_dag.py
Traceback (most recent call last):
  File "/home/airflow/.local/lib/python3.12/site-packages/airflow/models/dagbag.py", line 383, in parse
    loader.exec_module(new_module)
  File "<frozen importlib._bootstrap_external>", line 995, in exec_module
  File "<frozen importlib._bootstrap_external>", line 1133, in get_code
  File "<frozen importlib._bootstrap_external>", line 1063, in source_to_code
  File "<frozen importlib._bootstrap>", line 488, in _call_with_frames_removed
  File "/opt/airflow/dags/first_dag.py", line 4
    dag1 = DAG(dag_id = "first_dag", start_date = datetime(2026,08,21), catchup = False )
                                                                ^
SyntaxError: leading zeros in decimal integer literals are not permitted; use an 0o prefix for octal integers
[2026-08-21T13:51:57.773+0000] {processor.py:927} WARNING - No viable dags retrieved from /opt/airflow/dags/first_dag.py
[2026-08-21T13:51:57.790+0000] {processor.py:208} INFO - Processing /opt/airflow/dags/first_dag.py took 0.027 seconds
[2026-08-21T13:52:27.915+0000] {processor.py:186} INFO - Started process (PID=1284) to work on /opt/airflow/dags/first_dag.py
[2026-08-21T13:52:27.922+0000] {processor.py:914} INFO - Processing file /opt/airflow/dags/first_dag.py for tasks to queue
[2026-08-21T13:52:27.924+0000] {logging_mixin.py:190} INFO - [2026-08-21T13:52:27.923+0000] {dagbag.py:588} INFO - Filling up the DagBag from /opt/airflow/dags/first_dag.py
[2026-08-21T13:52:27.927+0000] {logging_mixin.py:190} INFO - [2026-08-21T13:52:27.926+0000] {dagbag.py:387} ERROR - Failed to import: /opt/airflow/dags/first_dag.py
Traceback (most recent call last):
  File "/home/airflow/.local/lib/python3.12/site-packages/airflow/models/dagbag.py", line 383, in parse
    loader.exec_module(new_module)
  File "<frozen importlib._bootstrap_external>", line 995, in exec_module
  File "<frozen importlib._bootstrap_external>", line 1133, in get_code
  File "<frozen importlib._bootstrap_external>", line 1063, in source_to_code
  File "<frozen importlib._bootstrap>", line 488, in _call_with_frames_removed
  File "/opt/airflow/dags/first_dag.py", line 4
    dag1 = DAG(dag_id = "first_dag", start_date = datetime(2026,08,21), catchup = False )
                                                                ^
SyntaxError: leading zeros in decimal integer literals are not permitted; use an 0o prefix for octal integers
[2026-08-21T13:52:27.927+0000] {processor.py:927} WARNING - No viable dags retrieved from /opt/airflow/dags/first_dag.py
[2026-08-21T13:52:27.942+0000] {processor.py:208} INFO - Processing /opt/airflow/dags/first_dag.py took 0.032 seconds
[2026-08-21T13:52:58.072+0000] {processor.py:186} INFO - Started process (PID=1291) to work on /opt/airflow/dags/first_dag.py
[2026-08-21T13:52:58.072+0000] {processor.py:914} INFO - Processing file /opt/airflow/dags/first_dag.py for tasks to queue
[2026-08-21T13:52:58.073+0000] {logging_mixin.py:190} INFO - [2026-08-21T13:52:58.073+0000] {dagbag.py:588} INFO - Filling up the DagBag from /opt/airflow/dags/first_dag.py
[2026-08-21T13:52:58.076+0000] {logging_mixin.py:190} INFO - [2026-08-21T13:52:58.075+0000] {dagbag.py:387} ERROR - Failed to import: /opt/airflow/dags/first_dag.py
Traceback (most recent call last):
  File "/home/airflow/.local/lib/python3.12/site-packages/airflow/models/dagbag.py", line 383, in parse
    loader.exec_module(new_module)
  File "<frozen importlib._bootstrap_external>", line 995, in exec_module
  File "<frozen importlib._bootstrap_external>", line 1133, in get_code
  File "<frozen importlib._bootstrap_external>", line 1063, in source_to_code
  File "<frozen importlib._bootstrap>", line 488, in _call_with_frames_removed
  File "/opt/airflow/dags/first_dag.py", line 4
    dag1 = DAG(dag_id = "first_dag", start_date = datetime(2026,08,21), catchup = False )
                                                                ^
SyntaxError: leading zeros in decimal integer literals are not permitted; use an 0o prefix for octal integers
[2026-08-21T13:52:58.076+0000] {processor.py:927} WARNING - No viable dags retrieved from /opt/airflow/dags/first_dag.py
[2026-08-21T13:52:58.092+0000] {processor.py:208} INFO - Processing /opt/airflow/dags/first_dag.py took 0.024 seconds
[2026-08-21T13:53:28.222+0000] {processor.py:186} INFO - Started process (PID=1298) to work on /opt/airflow/dags/first_dag.py
[2026-08-21T13:53:28.229+0000] {processor.py:914} INFO - Processing file /opt/airflow/dags/first_dag.py for tasks to queue
[2026-08-21T13:53:28.230+0000] {logging_mixin.py:190} INFO - [2026-08-21T13:53:28.230+0000] {dagbag.py:588} INFO - Filling up the DagBag from /opt/airflow/dags/first_dag.py
[2026-08-21T13:53:28.233+0000] {logging_mixin.py:190} INFO - [2026-08-21T13:53:28.232+0000] {dagbag.py:387} ERROR - Failed to import: /opt/airflow/dags/first_dag.py
Traceback (most recent call last):
  File "/home/airflow/.local/lib/python3.12/site-packages/airflow/models/dagbag.py", line 383, in parse
    loader.exec_module(new_module)
  File "<frozen importlib._bootstrap_external>", line 995, in exec_module
  File "<frozen importlib._bootstrap_external>", line 1133, in get_code
  File "<frozen importlib._bootstrap_external>", line 1063, in source_to_code
  File "<frozen importlib._bootstrap>", line 488, in _call_with_frames_removed
  File "/opt/airflow/dags/first_dag.py", line 4
    dag1 = DAG(dag_id = "first_dag", start_date = datetime(2026,08,21), catchup = False )
                                                                ^
SyntaxError: leading zeros in decimal integer literals are not permitted; use an 0o prefix for octal integers
[2026-08-21T13:53:28.233+0000] {processor.py:927} WARNING - No viable dags retrieved from /opt/airflow/dags/first_dag.py
[2026-08-21T13:53:28.251+0000] {processor.py:208} INFO - Processing /opt/airflow/dags/first_dag.py took 0.034 seconds
[2026-08-21T13:53:58.370+0000] {processor.py:186} INFO - Started process (PID=1305) to work on /opt/airflow/dags/first_dag.py
[2026-08-21T13:53:58.370+0000] {processor.py:914} INFO - Processing file /opt/airflow/dags/first_dag.py for tasks to queue
[2026-08-21T13:53:58.371+0000] {logging_mixin.py:190} INFO - [2026-08-21T13:53:58.371+0000] {dagbag.py:588} INFO - Filling up the DagBag from /opt/airflow/dags/first_dag.py
[2026-08-21T13:53:58.375+0000] {logging_mixin.py:190} INFO - [2026-08-21T13:53:58.373+0000] {dagbag.py:387} ERROR - Failed to import: /opt/airflow/dags/first_dag.py
Traceback (most recent call last):
  File "/home/airflow/.local/lib/python3.12/site-packages/airflow/models/dagbag.py", line 383, in parse
    loader.exec_module(new_module)
  File "<frozen importlib._bootstrap_external>", line 995, in exec_module
  File "<frozen importlib._bootstrap_external>", line 1133, in get_code
  File "<frozen importlib._bootstrap_external>", line 1063, in source_to_code
  File "<frozen importlib._bootstrap>", line 488, in _call_with_frames_removed
  File "/opt/airflow/dags/first_dag.py", line 4
    dag1 = DAG(dag_id = "first_dag", start_date = datetime(2026,08,21), catchup = False )
                                                                ^
SyntaxError: leading zeros in decimal integer literals are not permitted; use an 0o prefix for octal integers
[2026-08-21T13:53:58.376+0000] {processor.py:927} WARNING - No viable dags retrieved from /opt/airflow/dags/first_dag.py
[2026-08-21T13:53:58.392+0000] {processor.py:208} INFO - Processing /opt/airflow/dags/first_dag.py took 0.027 seconds
[2026-08-21T13:54:28.514+0000] {processor.py:186} INFO - Started process (PID=1312) to work on /opt/airflow/dags/first_dag.py
[2026-08-21T13:54:28.521+0000] {processor.py:914} INFO - Processing file /opt/airflow/dags/first_dag.py for tasks to queue
[2026-08-21T13:54:28.522+0000] {logging_mixin.py:190} INFO - [2026-08-21T13:54:28.522+0000] {dagbag.py:588} INFO - Filling up the DagBag from /opt/airflow/dags/first_dag.py
[2026-08-21T13:54:28.525+0000] {logging_mixin.py:190} INFO - [2026-08-21T13:54:28.524+0000] {dagbag.py:387} ERROR - Failed to import: /opt/airflow/dags/first_dag.py
Traceback (most recent call last):
  File "/home/airflow/.local/lib/python3.12/site-packages/airflow/models/dagbag.py", line 383, in parse
    loader.exec_module(new_module)
  File "<frozen importlib._bootstrap_external>", line 995, in exec_module
  File "<frozen importlib._bootstrap_external>", line 1133, in get_code
  File "<frozen importlib._bootstrap_external>", line 1063, in source_to_code
  File "<frozen importlib._bootstrap>", line 488, in _call_with_frames_removed
  File "/opt/airflow/dags/first_dag.py", line 4
    dag1 = DAG(dag_id = "first_dag", start_date = datetime(2026,08,21), catchup = False )
                                                                ^
SyntaxError: leading zeros in decimal integer literals are not permitted; use an 0o prefix for octal integers
[2026-08-21T13:54:28.526+0000] {processor.py:927} WARNING - No viable dags retrieved from /opt/airflow/dags/first_dag.py
[2026-08-21T13:54:28.543+0000] {processor.py:208} INFO - Processing /opt/airflow/dags/first_dag.py took 0.034 seconds
[2026-08-21T13:54:58.648+0000] {processor.py:186} INFO - Started process (PID=1319) to work on /opt/airflow/dags/first_dag.py
[2026-08-21T13:54:58.649+0000] {processor.py:914} INFO - Processing file /opt/airflow/dags/first_dag.py for tasks to queue
[2026-08-21T13:54:58.652+0000] {logging_mixin.py:190} INFO - [2026-08-21T13:54:58.651+0000] {dagbag.py:588} INFO - Filling up the DagBag from /opt/airflow/dags/first_dag.py
[2026-08-21T13:54:58.655+0000] {logging_mixin.py:190} INFO - [2026-08-21T13:54:58.654+0000] {dagbag.py:387} ERROR - Failed to import: /opt/airflow/dags/first_dag.py
Traceback (most recent call last):
  File "/home/airflow/.local/lib/python3.12/site-packages/airflow/models/dagbag.py", line 383, in parse
    loader.exec_module(new_module)
  File "<frozen importlib._bootstrap_external>", line 995, in exec_module
  File "<frozen importlib._bootstrap_external>", line 1133, in get_code
  File "<frozen importlib._bootstrap_external>", line 1063, in source_to_code
  File "<frozen importlib._bootstrap>", line 488, in _call_with_frames_removed
  File "/opt/airflow/dags/first_dag.py", line 4
    dag1 = DAG(dag_id = "first_dag", start_date = datetime(2026,08,21), catchup = False )
                                                                ^
SyntaxError: leading zeros in decimal integer literals are not permitted; use an 0o prefix for octal integers
[2026-08-21T13:54:58.655+0000] {processor.py:927} WARNING - No viable dags retrieved from /opt/airflow/dags/first_dag.py
[2026-08-21T13:54:58.671+0000] {processor.py:208} INFO - Processing /opt/airflow/dags/first_dag.py took 0.029 seconds
[2026-08-21T13:55:28.808+0000] {processor.py:186} INFO - Started process (PID=1326) to work on /opt/airflow/dags/first_dag.py
[2026-08-21T13:55:28.815+0000] {processor.py:914} INFO - Processing file /opt/airflow/dags/first_dag.py for tasks to queue
[2026-08-21T13:55:28.817+0000] {logging_mixin.py:190} INFO - [2026-08-21T13:55:28.817+0000] {dagbag.py:588} INFO - Filling up the DagBag from /opt/airflow/dags/first_dag.py
[2026-08-21T13:55:28.819+0000] {logging_mixin.py:190} INFO - [2026-08-21T13:55:28.819+0000] {dagbag.py:387} ERROR - Failed to import: /opt/airflow/dags/first_dag.py
Traceback (most recent call last):
  File "/home/airflow/.local/lib/python3.12/site-packages/airflow/models/dagbag.py", line 383, in parse
    loader.exec_module(new_module)
  File "<frozen importlib._bootstrap_external>", line 995, in exec_module
  File "<frozen importlib._bootstrap_external>", line 1133, in get_code
  File "<frozen importlib._bootstrap_external>", line 1063, in source_to_code
  File "<frozen importlib._bootstrap>", line 488, in _call_with_frames_removed
  File "/opt/airflow/dags/first_dag.py", line 4
    dag1 = DAG(dag_id = "first_dag", start_date = datetime(2026,08,21), catchup = False )
                                                                ^
SyntaxError: leading zeros in decimal integer literals are not permitted; use an 0o prefix for octal integers
[2026-08-21T13:55:28.820+0000] {processor.py:927} WARNING - No viable dags retrieved from /opt/airflow/dags/first_dag.py
[2026-08-21T13:55:28.836+0000] {processor.py:208} INFO - Processing /opt/airflow/dags/first_dag.py took 0.035 seconds
[2026-08-21T13:55:58.962+0000] {processor.py:186} INFO - Started process (PID=1333) to work on /opt/airflow/dags/first_dag.py
[2026-08-21T13:55:58.963+0000] {processor.py:914} INFO - Processing file /opt/airflow/dags/first_dag.py for tasks to queue
[2026-08-21T13:55:58.964+0000] {logging_mixin.py:190} INFO - [2026-08-21T13:55:58.963+0000] {dagbag.py:588} INFO - Filling up the DagBag from /opt/airflow/dags/first_dag.py
[2026-08-21T13:55:58.966+0000] {logging_mixin.py:190} INFO - [2026-08-21T13:55:58.966+0000] {dagbag.py:387} ERROR - Failed to import: /opt/airflow/dags/first_dag.py
Traceback (most recent call last):
  File "/home/airflow/.local/lib/python3.12/site-packages/airflow/models/dagbag.py", line 383, in parse
    loader.exec_module(new_module)
  File "<frozen importlib._bootstrap_external>", line 995, in exec_module
  File "<frozen importlib._bootstrap_external>", line 1133, in get_code
  File "<frozen importlib._bootstrap_external>", line 1063, in source_to_code
  File "<frozen importlib._bootstrap>", line 488, in _call_with_frames_removed
  File "/opt/airflow/dags/first_dag.py", line 4
    dag1 = DAG(dag_id = "first_dag", start_date = datetime(2026,08,21), catchup = False )
                                                                ^
SyntaxError: leading zeros in decimal integer literals are not permitted; use an 0o prefix for octal integers
[2026-08-21T13:55:58.967+0000] {processor.py:927} WARNING - No viable dags retrieved from /opt/airflow/dags/first_dag.py
[2026-08-21T13:55:58.983+0000] {processor.py:208} INFO - Processing /opt/airflow/dags/first_dag.py took 0.027 seconds
[2026-08-21T13:56:29.116+0000] {processor.py:186} INFO - Started process (PID=1340) to work on /opt/airflow/dags/first_dag.py
[2026-08-21T13:56:29.123+0000] {processor.py:914} INFO - Processing file /opt/airflow/dags/first_dag.py for tasks to queue
[2026-08-21T13:56:29.125+0000] {logging_mixin.py:190} INFO - [2026-08-21T13:56:29.124+0000] {dagbag.py:588} INFO - Filling up the DagBag from /opt/airflow/dags/first_dag.py
[2026-08-21T13:56:29.127+0000] {logging_mixin.py:190} INFO - [2026-08-21T13:56:29.126+0000] {dagbag.py:387} ERROR - Failed to import: /opt/airflow/dags/first_dag.py
Traceback (most recent call last):
  File "/home/airflow/.local/lib/python3.12/site-packages/airflow/models/dagbag.py", line 383, in parse
    loader.exec_module(new_module)
  File "<frozen importlib._bootstrap_external>", line 995, in exec_module
  File "<frozen importlib._bootstrap_external>", line 1133, in get_code
  File "<frozen importlib._bootstrap_external>", line 1063, in source_to_code
  File "<frozen importlib._bootstrap>", line 488, in _call_with_frames_removed
  File "/opt/airflow/dags/first_dag.py", line 4
    dag1 = DAG(dag_id = "first_dag", start_date = datetime(2026,08,21), catchup = False )
                                                                ^
SyntaxError: leading zeros in decimal integer literals are not permitted; use an 0o prefix for octal integers
[2026-08-21T13:56:29.127+0000] {processor.py:927} WARNING - No viable dags retrieved from /opt/airflow/dags/first_dag.py
[2026-08-21T13:56:29.144+0000] {processor.py:208} INFO - Processing /opt/airflow/dags/first_dag.py took 0.033 seconds
[2026-08-21T13:56:59.251+0000] {processor.py:186} INFO - Started process (PID=1347) to work on /opt/airflow/dags/first_dag.py
[2026-08-21T13:56:59.252+0000] {processor.py:914} INFO - Processing file /opt/airflow/dags/first_dag.py for tasks to queue
[2026-08-21T13:56:59.254+0000] {logging_mixin.py:190} INFO - [2026-08-21T13:56:59.253+0000] {dagbag.py:588} INFO - Filling up the DagBag from /opt/airflow/dags/first_dag.py
[2026-08-21T13:56:59.257+0000] {logging_mixin.py:190} INFO - [2026-08-21T13:56:59.256+0000] {dagbag.py:387} ERROR - Failed to import: /opt/airflow/dags/first_dag.py
Traceback (most recent call last):
  File "/home/airflow/.local/lib/python3.12/site-packages/airflow/models/dagbag.py", line 383, in parse
    loader.exec_module(new_module)
  File "<frozen importlib._bootstrap_external>", line 995, in exec_module
  File "<frozen importlib._bootstrap_external>", line 1133, in get_code
  File "<frozen importlib._bootstrap_external>", line 1063, in source_to_code
  File "<frozen importlib._bootstrap>", line 488, in _call_with_frames_removed
  File "/opt/airflow/dags/first_dag.py", line 4
    dag1 = DAG(dag_id = "first_dag", start_date = datetime(2026,08,21), catchup = False )
                                                                ^
SyntaxError: leading zeros in decimal integer literals are not permitted; use an 0o prefix for octal integers
[2026-08-21T13:56:59.257+0000] {processor.py:927} WARNING - No viable dags retrieved from /opt/airflow/dags/first_dag.py
[2026-08-21T13:56:59.272+0000] {processor.py:208} INFO - Processing /opt/airflow/dags/first_dag.py took 0.028 seconds
[2026-08-21T13:57:29.423+0000] {processor.py:186} INFO - Started process (PID=1354) to work on /opt/airflow/dags/first_dag.py
[2026-08-21T13:57:29.430+0000] {processor.py:914} INFO - Processing file /opt/airflow/dags/first_dag.py for tasks to queue
[2026-08-21T13:57:29.432+0000] {logging_mixin.py:190} INFO - [2026-08-21T13:57:29.431+0000] {dagbag.py:588} INFO - Filling up the DagBag from /opt/airflow/dags/first_dag.py
[2026-08-21T13:57:29.434+0000] {logging_mixin.py:190} INFO - [2026-08-21T13:57:29.434+0000] {dagbag.py:387} ERROR - Failed to import: /opt/airflow/dags/first_dag.py
Traceback (most recent call last):
  File "/home/airflow/.local/lib/python3.12/site-packages/airflow/models/dagbag.py", line 383, in parse
    loader.exec_module(new_module)
  File "<frozen importlib._bootstrap_external>", line 995, in exec_module
  File "<frozen importlib._bootstrap_external>", line 1133, in get_code
  File "<frozen importlib._bootstrap_external>", line 1063, in source_to_code
  File "<frozen importlib._bootstrap>", line 488, in _call_with_frames_removed
  File "/opt/airflow/dags/first_dag.py", line 4
    dag1 = DAG(dag_id = "first_dag", start_date = datetime(2026,08,21), catchup = False )
                                                                ^
SyntaxError: leading zeros in decimal integer literals are not permitted; use an 0o prefix for octal integers
[2026-08-21T13:57:29.435+0000] {processor.py:927} WARNING - No viable dags retrieved from /opt/airflow/dags/first_dag.py
[2026-08-21T13:57:29.453+0000] {processor.py:208} INFO - Processing /opt/airflow/dags/first_dag.py took 0.034 seconds
[2026-08-21T13:57:59.562+0000] {processor.py:186} INFO - Started process (PID=1361) to work on /opt/airflow/dags/first_dag.py
[2026-08-21T13:57:59.562+0000] {processor.py:914} INFO - Processing file /opt/airflow/dags/first_dag.py for tasks to queue
[2026-08-21T13:57:59.564+0000] {logging_mixin.py:190} INFO - [2026-08-21T13:57:59.563+0000] {dagbag.py:588} INFO - Filling up the DagBag from /opt/airflow/dags/first_dag.py
[2026-08-21T13:57:59.568+0000] {logging_mixin.py:190} INFO - [2026-08-21T13:57:59.567+0000] {dagbag.py:387} ERROR - Failed to import: /opt/airflow/dags/first_dag.py
Traceback (most recent call last):
  File "/home/airflow/.local/lib/python3.12/site-packages/airflow/models/dagbag.py", line 383, in parse
    loader.exec_module(new_module)
  File "<frozen importlib._bootstrap_external>", line 995, in exec_module
  File "<frozen importlib._bootstrap_external>", line 1133, in get_code
  File "<frozen importlib._bootstrap_external>", line 1063, in source_to_code
  File "<frozen importlib._bootstrap>", line 488, in _call_with_frames_removed
  File "/opt/airflow/dags/first_dag.py", line 4
    dag1 = DAG(dag_id = "first_dag", start_date = datetime(2026,08,21), catchup = False )
                                                                ^
SyntaxError: leading zeros in decimal integer literals are not permitted; use an 0o prefix for octal integers
[2026-08-21T13:57:59.569+0000] {processor.py:927} WARNING - No viable dags retrieved from /opt/airflow/dags/first_dag.py
[2026-08-21T13:57:59.585+0000] {processor.py:208} INFO - Processing /opt/airflow/dags/first_dag.py took 0.028 seconds
[2026-08-21T13:58:29.712+0000] {processor.py:186} INFO - Started process (PID=1368) to work on /opt/airflow/dags/first_dag.py
[2026-08-21T13:58:29.719+0000] {processor.py:914} INFO - Processing file /opt/airflow/dags/first_dag.py for tasks to queue
[2026-08-21T13:58:29.721+0000] {logging_mixin.py:190} INFO - [2026-08-21T13:58:29.720+0000] {dagbag.py:588} INFO - Filling up the DagBag from /opt/airflow/dags/first_dag.py
[2026-08-21T13:58:29.724+0000] {logging_mixin.py:190} INFO - [2026-08-21T13:58:29.724+0000] {dagbag.py:387} ERROR - Failed to import: /opt/airflow/dags/first_dag.py
Traceback (most recent call last):
  File "/home/airflow/.local/lib/python3.12/site-packages/airflow/models/dagbag.py", line 383, in parse
    loader.exec_module(new_module)
  File "<frozen importlib._bootstrap_external>", line 995, in exec_module
  File "<frozen importlib._bootstrap_external>", line 1133, in get_code
  File "<frozen importlib._bootstrap_external>", line 1063, in source_to_code
  File "<frozen importlib._bootstrap>", line 488, in _call_with_frames_removed
  File "/opt/airflow/dags/first_dag.py", line 4
    dag1 = DAG(dag_id = "first_dag", start_date = datetime(2026,08,21), catchup = False )
                                                                ^
SyntaxError: leading zeros in decimal integer literals are not permitted; use an 0o prefix for octal integers
[2026-08-21T13:58:29.725+0000] {processor.py:927} WARNING - No viable dags retrieved from /opt/airflow/dags/first_dag.py
[2026-08-21T13:58:29.740+0000] {processor.py:208} INFO - Processing /opt/airflow/dags/first_dag.py took 0.033 seconds
[2026-08-21T13:58:59.849+0000] {processor.py:186} INFO - Started process (PID=1375) to work on /opt/airflow/dags/first_dag.py
[2026-08-21T13:58:59.850+0000] {processor.py:914} INFO - Processing file /opt/airflow/dags/first_dag.py for tasks to queue
[2026-08-21T13:58:59.851+0000] {logging_mixin.py:190} INFO - [2026-08-21T13:58:59.851+0000] {dagbag.py:588} INFO - Filling up the DagBag from /opt/airflow/dags/first_dag.py
[2026-08-21T13:58:59.854+0000] {logging_mixin.py:190} INFO - [2026-08-21T13:58:59.853+0000] {dagbag.py:387} ERROR - Failed to import: /opt/airflow/dags/first_dag.py
Traceback (most recent call last):
  File "/home/airflow/.local/lib/python3.12/site-packages/airflow/models/dagbag.py", line 383, in parse
    loader.exec_module(new_module)
  File "<frozen importlib._bootstrap_external>", line 995, in exec_module
  File "<frozen importlib._bootstrap_external>", line 1133, in get_code
  File "<frozen importlib._bootstrap_external>", line 1063, in source_to_code
  File "<frozen importlib._bootstrap>", line 488, in _call_with_frames_removed
  File "/opt/airflow/dags/first_dag.py", line 4
    dag1 = DAG(dag_id = "first_dag", start_date = datetime(2026,08,21), catchup = False )
                                                                ^
SyntaxError: leading zeros in decimal integer literals are not permitted; use an 0o prefix for octal integers
[2026-08-21T13:58:59.854+0000] {processor.py:927} WARNING - No viable dags retrieved from /opt/airflow/dags/first_dag.py
[2026-08-21T13:58:59.873+0000] {processor.py:208} INFO - Processing /opt/airflow/dags/first_dag.py took 0.029 seconds
[2026-08-21T13:59:30.026+0000] {processor.py:186} INFO - Started process (PID=1382) to work on /opt/airflow/dags/first_dag.py
[2026-08-21T13:59:30.033+0000] {processor.py:914} INFO - Processing file /opt/airflow/dags/first_dag.py for tasks to queue
[2026-08-21T13:59:30.035+0000] {logging_mixin.py:190} INFO - [2026-08-21T13:59:30.034+0000] {dagbag.py:588} INFO - Filling up the DagBag from /opt/airflow/dags/first_dag.py
[2026-08-21T13:59:30.039+0000] {logging_mixin.py:190} INFO - [2026-08-21T13:59:30.037+0000] {dagbag.py:387} ERROR - Failed to import: /opt/airflow/dags/first_dag.py
Traceback (most recent call last):
  File "/home/airflow/.local/lib/python3.12/site-packages/airflow/models/dagbag.py", line 383, in parse
    loader.exec_module(new_module)
  File "<frozen importlib._bootstrap_external>", line 995, in exec_module
  File "<frozen importlib._bootstrap_external>", line 1133, in get_code
  File "<frozen importlib._bootstrap_external>", line 1063, in source_to_code
  File "<frozen importlib._bootstrap>", line 488, in _call_with_frames_removed
  File "/opt/airflow/dags/first_dag.py", line 4
    dag1 = DAG(dag_id = "first_dag", start_date = datetime(2026,08,21), catchup = False )
                                                                ^
SyntaxError: leading zeros in decimal integer literals are not permitted; use an 0o prefix for octal integers
[2026-08-21T13:59:30.039+0000] {processor.py:927} WARNING - No viable dags retrieved from /opt/airflow/dags/first_dag.py
[2026-08-21T13:59:30.056+0000] {processor.py:208} INFO - Processing /opt/airflow/dags/first_dag.py took 0.034 seconds
[2026-08-21T14:00:00.166+0000] {processor.py:186} INFO - Started process (PID=1389) to work on /opt/airflow/dags/first_dag.py
[2026-08-21T14:00:00.166+0000] {processor.py:914} INFO - Processing file /opt/airflow/dags/first_dag.py for tasks to queue
[2026-08-21T14:00:00.167+0000] {logging_mixin.py:190} INFO - [2026-08-21T14:00:00.167+0000] {dagbag.py:588} INFO - Filling up the DagBag from /opt/airflow/dags/first_dag.py
[2026-08-21T14:00:00.170+0000] {logging_mixin.py:190} INFO - [2026-08-21T14:00:00.169+0000] {dagbag.py:387} ERROR - Failed to import: /opt/airflow/dags/first_dag.py
Traceback (most recent call last):
  File "/home/airflow/.local/lib/python3.12/site-packages/airflow/models/dagbag.py", line 383, in parse
    loader.exec_module(new_module)
  File "<frozen importlib._bootstrap_external>", line 995, in exec_module
  File "<frozen importlib._bootstrap_external>", line 1133, in get_code
  File "<frozen importlib._bootstrap_external>", line 1063, in source_to_code
  File "<frozen importlib._bootstrap>", line 488, in _call_with_frames_removed
  File "/opt/airflow/dags/first_dag.py", line 4
    dag1 = DAG(dag_id = "first_dag", start_date = datetime(2026,08,21), catchup = False )
                                                                ^
SyntaxError: leading zeros in decimal integer literals are not permitted; use an 0o prefix for octal integers
[2026-08-21T14:00:00.170+0000] {processor.py:927} WARNING - No viable dags retrieved from /opt/airflow/dags/first_dag.py
[2026-08-21T14:00:00.190+0000] {processor.py:208} INFO - Processing /opt/airflow/dags/first_dag.py took 0.029 seconds
[2026-08-21T14:00:30.340+0000] {processor.py:186} INFO - Started process (PID=1396) to work on /opt/airflow/dags/first_dag.py
[2026-08-21T14:00:30.347+0000] {processor.py:914} INFO - Processing file /opt/airflow/dags/first_dag.py for tasks to queue
[2026-08-21T14:00:30.348+0000] {logging_mixin.py:190} INFO - [2026-08-21T14:00:30.348+0000] {dagbag.py:588} INFO - Filling up the DagBag from /opt/airflow/dags/first_dag.py
[2026-08-21T14:00:30.354+0000] {logging_mixin.py:190} INFO - [2026-08-21T14:00:30.351+0000] {dagbag.py:387} ERROR - Failed to import: /opt/airflow/dags/first_dag.py
Traceback (most recent call last):
  File "/home/airflow/.local/lib/python3.12/site-packages/airflow/models/dagbag.py", line 383, in parse
    loader.exec_module(new_module)
  File "<frozen importlib._bootstrap_external>", line 995, in exec_module
  File "<frozen importlib._bootstrap_external>", line 1133, in get_code
  File "<frozen importlib._bootstrap_external>", line 1063, in source_to_code
  File "<frozen importlib._bootstrap>", line 488, in _call_with_frames_removed
  File "/opt/airflow/dags/first_dag.py", line 4
    dag1 = DAG(dag_id = "first_dag", start_date = datetime(2026,08,21), catchup = False )
                                                                ^
SyntaxError: leading zeros in decimal integer literals are not permitted; use an 0o prefix for octal integers
[2026-08-21T14:00:30.354+0000] {processor.py:927} WARNING - No viable dags retrieved from /opt/airflow/dags/first_dag.py
[2026-08-21T14:00:30.372+0000] {processor.py:208} INFO - Processing /opt/airflow/dags/first_dag.py took 0.036 seconds
[2026-08-21T14:01:00.496+0000] {processor.py:186} INFO - Started process (PID=1403) to work on /opt/airflow/dags/first_dag.py
[2026-08-21T14:01:00.498+0000] {processor.py:914} INFO - Processing file /opt/airflow/dags/first_dag.py for tasks to queue
[2026-08-21T14:01:00.500+0000] {logging_mixin.py:190} INFO - [2026-08-21T14:01:00.499+0000] {dagbag.py:588} INFO - Filling up the DagBag from /opt/airflow/dags/first_dag.py
[2026-08-21T14:01:00.505+0000] {logging_mixin.py:190} INFO - [2026-08-21T14:01:00.504+0000] {dagbag.py:387} ERROR - Failed to import: /opt/airflow/dags/first_dag.py
Traceback (most recent call last):
  File "/home/airflow/.local/lib/python3.12/site-packages/airflow/models/dagbag.py", line 383, in parse
    loader.exec_module(new_module)
  File "<frozen importlib._bootstrap_external>", line 995, in exec_module
  File "<frozen importlib._bootstrap_external>", line 1133, in get_code
  File "<frozen importlib._bootstrap_external>", line 1063, in source_to_code
  File "<frozen importlib._bootstrap>", line 488, in _call_with_frames_removed
  File "/opt/airflow/dags/first_dag.py", line 4
    dag1 = DAG(dag_id = "first_dag", start_date = datetime(2026,08,21), catchup = False )
                                                                ^
SyntaxError: leading zeros in decimal integer literals are not permitted; use an 0o prefix for octal integers
[2026-08-21T14:01:00.508+0000] {processor.py:927} WARNING - No viable dags retrieved from /opt/airflow/dags/first_dag.py
[2026-08-21T14:01:00.538+0000] {processor.py:208} INFO - Processing /opt/airflow/dags/first_dag.py took 0.050 seconds
[2026-08-21T14:01:30.645+0000] {processor.py:186} INFO - Started process (PID=1410) to work on /opt/airflow/dags/first_dag.py
[2026-08-21T14:01:30.652+0000] {processor.py:914} INFO - Processing file /opt/airflow/dags/first_dag.py for tasks to queue
[2026-08-21T14:01:30.653+0000] {logging_mixin.py:190} INFO - [2026-08-21T14:01:30.653+0000] {dagbag.py:588} INFO - Filling up the DagBag from /opt/airflow/dags/first_dag.py
[2026-08-21T14:01:30.657+0000] {logging_mixin.py:190} INFO - [2026-08-21T14:01:30.656+0000] {dagbag.py:387} ERROR - Failed to import: /opt/airflow/dags/first_dag.py
Traceback (most recent call last):
  File "/home/airflow/.local/lib/python3.12/site-packages/airflow/models/dagbag.py", line 383, in parse
    loader.exec_module(new_module)
  File "<frozen importlib._bootstrap_external>", line 995, in exec_module
  File "<frozen importlib._bootstrap_external>", line 1133, in get_code
  File "<frozen importlib._bootstrap_external>", line 1063, in source_to_code
  File "<frozen importlib._bootstrap>", line 488, in _call_with_frames_removed
  File "/opt/airflow/dags/first_dag.py", line 4
    dag1 = DAG(dag_id = "first_dag", start_date = datetime(2026,08,21), catchup = False )
                                                                ^
SyntaxError: leading zeros in decimal integer literals are not permitted; use an 0o prefix for octal integers
[2026-08-21T14:01:30.657+0000] {processor.py:927} WARNING - No viable dags retrieved from /opt/airflow/dags/first_dag.py
[2026-08-21T14:01:30.674+0000] {processor.py:208} INFO - Processing /opt/airflow/dags/first_dag.py took 0.038 seconds
[2026-08-21T14:01:56.784+0000] {processor.py:186} INFO - Started process (PID=1417) to work on /opt/airflow/dags/first_dag.py
[2026-08-21T14:01:56.785+0000] {processor.py:914} INFO - Processing file /opt/airflow/dags/first_dag.py for tasks to queue
[2026-08-21T14:01:56.785+0000] {logging_mixin.py:190} INFO - [2026-08-21T14:01:56.785+0000] {dagbag.py:588} INFO - Filling up the DagBag from /opt/airflow/dags/first_dag.py
[2026-08-21T14:01:56.789+0000] {logging_mixin.py:190} INFO - [2026-08-21T14:01:56.788+0000] {dagbag.py:387} ERROR - Failed to import: /opt/airflow/dags/first_dag.py
Traceback (most recent call last):
  File "/home/airflow/.local/lib/python3.12/site-packages/airflow/models/dagbag.py", line 383, in parse
    loader.exec_module(new_module)
  File "<frozen importlib._bootstrap_external>", line 995, in exec_module
  File "<frozen importlib._bootstrap_external>", line 1133, in get_code
  File "<frozen importlib._bootstrap_external>", line 1063, in source_to_code
  File "<frozen importlib._bootstrap>", line 488, in _call_with_frames_removed
  File "/opt/airflow/dags/first_dag.py", line 4
    dag1 = DAG(dag_id = "first_dag", start_date = datetime(2026,08,21), catchup = False )
                                                                ^
SyntaxError: leading zeros in decimal integer literals are not permitted; use an 0o prefix for octal integers
[2026-08-21T14:01:56.790+0000] {processor.py:927} WARNING - No viable dags retrieved from /opt/airflow/dags/first_dag.py
[2026-08-21T14:01:56.806+0000] {processor.py:208} INFO - Processing /opt/airflow/dags/first_dag.py took 0.027 seconds
[2026-08-21T14:02:00.821+0000] {processor.py:186} INFO - Started process (PID=1418) to work on /opt/airflow/dags/first_dag.py
[2026-08-21T14:02:00.822+0000] {processor.py:914} INFO - Processing file /opt/airflow/dags/first_dag.py for tasks to queue
[2026-08-21T14:02:00.823+0000] {logging_mixin.py:190} INFO - [2026-08-21T14:02:00.823+0000] {dagbag.py:588} INFO - Filling up the DagBag from /opt/airflow/dags/first_dag.py
[2026-08-21T14:02:00.826+0000] {logging_mixin.py:190} INFO - [2026-08-21T14:02:00.825+0000] {dagbag.py:387} ERROR - Failed to import: /opt/airflow/dags/first_dag.py
Traceback (most recent call last):
  File "/home/airflow/.local/lib/python3.12/site-packages/airflow/models/dagbag.py", line 383, in parse
    loader.exec_module(new_module)
  File "<frozen importlib._bootstrap_external>", line 995, in exec_module
  File "<frozen importlib._bootstrap_external>", line 1133, in get_code
  File "<frozen importlib._bootstrap_external>", line 1063, in source_to_code
  File "<frozen importlib._bootstrap>", line 488, in _call_with_frames_removed
  File "/opt/airflow/dags/first_dag.py", line 4
    dag1 = DAG(dag_id = "first_dag", start_date = datetime(2026,08,21), catchup = False )
                                                                ^
SyntaxError: leading zeros in decimal integer literals are not permitted; use an 0o prefix for octal integers
[2026-08-21T14:02:00.826+0000] {processor.py:927} WARNING - No viable dags retrieved from /opt/airflow/dags/first_dag.py
[2026-08-21T14:02:00.846+0000] {processor.py:208} INFO - Processing /opt/airflow/dags/first_dag.py took 0.030 seconds
[2026-08-21T14:02:02.866+0000] {processor.py:186} INFO - Started process (PID=1419) to work on /opt/airflow/dags/first_dag.py
[2026-08-21T14:02:02.868+0000] {processor.py:914} INFO - Processing file /opt/airflow/dags/first_dag.py for tasks to queue
[2026-08-21T14:02:02.869+0000] {logging_mixin.py:190} INFO - [2026-08-21T14:02:02.868+0000] {dagbag.py:588} INFO - Filling up the DagBag from /opt/airflow/dags/first_dag.py
[2026-08-21T14:02:02.872+0000] {logging_mixin.py:190} INFO - [2026-08-21T14:02:02.871+0000] {dagbag.py:387} ERROR - Failed to import: /opt/airflow/dags/first_dag.py
Traceback (most recent call last):
  File "/home/airflow/.local/lib/python3.12/site-packages/airflow/models/dagbag.py", line 383, in parse
    loader.exec_module(new_module)
  File "<frozen importlib._bootstrap_external>", line 995, in exec_module
  File "<frozen importlib._bootstrap_external>", line 1133, in get_code
  File "<frozen importlib._bootstrap_external>", line 1063, in source_to_code
  File "<frozen importlib._bootstrap>", line 488, in _call_with_frames_removed
  File "/opt/airflow/dags/first_dag.py", line 4
    dag1 = DAG(dag_id = "first_dag", start_date = datetime(2026,08,21), catchup = False )
                                                                ^
SyntaxError: leading zeros in decimal integer literals are not permitted; use an 0o prefix for octal integers
[2026-08-21T14:02:02.873+0000] {processor.py:927} WARNING - No viable dags retrieved from /opt/airflow/dags/first_dag.py
[2026-08-21T14:02:02.892+0000] {processor.py:208} INFO - Processing /opt/airflow/dags/first_dag.py took 0.031 seconds
[2026-08-21T14:02:04.896+0000] {processor.py:186} INFO - Started process (PID=1426) to work on /opt/airflow/dags/first_dag.py
[2026-08-21T14:02:04.897+0000] {processor.py:914} INFO - Processing file /opt/airflow/dags/first_dag.py for tasks to queue
[2026-08-21T14:02:04.898+0000] {logging_mixin.py:190} INFO - [2026-08-21T14:02:04.898+0000] {dagbag.py:588} INFO - Filling up the DagBag from /opt/airflow/dags/first_dag.py
[2026-08-21T14:02:04.902+0000] {logging_mixin.py:190} INFO - [2026-08-21T14:02:04.901+0000] {dagbag.py:387} ERROR - Failed to import: /opt/airflow/dags/first_dag.py
Traceback (most recent call last):
  File "/home/airflow/.local/lib/python3.12/site-packages/airflow/models/dagbag.py", line 383, in parse
    loader.exec_module(new_module)
  File "<frozen importlib._bootstrap_external>", line 995, in exec_module
  File "<frozen importlib._bootstrap_external>", line 1133, in get_code
  File "<frozen importlib._bootstrap_external>", line 1063, in source_to_code
  File "<frozen importlib._bootstrap>", line 488, in _call_with_frames_removed
  File "/opt/airflow/dags/first_dag.py", line 4
    dag1 = DAG(dag_id = "first_dag", start_date = datetime(2026,08,21), catchup = False )
                                                                ^
SyntaxError: leading zeros in decimal integer literals are not permitted; use an 0o prefix for octal integers
[2026-08-21T14:02:04.903+0000] {processor.py:927} WARNING - No viable dags retrieved from /opt/airflow/dags/first_dag.py
[2026-08-21T14:02:04.927+0000] {processor.py:208} INFO - Processing /opt/airflow/dags/first_dag.py took 0.036 seconds
[2026-08-21T14:02:06.939+0000] {processor.py:186} INFO - Started process (PID=1427) to work on /opt/airflow/dags/first_dag.py
[2026-08-21T14:02:06.940+0000] {processor.py:914} INFO - Processing file /opt/airflow/dags/first_dag.py for tasks to queue
[2026-08-21T14:02:06.941+0000] {logging_mixin.py:190} INFO - [2026-08-21T14:02:06.940+0000] {dagbag.py:588} INFO - Filling up the DagBag from /opt/airflow/dags/first_dag.py
[2026-08-21T14:02:06.943+0000] {logging_mixin.py:190} INFO - [2026-08-21T14:02:06.942+0000] {dagbag.py:387} ERROR - Failed to import: /opt/airflow/dags/first_dag.py
Traceback (most recent call last):
  File "/home/airflow/.local/lib/python3.12/site-packages/airflow/models/dagbag.py", line 383, in parse
    loader.exec_module(new_module)
  File "<frozen importlib._bootstrap_external>", line 995, in exec_module
  File "<frozen importlib._bootstrap_external>", line 1133, in get_code
  File "<frozen importlib._bootstrap_external>", line 1063, in source_to_code
  File "<frozen importlib._bootstrap>", line 488, in _call_with_frames_removed
  File "/opt/airflow/dags/first_dag.py", line 4
    dag1 = DAG(dag_id = "first_dag", start_date = datetime(2026,08,21), catchup = False )
                                                                ^
SyntaxError: leading zeros in decimal integer literals are not permitted; use an 0o prefix for octal integers
[2026-08-21T14:02:06.944+0000] {processor.py:927} WARNING - No viable dags retrieved from /opt/airflow/dags/first_dag.py
[2026-08-21T14:02:06.964+0000] {processor.py:208} INFO - Processing /opt/airflow/dags/first_dag.py took 0.029 seconds
[2026-08-21T14:02:08.978+0000] {processor.py:186} INFO - Started process (PID=1428) to work on /opt/airflow/dags/first_dag.py
[2026-08-21T14:02:08.978+0000] {processor.py:914} INFO - Processing file /opt/airflow/dags/first_dag.py for tasks to queue
[2026-08-21T14:02:08.979+0000] {logging_mixin.py:190} INFO - [2026-08-21T14:02:08.979+0000] {dagbag.py:588} INFO - Filling up the DagBag from /opt/airflow/dags/first_dag.py
[2026-08-21T14:02:08.983+0000] {logging_mixin.py:190} INFO - [2026-08-21T14:02:08.982+0000] {dagbag.py:387} ERROR - Failed to import: /opt/airflow/dags/first_dag.py
Traceback (most recent call last):
  File "/home/airflow/.local/lib/python3.12/site-packages/airflow/models/dagbag.py", line 383, in parse
    loader.exec_module(new_module)
  File "<frozen importlib._bootstrap_external>", line 995, in exec_module
  File "<frozen importlib._bootstrap_external>", line 1133, in get_code
  File "<frozen importlib._bootstrap_external>", line 1063, in source_to_code
  File "<frozen importlib._bootstrap>", line 488, in _call_with_frames_removed
  File "/opt/airflow/dags/first_dag.py", line 4
    dag1 = DAG(dag_id = "first_dag", start_date = datetime(2026,08,21), catchup = False )
                                                                ^
SyntaxError: leading zeros in decimal integer literals are not permitted; use an 0o prefix for octal integers
[2026-08-21T14:02:08.983+0000] {processor.py:927} WARNING - No viable dags retrieved from /opt/airflow/dags/first_dag.py
[2026-08-21T14:02:09.001+0000] {processor.py:208} INFO - Processing /opt/airflow/dags/first_dag.py took 0.028 seconds
[2026-08-21T14:02:11.012+0000] {processor.py:186} INFO - Started process (PID=1429) to work on /opt/airflow/dags/first_dag.py
[2026-08-21T14:02:11.012+0000] {processor.py:914} INFO - Processing file /opt/airflow/dags/first_dag.py for tasks to queue
[2026-08-21T14:02:11.013+0000] {logging_mixin.py:190} INFO - [2026-08-21T14:02:11.013+0000] {dagbag.py:588} INFO - Filling up the DagBag from /opt/airflow/dags/first_dag.py
[2026-08-21T14:02:11.016+0000] {logging_mixin.py:190} INFO - [2026-08-21T14:02:11.015+0000] {dagbag.py:387} ERROR - Failed to import: /opt/airflow/dags/first_dag.py
Traceback (most recent call last):
  File "/home/airflow/.local/lib/python3.12/site-packages/airflow/models/dagbag.py", line 383, in parse
    loader.exec_module(new_module)
  File "<frozen importlib._bootstrap_external>", line 995, in exec_module
  File "<frozen importlib._bootstrap_external>", line 1133, in get_code
  File "<frozen importlib._bootstrap_external>", line 1063, in source_to_code
  File "<frozen importlib._bootstrap>", line 488, in _call_with_frames_removed
  File "/opt/airflow/dags/first_dag.py", line 4
    dag1 = DAG(dag_id = "first_dag", start_date = datetime(2026,08,21), catchup = False )
                                                                ^
SyntaxError: leading zeros in decimal integer literals are not permitted; use an 0o prefix for octal integers
[2026-08-21T14:02:11.017+0000] {processor.py:927} WARNING - No viable dags retrieved from /opt/airflow/dags/first_dag.py
[2026-08-21T14:02:11.035+0000] {processor.py:208} INFO - Processing /opt/airflow/dags/first_dag.py took 0.028 seconds
[2026-08-21T14:02:12.044+0000] {processor.py:186} INFO - Started process (PID=1430) to work on /opt/airflow/dags/first_dag.py
[2026-08-21T14:02:12.044+0000] {processor.py:914} INFO - Processing file /opt/airflow/dags/first_dag.py for tasks to queue
[2026-08-21T14:02:12.045+0000] {logging_mixin.py:190} INFO - [2026-08-21T14:02:12.045+0000] {dagbag.py:588} INFO - Filling up the DagBag from /opt/airflow/dags/first_dag.py
[2026-08-21T14:02:12.048+0000] {logging_mixin.py:190} INFO - [2026-08-21T14:02:12.047+0000] {dagbag.py:387} ERROR - Failed to import: /opt/airflow/dags/first_dag.py
Traceback (most recent call last):
  File "/home/airflow/.local/lib/python3.12/site-packages/airflow/models/dagbag.py", line 383, in parse
    loader.exec_module(new_module)
  File "<frozen importlib._bootstrap_external>", line 995, in exec_module
  File "<frozen importlib._bootstrap_external>", line 1133, in get_code
  File "<frozen importlib._bootstrap_external>", line 1063, in source_to_code
  File "<frozen importlib._bootstrap>", line 488, in _call_with_frames_removed
  File "/opt/airflow/dags/first_dag.py", line 4
    dag1 = DAG(dag_id = "first_dag", start_date = datetime(2026,08,21), catchup = False )
                                                                ^
SyntaxError: leading zeros in decimal integer literals are not permitted; use an 0o prefix for octal integers
[2026-08-21T14:02:12.049+0000] {processor.py:927} WARNING - No viable dags retrieved from /opt/airflow/dags/first_dag.py
[2026-08-21T14:02:12.068+0000] {processor.py:208} INFO - Processing /opt/airflow/dags/first_dag.py took 0.029 seconds
[2026-08-21T14:02:14.079+0000] {processor.py:186} INFO - Started process (PID=1431) to work on /opt/airflow/dags/first_dag.py
[2026-08-21T14:02:14.079+0000] {processor.py:914} INFO - Processing file /opt/airflow/dags/first_dag.py for tasks to queue
[2026-08-21T14:02:14.081+0000] {logging_mixin.py:190} INFO - [2026-08-21T14:02:14.080+0000] {dagbag.py:588} INFO - Filling up the DagBag from /opt/airflow/dags/first_dag.py
[2026-08-21T14:02:14.083+0000] {logging_mixin.py:190} INFO - [2026-08-21T14:02:14.082+0000] {dagbag.py:387} ERROR - Failed to import: /opt/airflow/dags/first_dag.py
Traceback (most recent call last):
  File "/home/airflow/.local/lib/python3.12/site-packages/airflow/models/dagbag.py", line 383, in parse
    loader.exec_module(new_module)
  File "<frozen importlib._bootstrap_external>", line 995, in exec_module
  File "<frozen importlib._bootstrap_external>", line 1133, in get_code
  File "<frozen importlib._bootstrap_external>", line 1063, in source_to_code
  File "<frozen importlib._bootstrap>", line 488, in _call_with_frames_removed
  File "/opt/airflow/dags/first_dag.py", line 4
    dag1 = DAG(dag_id = "first_dag", start_date = datetime(2026,08,21), catchup = False )
                                                                ^
SyntaxError: leading zeros in decimal integer literals are not permitted; use an 0o prefix for octal integers
[2026-08-21T14:02:14.083+0000] {processor.py:927} WARNING - No viable dags retrieved from /opt/airflow/dags/first_dag.py
[2026-08-21T14:02:14.101+0000] {processor.py:208} INFO - Processing /opt/airflow/dags/first_dag.py took 0.027 seconds
[2026-08-21T14:02:18.128+0000] {processor.py:186} INFO - Started process (PID=1432) to work on /opt/airflow/dags/first_dag.py
[2026-08-21T14:02:18.129+0000] {processor.py:914} INFO - Processing file /opt/airflow/dags/first_dag.py for tasks to queue
[2026-08-21T14:02:18.129+0000] {logging_mixin.py:190} INFO - [2026-08-21T14:02:18.129+0000] {dagbag.py:588} INFO - Filling up the DagBag from /opt/airflow/dags/first_dag.py
[2026-08-21T14:02:18.133+0000] {logging_mixin.py:190} INFO - [2026-08-21T14:02:18.131+0000] {dagbag.py:387} ERROR - Failed to import: /opt/airflow/dags/first_dag.py
Traceback (most recent call last):
  File "/home/airflow/.local/lib/python3.12/site-packages/airflow/models/dagbag.py", line 383, in parse
    loader.exec_module(new_module)
  File "<frozen importlib._bootstrap_external>", line 995, in exec_module
  File "<frozen importlib._bootstrap_external>", line 1133, in get_code
  File "<frozen importlib._bootstrap_external>", line 1063, in source_to_code
  File "<frozen importlib._bootstrap>", line 488, in _call_with_frames_removed
  File "/opt/airflow/dags/first_dag.py", line 4
    dag1 = DAG(dag_id = "first_dag", start_date = datetime(2026,08,21), catchup = False )
                                                                ^
SyntaxError: leading zeros in decimal integer literals are not permitted; use an 0o prefix for octal integers
[2026-08-21T14:02:18.134+0000] {processor.py:927} WARNING - No viable dags retrieved from /opt/airflow/dags/first_dag.py
[2026-08-21T14:02:18.151+0000] {processor.py:208} INFO - Processing /opt/airflow/dags/first_dag.py took 0.028 seconds
[2026-08-21T14:02:22.158+0000] {processor.py:186} INFO - Started process (PID=1433) to work on /opt/airflow/dags/first_dag.py
[2026-08-21T14:02:22.159+0000] {processor.py:914} INFO - Processing file /opt/airflow/dags/first_dag.py for tasks to queue
[2026-08-21T14:02:22.159+0000] {logging_mixin.py:190} INFO - [2026-08-21T14:02:22.159+0000] {dagbag.py:588} INFO - Filling up the DagBag from /opt/airflow/dags/first_dag.py
[2026-08-21T14:02:22.162+0000] {logging_mixin.py:190} INFO - [2026-08-21T14:02:22.161+0000] {dagbag.py:387} ERROR - Failed to import: /opt/airflow/dags/first_dag.py
Traceback (most recent call last):
  File "/home/airflow/.local/lib/python3.12/site-packages/airflow/models/dagbag.py", line 383, in parse
    loader.exec_module(new_module)
  File "<frozen importlib._bootstrap_external>", line 995, in exec_module
  File "<frozen importlib._bootstrap_external>", line 1133, in get_code
  File "<frozen importlib._bootstrap_external>", line 1063, in source_to_code
  File "<frozen importlib._bootstrap>", line 488, in _call_with_frames_removed
  File "/opt/airflow/dags/first_dag.py", line 4
    dag1 = DAG(dag_id = "first_dag", start_date = datetime(2026,08,21), catchup = False )
                                                                ^
SyntaxError: leading zeros in decimal integer literals are not permitted; use an 0o prefix for octal integers
[2026-08-21T14:02:22.162+0000] {processor.py:927} WARNING - No viable dags retrieved from /opt/airflow/dags/first_dag.py
[2026-08-21T14:02:22.180+0000] {processor.py:208} INFO - Processing /opt/airflow/dags/first_dag.py took 0.026 seconds
[2026-08-21T14:02:27.221+0000] {processor.py:186} INFO - Started process (PID=1434) to work on /opt/airflow/dags/first_dag.py
[2026-08-21T14:02:27.222+0000] {processor.py:914} INFO - Processing file /opt/airflow/dags/first_dag.py for tasks to queue
[2026-08-21T14:02:27.225+0000] {logging_mixin.py:190} INFO - [2026-08-21T14:02:27.224+0000] {dagbag.py:588} INFO - Filling up the DagBag from /opt/airflow/dags/first_dag.py
[2026-08-21T14:02:27.228+0000] {logging_mixin.py:190} INFO - [2026-08-21T14:02:27.227+0000] {dagbag.py:387} ERROR - Failed to import: /opt/airflow/dags/first_dag.py
Traceback (most recent call last):
  File "/home/airflow/.local/lib/python3.12/site-packages/airflow/models/dagbag.py", line 383, in parse
    loader.exec_module(new_module)
  File "<frozen importlib._bootstrap_external>", line 995, in exec_module
  File "<frozen importlib._bootstrap_external>", line 1133, in get_code
  File "<frozen importlib._bootstrap_external>", line 1063, in source_to_code
  File "<frozen importlib._bootstrap>", line 488, in _call_with_frames_removed
  File "/opt/airflow/dags/first_dag.py", line 4
    dag1 = DAG(dag_id = "first_dag", start_date = datetime(2026,08,21), catchup = False )
                                                                ^
SyntaxError: leading zeros in decimal integer literals are not permitted; use an 0o prefix for octal integers
[2026-08-21T14:02:27.228+0000] {processor.py:927} WARNING - No viable dags retrieved from /opt/airflow/dags/first_dag.py
[2026-08-21T14:02:27.244+0000] {processor.py:208} INFO - Processing /opt/airflow/dags/first_dag.py took 0.029 seconds
[2026-08-21T14:02:28.242+0000] {processor.py:186} INFO - Started process (PID=1435) to work on /opt/airflow/dags/first_dag.py
[2026-08-21T14:02:28.243+0000] {processor.py:914} INFO - Processing file /opt/airflow/dags/first_dag.py for tasks to queue
[2026-08-21T14:02:28.243+0000] {logging_mixin.py:190} INFO - [2026-08-21T14:02:28.243+0000] {dagbag.py:588} INFO - Filling up the DagBag from /opt/airflow/dags/first_dag.py
[2026-08-21T14:02:28.246+0000] {logging_mixin.py:190} INFO - [2026-08-21T14:02:28.245+0000] {dagbag.py:387} ERROR - Failed to import: /opt/airflow/dags/first_dag.py
Traceback (most recent call last):
  File "/home/airflow/.local/lib/python3.12/site-packages/airflow/models/dagbag.py", line 383, in parse
    loader.exec_module(new_module)
  File "<frozen importlib._bootstrap_external>", line 995, in exec_module
  File "<frozen importlib._bootstrap_external>", line 1133, in get_code
  File "<frozen importlib._bootstrap_external>", line 1063, in source_to_code
  File "<frozen importlib._bootstrap>", line 488, in _call_with_frames_removed
  File "/opt/airflow/dags/first_dag.py", line 4
    dag1 = DAG(dag_id = "first_dag", start_date = datetime(2026,08,21), catchup = False )
                                                                ^
SyntaxError: leading zeros in decimal integer literals are not permitted; use an 0o prefix for octal integers
[2026-08-21T14:02:28.246+0000] {processor.py:927} WARNING - No viable dags retrieved from /opt/airflow/dags/first_dag.py
[2026-08-21T14:02:28.279+0000] {processor.py:208} INFO - Processing /opt/airflow/dags/first_dag.py took 0.042 seconds
[2026-08-21T14:02:29.284+0000] {processor.py:186} INFO - Started process (PID=1436) to work on /opt/airflow/dags/first_dag.py
[2026-08-21T14:02:29.284+0000] {processor.py:914} INFO - Processing file /opt/airflow/dags/first_dag.py for tasks to queue
[2026-08-21T14:02:29.285+0000] {logging_mixin.py:190} INFO - [2026-08-21T14:02:29.285+0000] {dagbag.py:588} INFO - Filling up the DagBag from /opt/airflow/dags/first_dag.py
[2026-08-21T14:02:29.288+0000] {logging_mixin.py:190} INFO - [2026-08-21T14:02:29.287+0000] {dagbag.py:387} ERROR - Failed to import: /opt/airflow/dags/first_dag.py
Traceback (most recent call last):
  File "/home/airflow/.local/lib/python3.12/site-packages/airflow/models/dagbag.py", line 383, in parse
    loader.exec_module(new_module)
  File "<frozen importlib._bootstrap_external>", line 995, in exec_module
  File "<frozen importlib._bootstrap_external>", line 1133, in get_code
  File "<frozen importlib._bootstrap_external>", line 1063, in source_to_code
  File "<frozen importlib._bootstrap>", line 488, in _call_with_frames_removed
  File "/opt/airflow/dags/first_dag.py", line 4
    dag1 = DAG(dag_id = "first_dag", start_date = datetime(2026,08,21), catchup = False )
                                                                ^
SyntaxError: leading zeros in decimal integer literals are not permitted; use an 0o prefix for octal integers
[2026-08-21T14:02:29.288+0000] {processor.py:927} WARNING - No viable dags retrieved from /opt/airflow/dags/first_dag.py
[2026-08-21T14:02:29.307+0000] {processor.py:208} INFO - Processing /opt/airflow/dags/first_dag.py took 0.028 seconds
[2026-08-21T14:02:35.351+0000] {processor.py:186} INFO - Started process (PID=1443) to work on /opt/airflow/dags/first_dag.py
[2026-08-21T14:02:35.358+0000] {processor.py:914} INFO - Processing file /opt/airflow/dags/first_dag.py for tasks to queue
[2026-08-21T14:02:35.359+0000] {logging_mixin.py:190} INFO - [2026-08-21T14:02:35.359+0000] {dagbag.py:588} INFO - Filling up the DagBag from /opt/airflow/dags/first_dag.py
[2026-08-21T14:02:35.362+0000] {logging_mixin.py:190} INFO - [2026-08-21T14:02:35.361+0000] {dagbag.py:387} ERROR - Failed to import: /opt/airflow/dags/first_dag.py
Traceback (most recent call last):
  File "/home/airflow/.local/lib/python3.12/site-packages/airflow/models/dagbag.py", line 383, in parse
    loader.exec_module(new_module)
  File "<frozen importlib._bootstrap_external>", line 995, in exec_module
  File "<frozen importlib._bootstrap_external>", line 1133, in get_code
  File "<frozen importlib._bootstrap_external>", line 1063, in source_to_code
  File "<frozen importlib._bootstrap>", line 488, in _call_with_frames_removed
  File "/opt/airflow/dags/first_dag.py", line 4
    dag1 = DAG(dag_id = "first_dag", start_date = datetime(2026,08,21), catchup = False )
                                                                ^
SyntaxError: leading zeros in decimal integer literals are not permitted; use an 0o prefix for octal integers
[2026-08-21T14:02:35.362+0000] {processor.py:927} WARNING - No viable dags retrieved from /opt/airflow/dags/first_dag.py
[2026-08-21T14:02:35.382+0000] {processor.py:208} INFO - Processing /opt/airflow/dags/first_dag.py took 0.036 seconds
[2026-08-21T14:02:38.378+0000] {processor.py:186} INFO - Started process (PID=1444) to work on /opt/airflow/dags/first_dag.py
[2026-08-21T14:02:38.379+0000] {processor.py:914} INFO - Processing file /opt/airflow/dags/first_dag.py for tasks to queue
[2026-08-21T14:02:38.382+0000] {logging_mixin.py:190} INFO - [2026-08-21T14:02:38.381+0000] {dagbag.py:588} INFO - Filling up the DagBag from /opt/airflow/dags/first_dag.py
[2026-08-21T14:02:38.385+0000] {logging_mixin.py:190} INFO - [2026-08-21T14:02:38.384+0000] {dagbag.py:387} ERROR - Failed to import: /opt/airflow/dags/first_dag.py
Traceback (most recent call last):
  File "/home/airflow/.local/lib/python3.12/site-packages/airflow/models/dagbag.py", line 383, in parse
    loader.exec_module(new_module)
  File "<frozen importlib._bootstrap_external>", line 995, in exec_module
  File "<frozen importlib._bootstrap_external>", line 1133, in get_code
  File "<frozen importlib._bootstrap_external>", line 1063, in source_to_code
  File "<frozen importlib._bootstrap>", line 488, in _call_with_frames_removed
  File "/opt/airflow/dags/first_dag.py", line 4
    dag1 = DAG(dag_id = "first_dag", start_date = datetime(2026,08,21), catchup = False )
                                                                ^
SyntaxError: leading zeros in decimal integer literals are not permitted; use an 0o prefix for octal integers
[2026-08-21T14:02:38.385+0000] {processor.py:927} WARNING - No viable dags retrieved from /opt/airflow/dags/first_dag.py
[2026-08-21T14:02:38.402+0000] {processor.py:208} INFO - Processing /opt/airflow/dags/first_dag.py took 0.032 seconds
[2026-08-21T14:02:39.433+0000] {processor.py:186} INFO - Started process (PID=1445) to work on /opt/airflow/dags/first_dag.py
[2026-08-21T14:02:39.434+0000] {processor.py:914} INFO - Processing file /opt/airflow/dags/first_dag.py for tasks to queue
[2026-08-21T14:02:39.435+0000] {logging_mixin.py:190} INFO - [2026-08-21T14:02:39.435+0000] {dagbag.py:588} INFO - Filling up the DagBag from /opt/airflow/dags/first_dag.py
[2026-08-21T14:02:39.438+0000] {logging_mixin.py:190} INFO - [2026-08-21T14:02:39.437+0000] {dagbag.py:387} ERROR - Failed to import: /opt/airflow/dags/first_dag.py
Traceback (most recent call last):
  File "/home/airflow/.local/lib/python3.12/site-packages/airflow/models/dagbag.py", line 383, in parse
    loader.exec_module(new_module)
  File "<frozen importlib._bootstrap_external>", line 995, in exec_module
  File "<frozen importlib._bootstrap_external>", line 1133, in get_code
  File "<frozen importlib._bootstrap_external>", line 1063, in source_to_code
  File "<frozen importlib._bootstrap>", line 488, in _call_with_frames_removed
  File "/opt/airflow/dags/first_dag.py", line 4
    dag1 = DAG(dag_id = "first_dag", start_date = datetime(2026,08,21), catchup = False )
                                                                ^
SyntaxError: leading zeros in decimal integer literals are not permitted; use an 0o prefix for octal integers
[2026-08-21T14:02:39.439+0000] {processor.py:927} WARNING - No viable dags retrieved from /opt/airflow/dags/first_dag.py
[2026-08-21T14:02:39.461+0000] {processor.py:208} INFO - Processing /opt/airflow/dags/first_dag.py took 0.033 seconds
[2026-08-21T14:02:43.465+0000] {processor.py:186} INFO - Started process (PID=1446) to work on /opt/airflow/dags/first_dag.py
[2026-08-21T14:02:43.466+0000] {processor.py:914} INFO - Processing file /opt/airflow/dags/first_dag.py for tasks to queue
[2026-08-21T14:02:43.467+0000] {logging_mixin.py:190} INFO - [2026-08-21T14:02:43.467+0000] {dagbag.py:588} INFO - Filling up the DagBag from /opt/airflow/dags/first_dag.py
[2026-08-21T14:02:43.470+0000] {logging_mixin.py:190} INFO - [2026-08-21T14:02:43.469+0000] {dagbag.py:387} ERROR - Failed to import: /opt/airflow/dags/first_dag.py
Traceback (most recent call last):
  File "/home/airflow/.local/lib/python3.12/site-packages/airflow/models/dagbag.py", line 383, in parse
    loader.exec_module(new_module)
  File "<frozen importlib._bootstrap_external>", line 995, in exec_module
  File "<frozen importlib._bootstrap_external>", line 1133, in get_code
  File "<frozen importlib._bootstrap_external>", line 1063, in source_to_code
  File "<frozen importlib._bootstrap>", line 488, in _call_with_frames_removed
  File "/opt/airflow/dags/first_dag.py", line 4
    dag1 = DAG(dag_id = "first_dag", start_date = datetime(2026,08,21), catchup = False )
                                                                ^
SyntaxError: leading zeros in decimal integer literals are not permitted; use an 0o prefix for octal integers
[2026-08-21T14:02:43.470+0000] {processor.py:927} WARNING - No viable dags retrieved from /opt/airflow/dags/first_dag.py
[2026-08-21T14:02:43.485+0000] {processor.py:208} INFO - Processing /opt/airflow/dags/first_dag.py took 0.027 seconds
[2026-08-21T14:02:45.518+0000] {processor.py:186} INFO - Started process (PID=1447) to work on /opt/airflow/dags/first_dag.py
[2026-08-21T14:02:45.518+0000] {processor.py:914} INFO - Processing file /opt/airflow/dags/first_dag.py for tasks to queue
[2026-08-21T14:02:45.519+0000] {logging_mixin.py:190} INFO - [2026-08-21T14:02:45.519+0000] {dagbag.py:588} INFO - Filling up the DagBag from /opt/airflow/dags/first_dag.py
[2026-08-21T14:02:45.522+0000] {logging_mixin.py:190} INFO - [2026-08-21T14:02:45.521+0000] {dagbag.py:387} ERROR - Failed to import: /opt/airflow/dags/first_dag.py
Traceback (most recent call last):
  File "/home/airflow/.local/lib/python3.12/site-packages/airflow/models/dagbag.py", line 383, in parse
    loader.exec_module(new_module)
  File "<frozen importlib._bootstrap_external>", line 995, in exec_module
  File "<frozen importlib._bootstrap_external>", line 1133, in get_code
  File "<frozen importlib._bootstrap_external>", line 1063, in source_to_code
  File "<frozen importlib._bootstrap>", line 488, in _call_with_frames_removed
  File "/opt/airflow/dags/first_dag.py", line 4
    dag1 = DAG(dag_id = "first_dag", start_date = datetime(2026,08,21), catchup = False )
                                                                ^
SyntaxError: leading zeros in decimal integer literals are not permitted; use an 0o prefix for octal integers
[2026-08-21T14:02:45.522+0000] {processor.py:927} WARNING - No viable dags retrieved from /opt/airflow/dags/first_dag.py
[2026-08-21T14:02:45.539+0000] {processor.py:208} INFO - Processing /opt/airflow/dags/first_dag.py took 0.026 seconds
[2026-08-21T14:02:48.545+0000] {processor.py:186} INFO - Started process (PID=1448) to work on /opt/airflow/dags/first_dag.py
[2026-08-21T14:02:48.545+0000] {processor.py:914} INFO - Processing file /opt/airflow/dags/first_dag.py for tasks to queue
[2026-08-21T14:02:48.546+0000] {logging_mixin.py:190} INFO - [2026-08-21T14:02:48.546+0000] {dagbag.py:588} INFO - Filling up the DagBag from /opt/airflow/dags/first_dag.py
[2026-08-21T14:02:48.550+0000] {logging_mixin.py:190} INFO - [2026-08-21T14:02:48.549+0000] {dagbag.py:387} ERROR - Failed to import: /opt/airflow/dags/first_dag.py
Traceback (most recent call last):
  File "/home/airflow/.local/lib/python3.12/site-packages/airflow/models/dagbag.py", line 383, in parse
    loader.exec_module(new_module)
  File "<frozen importlib._bootstrap_external>", line 995, in exec_module
  File "<frozen importlib._bootstrap_external>", line 1133, in get_code
  File "<frozen importlib._bootstrap_external>", line 1063, in source_to_code
  File "<frozen importlib._bootstrap>", line 488, in _call_with_frames_removed
  File "/opt/airflow/dags/first_dag.py", line 4
    dag1 = DAG(dag_id = "first_dag", start_date = datetime(2026,08,21), catchup = False )
                                                                ^
SyntaxError: leading zeros in decimal integer literals are not permitted; use an 0o prefix for octal integers
[2026-08-21T14:02:48.550+0000] {processor.py:927} WARNING - No viable dags retrieved from /opt/airflow/dags/first_dag.py
[2026-08-21T14:02:48.568+0000] {processor.py:208} INFO - Processing /opt/airflow/dags/first_dag.py took 0.029 seconds
[2026-08-21T14:02:50.585+0000] {processor.py:186} INFO - Started process (PID=1449) to work on /opt/airflow/dags/first_dag.py
[2026-08-21T14:02:50.586+0000] {processor.py:914} INFO - Processing file /opt/airflow/dags/first_dag.py for tasks to queue
[2026-08-21T14:02:50.588+0000] {logging_mixin.py:190} INFO - [2026-08-21T14:02:50.588+0000] {dagbag.py:588} INFO - Filling up the DagBag from /opt/airflow/dags/first_dag.py
[2026-08-21T14:02:50.593+0000] {logging_mixin.py:190} INFO - [2026-08-21T14:02:50.591+0000] {dagbag.py:387} ERROR - Failed to import: /opt/airflow/dags/first_dag.py
Traceback (most recent call last):
  File "/home/airflow/.local/lib/python3.12/site-packages/airflow/models/dagbag.py", line 383, in parse
    loader.exec_module(new_module)
  File "<frozen importlib._bootstrap_external>", line 995, in exec_module
  File "<frozen importlib._bootstrap_external>", line 1133, in get_code
  File "<frozen importlib._bootstrap_external>", line 1063, in source_to_code
  File "<frozen importlib._bootstrap>", line 488, in _call_with_frames_removed
  File "/opt/airflow/dags/first_dag.py", line 4
    dag1 = DAG(dag_id = "first_dag", start_date = datetime(2026,08,21), catchup = False )
                                                                ^
SyntaxError: leading zeros in decimal integer literals are not permitted; use an 0o prefix for octal integers
[2026-08-21T14:02:50.593+0000] {processor.py:927} WARNING - No viable dags retrieved from /opt/airflow/dags/first_dag.py
[2026-08-21T14:02:50.608+0000] {processor.py:208} INFO - Processing /opt/airflow/dags/first_dag.py took 0.028 seconds
[2026-08-21T14:02:52.615+0000] {processor.py:186} INFO - Started process (PID=1450) to work on /opt/airflow/dags/first_dag.py
[2026-08-21T14:02:52.616+0000] {processor.py:914} INFO - Processing file /opt/airflow/dags/first_dag.py for tasks to queue
[2026-08-21T14:02:52.617+0000] {logging_mixin.py:190} INFO - [2026-08-21T14:02:52.616+0000] {dagbag.py:588} INFO - Filling up the DagBag from /opt/airflow/dags/first_dag.py
[2026-08-21T14:02:52.619+0000] {logging_mixin.py:190} INFO - [2026-08-21T14:02:52.618+0000] {dagbag.py:387} ERROR - Failed to import: /opt/airflow/dags/first_dag.py
Traceback (most recent call last):
  File "/home/airflow/.local/lib/python3.12/site-packages/airflow/models/dagbag.py", line 383, in parse
    loader.exec_module(new_module)
  File "<frozen importlib._bootstrap_external>", line 995, in exec_module
  File "<frozen importlib._bootstrap_external>", line 1133, in get_code
  File "<frozen importlib._bootstrap_external>", line 1063, in source_to_code
  File "<frozen importlib._bootstrap>", line 488, in _call_with_frames_removed
  File "/opt/airflow/dags/first_dag.py", line 4
    dag1 = DAG(dag_id = "first_dag", start_date = datetime(2026,08,21), catchup = False )
                                                                ^
SyntaxError: leading zeros in decimal integer literals are not permitted; use an 0o prefix for octal integers
[2026-08-21T14:02:52.619+0000] {processor.py:927} WARNING - No viable dags retrieved from /opt/airflow/dags/first_dag.py
[2026-08-21T14:02:52.638+0000] {processor.py:208} INFO - Processing /opt/airflow/dags/first_dag.py took 0.029 seconds
[2026-08-21T14:02:54.654+0000] {processor.py:186} INFO - Started process (PID=1451) to work on /opt/airflow/dags/first_dag.py
[2026-08-21T14:02:54.654+0000] {processor.py:914} INFO - Processing file /opt/airflow/dags/first_dag.py for tasks to queue
[2026-08-21T14:02:54.655+0000] {logging_mixin.py:190} INFO - [2026-08-21T14:02:54.655+0000] {dagbag.py:588} INFO - Filling up the DagBag from /opt/airflow/dags/first_dag.py
[2026-08-21T14:02:54.658+0000] {logging_mixin.py:190} INFO - [2026-08-21T14:02:54.657+0000] {dagbag.py:387} ERROR - Failed to import: /opt/airflow/dags/first_dag.py
Traceback (most recent call last):
  File "/home/airflow/.local/lib/python3.12/site-packages/airflow/models/dagbag.py", line 383, in parse
    loader.exec_module(new_module)
  File "<frozen importlib._bootstrap_external>", line 995, in exec_module
  File "<frozen importlib._bootstrap_external>", line 1133, in get_code
  File "<frozen importlib._bootstrap_external>", line 1063, in source_to_code
  File "<frozen importlib._bootstrap>", line 488, in _call_with_frames_removed
  File "/opt/airflow/dags/first_dag.py", line 4
    dag1 = DAG(dag_id = "first_dag", start_date = datetime(2026,08,21), catchup = False )
                                                                ^
SyntaxError: leading zeros in decimal integer literals are not permitted; use an 0o prefix for octal integers
[2026-08-21T14:02:54.659+0000] {processor.py:927} WARNING - No viable dags retrieved from /opt/airflow/dags/first_dag.py
[2026-08-21T14:02:54.676+0000] {processor.py:208} INFO - Processing /opt/airflow/dags/first_dag.py took 0.027 seconds
[2026-08-21T14:02:57.689+0000] {processor.py:186} INFO - Started process (PID=1452) to work on /opt/airflow/dags/first_dag.py
[2026-08-21T14:02:57.690+0000] {processor.py:914} INFO - Processing file /opt/airflow/dags/first_dag.py for tasks to queue
[2026-08-21T14:02:57.690+0000] {logging_mixin.py:190} INFO - [2026-08-21T14:02:57.690+0000] {dagbag.py:588} INFO - Filling up the DagBag from /opt/airflow/dags/first_dag.py
[2026-08-21T14:02:57.693+0000] {logging_mixin.py:190} INFO - [2026-08-21T14:02:57.692+0000] {dagbag.py:387} ERROR - Failed to import: /opt/airflow/dags/first_dag.py
Traceback (most recent call last):
  File "/home/airflow/.local/lib/python3.12/site-packages/airflow/models/dagbag.py", line 383, in parse
    loader.exec_module(new_module)
  File "<frozen importlib._bootstrap_external>", line 995, in exec_module
  File "<frozen importlib._bootstrap_external>", line 1133, in get_code
  File "<frozen importlib._bootstrap_external>", line 1063, in source_to_code
  File "<frozen importlib._bootstrap>", line 488, in _call_with_frames_removed
  File "/opt/airflow/dags/first_dag.py", line 4
    dag1 = DAG(dag_id = "first_dag", start_date = datetime(2026,08,21), catchup = False )
                                                                ^
SyntaxError: leading zeros in decimal integer literals are not permitted; use an 0o prefix for octal integers
[2026-08-21T14:02:57.693+0000] {processor.py:927} WARNING - No viable dags retrieved from /opt/airflow/dags/first_dag.py
[2026-08-21T14:02:57.712+0000] {processor.py:208} INFO - Processing /opt/airflow/dags/first_dag.py took 0.029 seconds
[2026-08-21T14:03:04.746+0000] {processor.py:186} INFO - Started process (PID=1459) to work on /opt/airflow/dags/first_dag.py
[2026-08-21T14:03:04.748+0000] {processor.py:914} INFO - Processing file /opt/airflow/dags/first_dag.py for tasks to queue
[2026-08-21T14:03:04.750+0000] {logging_mixin.py:190} INFO - [2026-08-21T14:03:04.749+0000] {dagbag.py:588} INFO - Filling up the DagBag from /opt/airflow/dags/first_dag.py
[2026-08-21T14:03:04.754+0000] {logging_mixin.py:190} INFO - [2026-08-21T14:03:04.753+0000] {dagbag.py:387} ERROR - Failed to import: /opt/airflow/dags/first_dag.py
Traceback (most recent call last):
  File "/home/airflow/.local/lib/python3.12/site-packages/airflow/models/dagbag.py", line 383, in parse
    loader.exec_module(new_module)
  File "<frozen importlib._bootstrap_external>", line 995, in exec_module
  File "<frozen importlib._bootstrap_external>", line 1133, in get_code
  File "<frozen importlib._bootstrap_external>", line 1063, in source_to_code
  File "<frozen importlib._bootstrap>", line 488, in _call_with_frames_removed
  File "/opt/airflow/dags/first_dag.py", line 4
    dag1 = DAG(dag_id = "first_dag", start_date = datetime(2026,08,21), catchup = False )
                                                                ^
SyntaxError: leading zeros in decimal integer literals are not permitted; use an 0o prefix for octal integers
[2026-08-21T14:03:04.755+0000] {processor.py:927} WARNING - No viable dags retrieved from /opt/airflow/dags/first_dag.py
[2026-08-21T14:03:04.770+0000] {processor.py:208} INFO - Processing /opt/airflow/dags/first_dag.py took 0.029 seconds
[2026-08-21T14:03:06.783+0000] {processor.py:186} INFO - Started process (PID=1460) to work on /opt/airflow/dags/first_dag.py
[2026-08-21T14:03:06.784+0000] {processor.py:914} INFO - Processing file /opt/airflow/dags/first_dag.py for tasks to queue
[2026-08-21T14:03:06.786+0000] {logging_mixin.py:190} INFO - [2026-08-21T14:03:06.785+0000] {dagbag.py:588} INFO - Filling up the DagBag from /opt/airflow/dags/first_dag.py
[2026-08-21T14:03:06.790+0000] {logging_mixin.py:190} INFO - [2026-08-21T14:03:06.789+0000] {dagbag.py:387} ERROR - Failed to import: /opt/airflow/dags/first_dag.py
Traceback (most recent call last):
  File "/home/airflow/.local/lib/python3.12/site-packages/airflow/models/dagbag.py", line 383, in parse
    loader.exec_module(new_module)
  File "<frozen importlib._bootstrap_external>", line 995, in exec_module
  File "<frozen importlib._bootstrap_external>", line 1133, in get_code
  File "<frozen importlib._bootstrap_external>", line 1063, in source_to_code
  File "<frozen importlib._bootstrap>", line 488, in _call_with_frames_removed
  File "/opt/airflow/dags/first_dag.py", line 4
    dag1 = DAG(dag_id = "first_dag", start_date = datetime(2026,08,21), catchup = False )
                                                                ^
SyntaxError: leading zeros in decimal integer literals are not permitted; use an 0o prefix for octal integers
[2026-08-21T14:03:06.791+0000] {processor.py:927} WARNING - No viable dags retrieved from /opt/airflow/dags/first_dag.py
[2026-08-21T14:03:06.808+0000] {processor.py:208} INFO - Processing /opt/airflow/dags/first_dag.py took 0.031 seconds
[2026-08-21T14:03:11.831+0000] {processor.py:186} INFO - Started process (PID=1461) to work on /opt/airflow/dags/first_dag.py
[2026-08-21T14:03:11.832+0000] {processor.py:914} INFO - Processing file /opt/airflow/dags/first_dag.py for tasks to queue
[2026-08-21T14:03:11.834+0000] {logging_mixin.py:190} INFO - [2026-08-21T14:03:11.833+0000] {dagbag.py:588} INFO - Filling up the DagBag from /opt/airflow/dags/first_dag.py
[2026-08-21T14:03:11.837+0000] {logging_mixin.py:190} INFO - [2026-08-21T14:03:11.836+0000] {dagbag.py:387} ERROR - Failed to import: /opt/airflow/dags/first_dag.py
Traceback (most recent call last):
  File "/home/airflow/.local/lib/python3.12/site-packages/airflow/models/dagbag.py", line 383, in parse
    loader.exec_module(new_module)
  File "<frozen importlib._bootstrap_external>", line 995, in exec_module
  File "<frozen importlib._bootstrap_external>", line 1133, in get_code
  File "<frozen importlib._bootstrap_external>", line 1063, in source_to_code
  File "<frozen importlib._bootstrap>", line 488, in _call_with_frames_removed
  File "/opt/airflow/dags/first_dag.py", line 4
    dag1 = DAG(dag_id = "first_dag", start_date = datetime(2026,08,21), catchup = False )
                                                                ^
SyntaxError: leading zeros in decimal integer literals are not permitted; use an 0o prefix for octal integers
[2026-08-21T14:03:11.838+0000] {processor.py:927} WARNING - No viable dags retrieved from /opt/airflow/dags/first_dag.py
[2026-08-21T14:03:11.854+0000] {processor.py:208} INFO - Processing /opt/airflow/dags/first_dag.py took 0.029 seconds
[2026-08-21T14:03:18.884+0000] {processor.py:186} INFO - Started process (PID=1462) to work on /opt/airflow/dags/first_dag.py
[2026-08-21T14:03:18.884+0000] {processor.py:914} INFO - Processing file /opt/airflow/dags/first_dag.py for tasks to queue
[2026-08-21T14:03:18.886+0000] {logging_mixin.py:190} INFO - [2026-08-21T14:03:18.885+0000] {dagbag.py:588} INFO - Filling up the DagBag from /opt/airflow/dags/first_dag.py
[2026-08-21T14:03:18.888+0000] {logging_mixin.py:190} INFO - [2026-08-21T14:03:18.887+0000] {dagbag.py:387} ERROR - Failed to import: /opt/airflow/dags/first_dag.py
Traceback (most recent call last):
  File "/home/airflow/.local/lib/python3.12/site-packages/airflow/models/dagbag.py", line 383, in parse
    loader.exec_module(new_module)
  File "<frozen importlib._bootstrap_external>", line 995, in exec_module
  File "<frozen importlib._bootstrap_external>", line 1133, in get_code
  File "<frozen importlib._bootstrap_external>", line 1063, in source_to_code
  File "<frozen importlib._bootstrap>", line 488, in _call_with_frames_removed
  File "/opt/airflow/dags/first_dag.py", line 4
    dag1 = DAG(dag_id = "first_dag", start_date = datetime(2026,08,21), catchup = False )
                                                                ^
SyntaxError: leading zeros in decimal integer literals are not permitted; use an 0o prefix for octal integers
[2026-08-21T14:03:18.889+0000] {processor.py:927} WARNING - No viable dags retrieved from /opt/airflow/dags/first_dag.py
[2026-08-21T14:03:18.905+0000] {processor.py:208} INFO - Processing /opt/airflow/dags/first_dag.py took 0.027 seconds
[2026-08-21T14:03:24.935+0000] {processor.py:186} INFO - Started process (PID=1463) to work on /opt/airflow/dags/first_dag.py
[2026-08-21T14:03:24.942+0000] {processor.py:914} INFO - Processing file /opt/airflow/dags/first_dag.py for tasks to queue
[2026-08-21T14:03:24.943+0000] {logging_mixin.py:190} INFO - [2026-08-21T14:03:24.943+0000] {dagbag.py:588} INFO - Filling up the DagBag from /opt/airflow/dags/first_dag.py
[2026-08-21T14:03:24.948+0000] {logging_mixin.py:190} INFO - [2026-08-21T14:03:24.947+0000] {dagbag.py:387} ERROR - Failed to import: /opt/airflow/dags/first_dag.py
Traceback (most recent call last):
  File "/home/airflow/.local/lib/python3.12/site-packages/airflow/models/dagbag.py", line 383, in parse
    loader.exec_module(new_module)
  File "<frozen importlib._bootstrap_external>", line 995, in exec_module
  File "<frozen importlib._bootstrap_external>", line 1133, in get_code
  File "<frozen importlib._bootstrap_external>", line 1063, in source_to_code
  File "<frozen importlib._bootstrap>", line 488, in _call_with_frames_removed
  File "/opt/airflow/dags/first_dag.py", line 4
    dag1 = DAG(dag_id = "first_dag", start_date = datetime(2026,08,21), catchup = False )
                                                                ^
SyntaxError: leading zeros in decimal integer literals are not permitted; use an 0o prefix for octal integers
[2026-08-21T14:03:24.949+0000] {processor.py:927} WARNING - No viable dags retrieved from /opt/airflow/dags/first_dag.py
[2026-08-21T14:03:24.963+0000] {processor.py:208} INFO - Processing /opt/airflow/dags/first_dag.py took 0.033 seconds
[2026-08-21T14:03:27.970+0000] {processor.py:186} INFO - Started process (PID=1464) to work on /opt/airflow/dags/first_dag.py
[2026-08-21T14:03:27.971+0000] {processor.py:914} INFO - Processing file /opt/airflow/dags/first_dag.py for tasks to queue
[2026-08-21T14:03:27.972+0000] {logging_mixin.py:190} INFO - [2026-08-21T14:03:27.972+0000] {dagbag.py:588} INFO - Filling up the DagBag from /opt/airflow/dags/first_dag.py
[2026-08-21T14:03:27.974+0000] {logging_mixin.py:190} INFO - [2026-08-21T14:03:27.974+0000] {dagbag.py:387} ERROR - Failed to import: /opt/airflow/dags/first_dag.py
Traceback (most recent call last):
  File "/home/airflow/.local/lib/python3.12/site-packages/airflow/models/dagbag.py", line 383, in parse
    loader.exec_module(new_module)
  File "<frozen importlib._bootstrap_external>", line 995, in exec_module
  File "<frozen importlib._bootstrap_external>", line 1133, in get_code
  File "<frozen importlib._bootstrap_external>", line 1063, in source_to_code
  File "<frozen importlib._bootstrap>", line 488, in _call_with_frames_removed
  File "/opt/airflow/dags/first_dag.py", line 4
    dag1 = DAG(dag_id = "first_dag", start_date = datetime(2026,08,21), catchup = False )
                                                                ^
SyntaxError: leading zeros in decimal integer literals are not permitted; use an 0o prefix for octal integers
[2026-08-21T14:03:27.975+0000] {processor.py:927} WARNING - No viable dags retrieved from /opt/airflow/dags/first_dag.py
[2026-08-21T14:03:27.994+0000] {processor.py:208} INFO - Processing /opt/airflow/dags/first_dag.py took 0.030 seconds
[2026-08-21T14:03:58.121+0000] {processor.py:186} INFO - Started process (PID=1471) to work on /opt/airflow/dags/first_dag.py
[2026-08-21T14:03:58.122+0000] {processor.py:914} INFO - Processing file /opt/airflow/dags/first_dag.py for tasks to queue
[2026-08-21T14:03:58.123+0000] {logging_mixin.py:190} INFO - [2026-08-21T14:03:58.123+0000] {dagbag.py:588} INFO - Filling up the DagBag from /opt/airflow/dags/first_dag.py
[2026-08-21T14:03:58.128+0000] {logging_mixin.py:190} INFO - [2026-08-21T14:03:58.126+0000] {dagbag.py:387} ERROR - Failed to import: /opt/airflow/dags/first_dag.py
Traceback (most recent call last):
  File "/home/airflow/.local/lib/python3.12/site-packages/airflow/models/dagbag.py", line 383, in parse
    loader.exec_module(new_module)
  File "<frozen importlib._bootstrap_external>", line 995, in exec_module
  File "<frozen importlib._bootstrap_external>", line 1133, in get_code
  File "<frozen importlib._bootstrap_external>", line 1063, in source_to_code
  File "<frozen importlib._bootstrap>", line 488, in _call_with_frames_removed
  File "/opt/airflow/dags/first_dag.py", line 4
    dag1 = DAG(dag_id = "first_dag", start_date = datetime(2026,08,21), catchup = False )
                                                                ^
SyntaxError: leading zeros in decimal integer literals are not permitted; use an 0o prefix for octal integers
[2026-08-21T14:03:58.129+0000] {processor.py:927} WARNING - No viable dags retrieved from /opt/airflow/dags/first_dag.py
[2026-08-21T14:03:58.144+0000] {processor.py:208} INFO - Processing /opt/airflow/dags/first_dag.py took 0.027 seconds
[2026-08-21T14:04:28.264+0000] {processor.py:186} INFO - Started process (PID=1478) to work on /opt/airflow/dags/first_dag.py
[2026-08-21T14:04:28.271+0000] {processor.py:914} INFO - Processing file /opt/airflow/dags/first_dag.py for tasks to queue
[2026-08-21T14:04:28.273+0000] {logging_mixin.py:190} INFO - [2026-08-21T14:04:28.273+0000] {dagbag.py:588} INFO - Filling up the DagBag from /opt/airflow/dags/first_dag.py
[2026-08-21T14:04:28.277+0000] {logging_mixin.py:190} INFO - [2026-08-21T14:04:28.276+0000] {dagbag.py:387} ERROR - Failed to import: /opt/airflow/dags/first_dag.py
Traceback (most recent call last):
  File "/home/airflow/.local/lib/python3.12/site-packages/airflow/models/dagbag.py", line 383, in parse
    loader.exec_module(new_module)
  File "<frozen importlib._bootstrap_external>", line 995, in exec_module
  File "<frozen importlib._bootstrap_external>", line 1133, in get_code
  File "<frozen importlib._bootstrap_external>", line 1063, in source_to_code
  File "<frozen importlib._bootstrap>", line 488, in _call_with_frames_removed
  File "/opt/airflow/dags/first_dag.py", line 4
    dag1 = DAG(dag_id = "first_dag", start_date = datetime(2026,08,21), catchup = False )
                                                                ^
SyntaxError: leading zeros in decimal integer literals are not permitted; use an 0o prefix for octal integers
[2026-08-21T14:04:28.278+0000] {processor.py:927} WARNING - No viable dags retrieved from /opt/airflow/dags/first_dag.py
[2026-08-21T14:04:28.292+0000] {processor.py:208} INFO - Processing /opt/airflow/dags/first_dag.py took 0.033 seconds
[2026-08-21T14:04:58.416+0000] {processor.py:186} INFO - Started process (PID=1485) to work on /opt/airflow/dags/first_dag.py
[2026-08-21T14:04:58.417+0000] {processor.py:914} INFO - Processing file /opt/airflow/dags/first_dag.py for tasks to queue
[2026-08-21T14:04:58.418+0000] {logging_mixin.py:190} INFO - [2026-08-21T14:04:58.418+0000] {dagbag.py:588} INFO - Filling up the DagBag from /opt/airflow/dags/first_dag.py
[2026-08-21T14:04:58.421+0000] {logging_mixin.py:190} INFO - [2026-08-21T14:04:58.420+0000] {dagbag.py:387} ERROR - Failed to import: /opt/airflow/dags/first_dag.py
Traceback (most recent call last):
  File "/home/airflow/.local/lib/python3.12/site-packages/airflow/models/dagbag.py", line 383, in parse
    loader.exec_module(new_module)
  File "<frozen importlib._bootstrap_external>", line 995, in exec_module
  File "<frozen importlib._bootstrap_external>", line 1133, in get_code
  File "<frozen importlib._bootstrap_external>", line 1063, in source_to_code
  File "<frozen importlib._bootstrap>", line 488, in _call_with_frames_removed
  File "/opt/airflow/dags/first_dag.py", line 4
    dag1 = DAG(dag_id = "first_dag", start_date = datetime(2026,08,21), catchup = False )
                                                                ^
SyntaxError: leading zeros in decimal integer literals are not permitted; use an 0o prefix for octal integers
[2026-08-21T14:04:58.422+0000] {processor.py:927} WARNING - No viable dags retrieved from /opt/airflow/dags/first_dag.py
[2026-08-21T14:04:58.436+0000] {processor.py:208} INFO - Processing /opt/airflow/dags/first_dag.py took 0.026 seconds
[2026-08-21T14:05:28.555+0000] {processor.py:186} INFO - Started process (PID=1492) to work on /opt/airflow/dags/first_dag.py
[2026-08-21T14:05:28.562+0000] {processor.py:914} INFO - Processing file /opt/airflow/dags/first_dag.py for tasks to queue
[2026-08-21T14:05:28.564+0000] {logging_mixin.py:190} INFO - [2026-08-21T14:05:28.563+0000] {dagbag.py:588} INFO - Filling up the DagBag from /opt/airflow/dags/first_dag.py
[2026-08-21T14:05:28.568+0000] {logging_mixin.py:190} INFO - [2026-08-21T14:05:28.567+0000] {dagbag.py:387} ERROR - Failed to import: /opt/airflow/dags/first_dag.py
Traceback (most recent call last):
  File "/home/airflow/.local/lib/python3.12/site-packages/airflow/models/dagbag.py", line 383, in parse
    loader.exec_module(new_module)
  File "<frozen importlib._bootstrap_external>", line 995, in exec_module
  File "<frozen importlib._bootstrap_external>", line 1133, in get_code
  File "<frozen importlib._bootstrap_external>", line 1063, in source_to_code
  File "<frozen importlib._bootstrap>", line 488, in _call_with_frames_removed
  File "/opt/airflow/dags/first_dag.py", line 4
    dag1 = DAG(dag_id = "first_dag", start_date = datetime(2026,08,21), catchup = False )
                                                                ^
SyntaxError: leading zeros in decimal integer literals are not permitted; use an 0o prefix for octal integers
[2026-08-21T14:05:28.568+0000] {processor.py:927} WARNING - No viable dags retrieved from /opt/airflow/dags/first_dag.py
[2026-08-21T14:05:28.586+0000] {processor.py:208} INFO - Processing /opt/airflow/dags/first_dag.py took 0.036 seconds
[2026-08-21T14:05:58.701+0000] {processor.py:186} INFO - Started process (PID=1499) to work on /opt/airflow/dags/first_dag.py
[2026-08-21T14:05:58.702+0000] {processor.py:914} INFO - Processing file /opt/airflow/dags/first_dag.py for tasks to queue
[2026-08-21T14:05:58.703+0000] {logging_mixin.py:190} INFO - [2026-08-21T14:05:58.702+0000] {dagbag.py:588} INFO - Filling up the DagBag from /opt/airflow/dags/first_dag.py
[2026-08-21T14:05:58.705+0000] {logging_mixin.py:190} INFO - [2026-08-21T14:05:58.704+0000] {dagbag.py:387} ERROR - Failed to import: /opt/airflow/dags/first_dag.py
Traceback (most recent call last):
  File "/home/airflow/.local/lib/python3.12/site-packages/airflow/models/dagbag.py", line 383, in parse
    loader.exec_module(new_module)
  File "<frozen importlib._bootstrap_external>", line 995, in exec_module
  File "<frozen importlib._bootstrap_external>", line 1133, in get_code
  File "<frozen importlib._bootstrap_external>", line 1063, in source_to_code
  File "<frozen importlib._bootstrap>", line 488, in _call_with_frames_removed
  File "/opt/airflow/dags/first_dag.py", line 4
    dag1 = DAG(dag_id = "first_dag", start_date = datetime(2026,08,21), catchup = False )
                                                                ^
SyntaxError: leading zeros in decimal integer literals are not permitted; use an 0o prefix for octal integers
[2026-08-21T14:05:58.705+0000] {processor.py:927} WARNING - No viable dags retrieved from /opt/airflow/dags/first_dag.py
[2026-08-21T14:05:58.720+0000] {processor.py:208} INFO - Processing /opt/airflow/dags/first_dag.py took 0.023 seconds
[2026-08-21T14:06:28.865+0000] {processor.py:186} INFO - Started process (PID=1506) to work on /opt/airflow/dags/first_dag.py
[2026-08-21T14:06:28.872+0000] {processor.py:914} INFO - Processing file /opt/airflow/dags/first_dag.py for tasks to queue
[2026-08-21T14:06:28.873+0000] {logging_mixin.py:190} INFO - [2026-08-21T14:06:28.873+0000] {dagbag.py:588} INFO - Filling up the DagBag from /opt/airflow/dags/first_dag.py
[2026-08-21T14:06:28.876+0000] {logging_mixin.py:190} INFO - [2026-08-21T14:06:28.875+0000] {dagbag.py:387} ERROR - Failed to import: /opt/airflow/dags/first_dag.py
Traceback (most recent call last):
  File "/home/airflow/.local/lib/python3.12/site-packages/airflow/models/dagbag.py", line 383, in parse
    loader.exec_module(new_module)
  File "<frozen importlib._bootstrap_external>", line 995, in exec_module
  File "<frozen importlib._bootstrap_external>", line 1133, in get_code
  File "<frozen importlib._bootstrap_external>", line 1063, in source_to_code
  File "<frozen importlib._bootstrap>", line 488, in _call_with_frames_removed
  File "/opt/airflow/dags/first_dag.py", line 4
    dag1 = DAG(dag_id = "first_dag", start_date = datetime(2026,08,21), catchup = False )
                                                                ^
SyntaxError: leading zeros in decimal integer literals are not permitted; use an 0o prefix for octal integers
[2026-08-21T14:06:28.877+0000] {processor.py:927} WARNING - No viable dags retrieved from /opt/airflow/dags/first_dag.py
[2026-08-21T14:06:28.891+0000] {processor.py:208} INFO - Processing /opt/airflow/dags/first_dag.py took 0.031 seconds
[2026-08-21T14:06:50.967+0000] {processor.py:186} INFO - Started process (PID=1513) to work on /opt/airflow/dags/first_dag.py
[2026-08-21T14:06:50.967+0000] {processor.py:914} INFO - Processing file /opt/airflow/dags/first_dag.py for tasks to queue
[2026-08-21T14:06:50.968+0000] {logging_mixin.py:190} INFO - [2026-08-21T14:06:50.968+0000] {dagbag.py:588} INFO - Filling up the DagBag from /opt/airflow/dags/first_dag.py
[2026-08-21T14:06:50.971+0000] {logging_mixin.py:190} INFO - [2026-08-21T14:06:50.970+0000] {dagbag.py:387} ERROR - Failed to import: /opt/airflow/dags/first_dag.py
Traceback (most recent call last):
  File "/home/airflow/.local/lib/python3.12/site-packages/airflow/models/dagbag.py", line 383, in parse
    loader.exec_module(new_module)
  File "<frozen importlib._bootstrap_external>", line 995, in exec_module
  File "<frozen importlib._bootstrap_external>", line 1133, in get_code
  File "<frozen importlib._bootstrap_external>", line 1063, in source_to_code
  File "<frozen importlib._bootstrap>", line 488, in _call_with_frames_removed
  File "/opt/airflow/dags/first_dag.py", line 4
    dag1 = DAG(dag_id = "first_dag", start_date = datetime(2026,08,21), catchup = False )
                                                                ^
SyntaxError: leading zeros in decimal integer literals are not permitted; use an 0o prefix for octal integers
[2026-08-21T14:06:50.971+0000] {processor.py:927} WARNING - No viable dags retrieved from /opt/airflow/dags/first_dag.py
[2026-08-21T14:06:50.985+0000] {processor.py:208} INFO - Processing /opt/airflow/dags/first_dag.py took 0.023 seconds
[2026-08-21T14:06:54.005+0000] {processor.py:186} INFO - Started process (PID=1514) to work on /opt/airflow/dags/first_dag.py
[2026-08-21T14:06:54.006+0000] {processor.py:914} INFO - Processing file /opt/airflow/dags/first_dag.py for tasks to queue
[2026-08-21T14:06:54.007+0000] {logging_mixin.py:190} INFO - [2026-08-21T14:06:54.007+0000] {dagbag.py:588} INFO - Filling up the DagBag from /opt/airflow/dags/first_dag.py
[2026-08-21T14:06:54.009+0000] {logging_mixin.py:190} INFO - [2026-08-21T14:06:54.008+0000] {dagbag.py:387} ERROR - Failed to import: /opt/airflow/dags/first_dag.py
Traceback (most recent call last):
  File "/home/airflow/.local/lib/python3.12/site-packages/airflow/models/dagbag.py", line 383, in parse
    loader.exec_module(new_module)
  File "<frozen importlib._bootstrap_external>", line 995, in exec_module
  File "<frozen importlib._bootstrap_external>", line 1133, in get_code
  File "<frozen importlib._bootstrap_external>", line 1063, in source_to_code
  File "<frozen importlib._bootstrap>", line 488, in _call_with_frames_removed
  File "/opt/airflow/dags/first_dag.py", line 4
    dag1 = DAG(dag_id = "first_dag", start_date = datetime(2026,08,21), catchup = False )
                                                                ^
SyntaxError: leading zeros in decimal integer literals are not permitted; use an 0o prefix for octal integers
[2026-08-21T14:06:54.009+0000] {processor.py:927} WARNING - No viable dags retrieved from /opt/airflow/dags/first_dag.py
[2026-08-21T14:06:54.023+0000] {processor.py:208} INFO - Processing /opt/airflow/dags/first_dag.py took 0.022 seconds
[2026-08-21T14:06:58.041+0000] {processor.py:186} INFO - Started process (PID=1515) to work on /opt/airflow/dags/first_dag.py
[2026-08-21T14:06:58.041+0000] {processor.py:914} INFO - Processing file /opt/airflow/dags/first_dag.py for tasks to queue
[2026-08-21T14:06:58.042+0000] {logging_mixin.py:190} INFO - [2026-08-21T14:06:58.042+0000] {dagbag.py:588} INFO - Filling up the DagBag from /opt/airflow/dags/first_dag.py
[2026-08-21T14:06:58.045+0000] {logging_mixin.py:190} INFO - [2026-08-21T14:06:58.044+0000] {dagbag.py:387} ERROR - Failed to import: /opt/airflow/dags/first_dag.py
Traceback (most recent call last):
  File "/home/airflow/.local/lib/python3.12/site-packages/airflow/models/dagbag.py", line 383, in parse
    loader.exec_module(new_module)
  File "<frozen importlib._bootstrap_external>", line 995, in exec_module
  File "<frozen importlib._bootstrap_external>", line 1133, in get_code
  File "<frozen importlib._bootstrap_external>", line 1063, in source_to_code
  File "<frozen importlib._bootstrap>", line 488, in _call_with_frames_removed
  File "/opt/airflow/dags/first_dag.py", line 4
    dag1 = DAG(dag_id = "first_dag", start_date = datetime(2026,08,21), catchup = False )
                                                                ^
SyntaxError: leading zeros in decimal integer literals are not permitted; use an 0o prefix for octal integers
[2026-08-21T14:06:58.045+0000] {processor.py:927} WARNING - No viable dags retrieved from /opt/airflow/dags/first_dag.py
[2026-08-21T14:06:58.060+0000] {processor.py:208} INFO - Processing /opt/airflow/dags/first_dag.py took 0.023 seconds
[2026-08-21T14:07:03.084+0000] {processor.py:186} INFO - Started process (PID=1516) to work on /opt/airflow/dags/first_dag.py
[2026-08-21T14:07:03.091+0000] {processor.py:914} INFO - Processing file /opt/airflow/dags/first_dag.py for tasks to queue
[2026-08-21T14:07:03.092+0000] {logging_mixin.py:190} INFO - [2026-08-21T14:07:03.091+0000] {dagbag.py:588} INFO - Filling up the DagBag from /opt/airflow/dags/first_dag.py
[2026-08-21T14:07:03.094+0000] {logging_mixin.py:190} INFO - [2026-08-21T14:07:03.093+0000] {dagbag.py:387} ERROR - Failed to import: /opt/airflow/dags/first_dag.py
Traceback (most recent call last):
  File "/home/airflow/.local/lib/python3.12/site-packages/airflow/models/dagbag.py", line 383, in parse
    loader.exec_module(new_module)
  File "<frozen importlib._bootstrap_external>", line 995, in exec_module
  File "<frozen importlib._bootstrap_external>", line 1133, in get_code
  File "<frozen importlib._bootstrap_external>", line 1063, in source_to_code
  File "<frozen importlib._bootstrap>", line 488, in _call_with_frames_removed
  File "/opt/airflow/dags/first_dag.py", line 4
    dag1 = DAG(dag_id = "first_dag", start_date = datetime(2026,08,21), catchup = False )
                                                                ^
SyntaxError: leading zeros in decimal integer literals are not permitted; use an 0o prefix for octal integers
[2026-08-21T14:07:03.094+0000] {processor.py:927} WARNING - No viable dags retrieved from /opt/airflow/dags/first_dag.py
[2026-08-21T14:07:03.108+0000] {processor.py:208} INFO - Processing /opt/airflow/dags/first_dag.py took 0.028 seconds
[2026-08-21T14:07:33.230+0000] {processor.py:186} INFO - Started process (PID=1523) to work on /opt/airflow/dags/first_dag.py
[2026-08-21T14:07:33.231+0000] {processor.py:914} INFO - Processing file /opt/airflow/dags/first_dag.py for tasks to queue
[2026-08-21T14:07:33.232+0000] {logging_mixin.py:190} INFO - [2026-08-21T14:07:33.231+0000] {dagbag.py:588} INFO - Filling up the DagBag from /opt/airflow/dags/first_dag.py
[2026-08-21T14:07:33.235+0000] {logging_mixin.py:190} INFO - [2026-08-21T14:07:33.233+0000] {dagbag.py:387} ERROR - Failed to import: /opt/airflow/dags/first_dag.py
Traceback (most recent call last):
  File "/home/airflow/.local/lib/python3.12/site-packages/airflow/models/dagbag.py", line 383, in parse
    loader.exec_module(new_module)
  File "<frozen importlib._bootstrap_external>", line 995, in exec_module
  File "<frozen importlib._bootstrap_external>", line 1133, in get_code
  File "<frozen importlib._bootstrap_external>", line 1063, in source_to_code
  File "<frozen importlib._bootstrap>", line 488, in _call_with_frames_removed
  File "/opt/airflow/dags/first_dag.py", line 4
    dag1 = DAG(dag_id = "first_dag", start_date = datetime(2026,08,21), catchup = False )
                                                                ^
SyntaxError: leading zeros in decimal integer literals are not permitted; use an 0o prefix for octal integers
[2026-08-21T14:07:33.235+0000] {processor.py:927} WARNING - No viable dags retrieved from /opt/airflow/dags/first_dag.py
[2026-08-21T14:07:33.251+0000] {processor.py:208} INFO - Processing /opt/airflow/dags/first_dag.py took 0.026 seconds
[2026-08-21T14:07:40.272+0000] {processor.py:186} INFO - Started process (PID=1530) to work on /opt/airflow/dags/first_dag.py
[2026-08-21T14:07:40.272+0000] {processor.py:914} INFO - Processing file /opt/airflow/dags/first_dag.py for tasks to queue
[2026-08-21T14:07:40.274+0000] {logging_mixin.py:190} INFO - [2026-08-21T14:07:40.274+0000] {dagbag.py:588} INFO - Filling up the DagBag from /opt/airflow/dags/first_dag.py
[2026-08-21T14:07:40.277+0000] {logging_mixin.py:190} INFO - [2026-08-21T14:07:40.276+0000] {dagbag.py:387} ERROR - Failed to import: /opt/airflow/dags/first_dag.py
Traceback (most recent call last):
  File "/home/airflow/.local/lib/python3.12/site-packages/airflow/models/dagbag.py", line 383, in parse
    loader.exec_module(new_module)
  File "<frozen importlib._bootstrap_external>", line 995, in exec_module
  File "<frozen importlib._bootstrap_external>", line 1133, in get_code
  File "<frozen importlib._bootstrap_external>", line 1063, in source_to_code
  File "<frozen importlib._bootstrap>", line 488, in _call_with_frames_removed
  File "/opt/airflow/dags/first_dag.py", line 5
    dag1 = DAG(dag_id = "first_dag", start_date = datetime(2026,08,21), catchup = False )
                                                                ^
SyntaxError: leading zeros in decimal integer literals are not permitted; use an 0o prefix for octal integers
[2026-08-21T14:07:40.277+0000] {processor.py:927} WARNING - No viable dags retrieved from /opt/airflow/dags/first_dag.py
[2026-08-21T14:07:40.294+0000] {processor.py:208} INFO - Processing /opt/airflow/dags/first_dag.py took 0.028 seconds
[2026-08-21T14:07:42.312+0000] {processor.py:186} INFO - Started process (PID=1531) to work on /opt/airflow/dags/first_dag.py
[2026-08-21T14:07:42.312+0000] {processor.py:914} INFO - Processing file /opt/airflow/dags/first_dag.py for tasks to queue
[2026-08-21T14:07:42.314+0000] {logging_mixin.py:190} INFO - [2026-08-21T14:07:42.314+0000] {dagbag.py:588} INFO - Filling up the DagBag from /opt/airflow/dags/first_dag.py
[2026-08-21T14:07:42.316+0000] {logging_mixin.py:190} INFO - [2026-08-21T14:07:42.315+0000] {dagbag.py:387} ERROR - Failed to import: /opt/airflow/dags/first_dag.py
Traceback (most recent call last):
  File "/home/airflow/.local/lib/python3.12/site-packages/airflow/models/dagbag.py", line 383, in parse
    loader.exec_module(new_module)
  File "<frozen importlib._bootstrap_external>", line 995, in exec_module
  File "<frozen importlib._bootstrap_external>", line 1133, in get_code
  File "<frozen importlib._bootstrap_external>", line 1063, in source_to_code
  File "<frozen importlib._bootstrap>", line 488, in _call_with_frames_removed
  File "/opt/airflow/dags/first_dag.py", line 5
    dag1 = DAG(dag_id = "first_dag", start_date = datetime(2026,08,21), catchup = False )
                                                                ^
SyntaxError: leading zeros in decimal integer literals are not permitted; use an 0o prefix for octal integers
[2026-08-21T14:07:42.316+0000] {processor.py:927} WARNING - No viable dags retrieved from /opt/airflow/dags/first_dag.py
[2026-08-21T14:07:42.331+0000] {processor.py:208} INFO - Processing /opt/airflow/dags/first_dag.py took 0.024 seconds
[2026-08-21T14:07:43.332+0000] {processor.py:186} INFO - Started process (PID=1532) to work on /opt/airflow/dags/first_dag.py
[2026-08-21T14:07:43.333+0000] {processor.py:914} INFO - Processing file /opt/airflow/dags/first_dag.py for tasks to queue
[2026-08-21T14:07:43.334+0000] {logging_mixin.py:190} INFO - [2026-08-21T14:07:43.334+0000] {dagbag.py:588} INFO - Filling up the DagBag from /opt/airflow/dags/first_dag.py
[2026-08-21T14:07:43.337+0000] {logging_mixin.py:190} INFO - [2026-08-21T14:07:43.336+0000] {dagbag.py:387} ERROR - Failed to import: /opt/airflow/dags/first_dag.py
Traceback (most recent call last):
  File "/home/airflow/.local/lib/python3.12/site-packages/airflow/models/dagbag.py", line 383, in parse
    loader.exec_module(new_module)
  File "<frozen importlib._bootstrap_external>", line 995, in exec_module
  File "<frozen importlib._bootstrap_external>", line 1133, in get_code
  File "<frozen importlib._bootstrap_external>", line 1063, in source_to_code
  File "<frozen importlib._bootstrap>", line 488, in _call_with_frames_removed
  File "/opt/airflow/dags/first_dag.py", line 5
    dag1 = DAG(dag_id = "first_dag", start_date = datetime(2026,08,21), catchup = False )
                                                                ^
SyntaxError: leading zeros in decimal integer literals are not permitted; use an 0o prefix for octal integers
[2026-08-21T14:07:43.337+0000] {processor.py:927} WARNING - No viable dags retrieved from /opt/airflow/dags/first_dag.py
[2026-08-21T14:07:43.351+0000] {processor.py:208} INFO - Processing /opt/airflow/dags/first_dag.py took 0.024 seconds
[2026-08-21T14:07:46.376+0000] {processor.py:186} INFO - Started process (PID=1533) to work on /opt/airflow/dags/first_dag.py
[2026-08-21T14:07:46.376+0000] {processor.py:914} INFO - Processing file /opt/airflow/dags/first_dag.py for tasks to queue
[2026-08-21T14:07:46.377+0000] {logging_mixin.py:190} INFO - [2026-08-21T14:07:46.377+0000] {dagbag.py:588} INFO - Filling up the DagBag from /opt/airflow/dags/first_dag.py
[2026-08-21T14:07:46.379+0000] {logging_mixin.py:190} INFO - [2026-08-21T14:07:46.379+0000] {dagbag.py:387} ERROR - Failed to import: /opt/airflow/dags/first_dag.py
Traceback (most recent call last):
  File "/home/airflow/.local/lib/python3.12/site-packages/airflow/models/dagbag.py", line 383, in parse
    loader.exec_module(new_module)
  File "<frozen importlib._bootstrap_external>", line 995, in exec_module
  File "<frozen importlib._bootstrap_external>", line 1133, in get_code
  File "<frozen importlib._bootstrap_external>", line 1063, in source_to_code
  File "<frozen importlib._bootstrap>", line 488, in _call_with_frames_removed
  File "/opt/airflow/dags/first_dag.py", line 5
    dag1 = DAG(dag_id = "first_dag", start_date = datetime(2026,08,21), catchup = False )
                                                                ^
SyntaxError: leading zeros in decimal integer literals are not permitted; use an 0o prefix for octal integers
[2026-08-21T14:07:46.380+0000] {processor.py:927} WARNING - No viable dags retrieved from /opt/airflow/dags/first_dag.py
[2026-08-21T14:07:46.395+0000] {processor.py:208} INFO - Processing /opt/airflow/dags/first_dag.py took 0.024 seconds
[2026-08-21T14:07:49.402+0000] {processor.py:186} INFO - Started process (PID=1534) to work on /opt/airflow/dags/first_dag.py
[2026-08-21T14:07:49.409+0000] {processor.py:914} INFO - Processing file /opt/airflow/dags/first_dag.py for tasks to queue
[2026-08-21T14:07:49.410+0000] {logging_mixin.py:190} INFO - [2026-08-21T14:07:49.410+0000] {dagbag.py:588} INFO - Filling up the DagBag from /opt/airflow/dags/first_dag.py
[2026-08-21T14:07:49.413+0000] {logging_mixin.py:190} INFO - [2026-08-21T14:07:49.412+0000] {dagbag.py:387} ERROR - Failed to import: /opt/airflow/dags/first_dag.py
Traceback (most recent call last):
  File "/home/airflow/.local/lib/python3.12/site-packages/airflow/models/dagbag.py", line 383, in parse
    loader.exec_module(new_module)
  File "<frozen importlib._bootstrap_external>", line 995, in exec_module
  File "<frozen importlib._bootstrap_external>", line 1133, in get_code
  File "<frozen importlib._bootstrap_external>", line 1063, in source_to_code
  File "<frozen importlib._bootstrap>", line 488, in _call_with_frames_removed
  File "/opt/airflow/dags/first_dag.py", line 5
    dag1 = DAG(dag_id = "first_dag", start_date = datetime(2026,08,21), catchup = False )
                                                                ^
SyntaxError: leading zeros in decimal integer literals are not permitted; use an 0o prefix for octal integers
[2026-08-21T14:07:49.414+0000] {processor.py:927} WARNING - No viable dags retrieved from /opt/airflow/dags/first_dag.py
[2026-08-21T14:07:49.427+0000] {processor.py:208} INFO - Processing /opt/airflow/dags/first_dag.py took 0.030 seconds
[2026-08-21T14:07:54.455+0000] {processor.py:186} INFO - Started process (PID=1535) to work on /opt/airflow/dags/first_dag.py
[2026-08-21T14:07:54.456+0000] {processor.py:914} INFO - Processing file /opt/airflow/dags/first_dag.py for tasks to queue
[2026-08-21T14:07:54.457+0000] {logging_mixin.py:190} INFO - [2026-08-21T14:07:54.457+0000] {dagbag.py:588} INFO - Filling up the DagBag from /opt/airflow/dags/first_dag.py
[2026-08-21T14:07:54.461+0000] {logging_mixin.py:190} INFO - [2026-08-21T14:07:54.460+0000] {dagbag.py:387} ERROR - Failed to import: /opt/airflow/dags/first_dag.py
Traceback (most recent call last):
  File "/home/airflow/.local/lib/python3.12/site-packages/airflow/models/dagbag.py", line 383, in parse
    loader.exec_module(new_module)
  File "<frozen importlib._bootstrap_external>", line 995, in exec_module
  File "<frozen importlib._bootstrap_external>", line 1133, in get_code
  File "<frozen importlib._bootstrap_external>", line 1063, in source_to_code
  File "<frozen importlib._bootstrap>", line 488, in _call_with_frames_removed
  File "/opt/airflow/dags/first_dag.py", line 5
    dag1 = DAG(dag_id = "first_dag", start_date = datetime(2026,08,21), catchup = False )
                                                                ^
SyntaxError: leading zeros in decimal integer literals are not permitted; use an 0o prefix for octal integers
[2026-08-21T14:07:54.461+0000] {processor.py:927} WARNING - No viable dags retrieved from /opt/airflow/dags/first_dag.py
[2026-08-21T14:07:54.475+0000] {processor.py:208} INFO - Processing /opt/airflow/dags/first_dag.py took 0.025 seconds
[2026-08-21T14:07:58.489+0000] {processor.py:186} INFO - Started process (PID=1536) to work on /opt/airflow/dags/first_dag.py
[2026-08-21T14:07:58.489+0000] {processor.py:914} INFO - Processing file /opt/airflow/dags/first_dag.py for tasks to queue
[2026-08-21T14:07:58.490+0000] {logging_mixin.py:190} INFO - [2026-08-21T14:07:58.490+0000] {dagbag.py:588} INFO - Filling up the DagBag from /opt/airflow/dags/first_dag.py
[2026-08-21T14:07:58.493+0000] {logging_mixin.py:190} INFO - [2026-08-21T14:07:58.492+0000] {dagbag.py:387} ERROR - Failed to import: /opt/airflow/dags/first_dag.py
Traceback (most recent call last):
  File "/home/airflow/.local/lib/python3.12/site-packages/airflow/models/dagbag.py", line 383, in parse
    loader.exec_module(new_module)
  File "<frozen importlib._bootstrap_external>", line 995, in exec_module
  File "<frozen importlib._bootstrap_external>", line 1133, in get_code
  File "<frozen importlib._bootstrap_external>", line 1063, in source_to_code
  File "<frozen importlib._bootstrap>", line 488, in _call_with_frames_removed
  File "/opt/airflow/dags/first_dag.py", line 5
    dag1 = DAG(dag_id = "first_dag", start_date = datetime(2026,08,21), catchup = False )
                                                                ^
SyntaxError: leading zeros in decimal integer literals are not permitted; use an 0o prefix for octal integers
[2026-08-21T14:07:58.493+0000] {processor.py:927} WARNING - No viable dags retrieved from /opt/airflow/dags/first_dag.py
[2026-08-21T14:07:58.508+0000] {processor.py:208} INFO - Processing /opt/airflow/dags/first_dag.py took 0.024 seconds
[2026-08-21T14:08:02.532+0000] {processor.py:186} INFO - Started process (PID=1537) to work on /opt/airflow/dags/first_dag.py
[2026-08-21T14:08:02.533+0000] {processor.py:914} INFO - Processing file /opt/airflow/dags/first_dag.py for tasks to queue
[2026-08-21T14:08:02.534+0000] {logging_mixin.py:190} INFO - [2026-08-21T14:08:02.534+0000] {dagbag.py:588} INFO - Filling up the DagBag from /opt/airflow/dags/first_dag.py
[2026-08-21T14:08:02.537+0000] {logging_mixin.py:190} INFO - [2026-08-21T14:08:02.536+0000] {dagbag.py:387} ERROR - Failed to import: /opt/airflow/dags/first_dag.py
Traceback (most recent call last):
  File "/home/airflow/.local/lib/python3.12/site-packages/airflow/models/dagbag.py", line 383, in parse
    loader.exec_module(new_module)
  File "<frozen importlib._bootstrap_external>", line 995, in exec_module
  File "<frozen importlib._bootstrap_external>", line 1133, in get_code
  File "<frozen importlib._bootstrap_external>", line 1063, in source_to_code
  File "<frozen importlib._bootstrap>", line 488, in _call_with_frames_removed
  File "/opt/airflow/dags/first_dag.py", line 5
    dag1 = DAG(dag_id = "first_dag", start_date = datetime(2026,08,21), catchup = False )
                                                                ^
SyntaxError: leading zeros in decimal integer literals are not permitted; use an 0o prefix for octal integers
[2026-08-21T14:08:02.538+0000] {processor.py:927} WARNING - No viable dags retrieved from /opt/airflow/dags/first_dag.py
[2026-08-21T14:08:02.552+0000] {processor.py:208} INFO - Processing /opt/airflow/dags/first_dag.py took 0.024 seconds
[2026-08-21T14:08:07.571+0000] {processor.py:186} INFO - Started process (PID=1544) to work on /opt/airflow/dags/first_dag.py
[2026-08-21T14:08:07.571+0000] {processor.py:914} INFO - Processing file /opt/airflow/dags/first_dag.py for tasks to queue
[2026-08-21T14:08:07.572+0000] {logging_mixin.py:190} INFO - [2026-08-21T14:08:07.572+0000] {dagbag.py:588} INFO - Filling up the DagBag from /opt/airflow/dags/first_dag.py
[2026-08-21T14:08:07.576+0000] {logging_mixin.py:190} INFO - [2026-08-21T14:08:07.575+0000] {dagbag.py:387} ERROR - Failed to import: /opt/airflow/dags/first_dag.py
Traceback (most recent call last):
  File "/home/airflow/.local/lib/python3.12/site-packages/airflow/models/dagbag.py", line 383, in parse
    loader.exec_module(new_module)
  File "<frozen importlib._bootstrap_external>", line 995, in exec_module
  File "<frozen importlib._bootstrap_external>", line 1133, in get_code
  File "<frozen importlib._bootstrap_external>", line 1063, in source_to_code
  File "<frozen importlib._bootstrap>", line 488, in _call_with_frames_removed
  File "/opt/airflow/dags/first_dag.py", line 5
    dag1 = DAG(dag_id = "first_dag", start_date = datetime(2026,08,21), catchup = False )
                                                                ^
SyntaxError: leading zeros in decimal integer literals are not permitted; use an 0o prefix for octal integers
[2026-08-21T14:08:07.576+0000] {processor.py:927} WARNING - No viable dags retrieved from /opt/airflow/dags/first_dag.py
[2026-08-21T14:08:07.590+0000] {processor.py:208} INFO - Processing /opt/airflow/dags/first_dag.py took 0.024 seconds
[2026-08-21T14:08:09.605+0000] {processor.py:186} INFO - Started process (PID=1545) to work on /opt/airflow/dags/first_dag.py
[2026-08-21T14:08:09.606+0000] {processor.py:914} INFO - Processing file /opt/airflow/dags/first_dag.py for tasks to queue
[2026-08-21T14:08:09.607+0000] {logging_mixin.py:190} INFO - [2026-08-21T14:08:09.607+0000] {dagbag.py:588} INFO - Filling up the DagBag from /opt/airflow/dags/first_dag.py
[2026-08-21T14:08:09.610+0000] {logging_mixin.py:190} INFO - [2026-08-21T14:08:09.609+0000] {dagbag.py:387} ERROR - Failed to import: /opt/airflow/dags/first_dag.py
Traceback (most recent call last):
  File "/home/airflow/.local/lib/python3.12/site-packages/airflow/models/dagbag.py", line 383, in parse
    loader.exec_module(new_module)
  File "<frozen importlib._bootstrap_external>", line 995, in exec_module
  File "<frozen importlib._bootstrap_external>", line 1133, in get_code
  File "<frozen importlib._bootstrap_external>", line 1063, in source_to_code
  File "<frozen importlib._bootstrap>", line 488, in _call_with_frames_removed
  File "/opt/airflow/dags/first_dag.py", line 5
    dag1 = DAG(dag_id = "first_dag", start_date = datetime(2026,08,21), catchup = False )
                                                                ^
SyntaxError: leading zeros in decimal integer literals are not permitted; use an 0o prefix for octal integers
[2026-08-21T14:08:09.611+0000] {processor.py:927} WARNING - No viable dags retrieved from /opt/airflow/dags/first_dag.py
[2026-08-21T14:08:09.624+0000] {processor.py:208} INFO - Processing /opt/airflow/dags/first_dag.py took 0.024 seconds
[2026-08-21T14:08:11.632+0000] {processor.py:186} INFO - Started process (PID=1546) to work on /opt/airflow/dags/first_dag.py
[2026-08-21T14:08:11.633+0000] {processor.py:914} INFO - Processing file /opt/airflow/dags/first_dag.py for tasks to queue
[2026-08-21T14:08:11.634+0000] {logging_mixin.py:190} INFO - [2026-08-21T14:08:11.633+0000] {dagbag.py:588} INFO - Filling up the DagBag from /opt/airflow/dags/first_dag.py
[2026-08-21T14:08:11.637+0000] {logging_mixin.py:190} INFO - [2026-08-21T14:08:11.636+0000] {dagbag.py:387} ERROR - Failed to import: /opt/airflow/dags/first_dag.py
Traceback (most recent call last):
  File "/home/airflow/.local/lib/python3.12/site-packages/airflow/models/dagbag.py", line 383, in parse
    loader.exec_module(new_module)
  File "<frozen importlib._bootstrap_external>", line 995, in exec_module
  File "<frozen importlib._bootstrap_external>", line 1133, in get_code
  File "<frozen importlib._bootstrap_external>", line 1063, in source_to_code
  File "<frozen importlib._bootstrap>", line 488, in _call_with_frames_removed
  File "/opt/airflow/dags/first_dag.py", line 5
    dag1 = DAG(dag_id = "first_dag", start_date = datetime(2026,08,21), catchup = False )
                                                                ^
SyntaxError: leading zeros in decimal integer literals are not permitted; use an 0o prefix for octal integers
[2026-08-21T14:08:11.637+0000] {processor.py:927} WARNING - No viable dags retrieved from /opt/airflow/dags/first_dag.py
[2026-08-21T14:08:11.652+0000] {processor.py:208} INFO - Processing /opt/airflow/dags/first_dag.py took 0.024 seconds
[2026-08-21T14:08:13.667+0000] {processor.py:186} INFO - Started process (PID=1547) to work on /opt/airflow/dags/first_dag.py
[2026-08-21T14:08:13.667+0000] {processor.py:914} INFO - Processing file /opt/airflow/dags/first_dag.py for tasks to queue
[2026-08-21T14:08:13.668+0000] {logging_mixin.py:190} INFO - [2026-08-21T14:08:13.668+0000] {dagbag.py:588} INFO - Filling up the DagBag from /opt/airflow/dags/first_dag.py
[2026-08-21T14:08:13.671+0000] {logging_mixin.py:190} INFO - [2026-08-21T14:08:13.670+0000] {dagbag.py:387} ERROR - Failed to import: /opt/airflow/dags/first_dag.py
Traceback (most recent call last):
  File "/home/airflow/.local/lib/python3.12/site-packages/airflow/models/dagbag.py", line 383, in parse
    loader.exec_module(new_module)
  File "<frozen importlib._bootstrap_external>", line 995, in exec_module
  File "<frozen importlib._bootstrap_external>", line 1133, in get_code
  File "<frozen importlib._bootstrap_external>", line 1063, in source_to_code
  File "<frozen importlib._bootstrap>", line 488, in _call_with_frames_removed
  File "/opt/airflow/dags/first_dag.py", line 5
    dag1 = DAG(dag_id = "first_dag", start_date = datetime(2026,08,21), catchup = False )
                                                                ^
SyntaxError: leading zeros in decimal integer literals are not permitted; use an 0o prefix for octal integers
[2026-08-21T14:08:13.672+0000] {processor.py:927} WARNING - No viable dags retrieved from /opt/airflow/dags/first_dag.py
[2026-08-21T14:08:13.692+0000] {processor.py:208} INFO - Processing /opt/airflow/dags/first_dag.py took 0.029 seconds
[2026-08-21T14:08:16.704+0000] {processor.py:186} INFO - Started process (PID=1548) to work on /opt/airflow/dags/first_dag.py
[2026-08-21T14:08:16.705+0000] {processor.py:914} INFO - Processing file /opt/airflow/dags/first_dag.py for tasks to queue
[2026-08-21T14:08:16.706+0000] {logging_mixin.py:190} INFO - [2026-08-21T14:08:16.705+0000] {dagbag.py:588} INFO - Filling up the DagBag from /opt/airflow/dags/first_dag.py
[2026-08-21T14:08:16.708+0000] {logging_mixin.py:190} INFO - [2026-08-21T14:08:16.707+0000] {dagbag.py:387} ERROR - Failed to import: /opt/airflow/dags/first_dag.py
Traceback (most recent call last):
  File "/home/airflow/.local/lib/python3.12/site-packages/airflow/models/dagbag.py", line 383, in parse
    loader.exec_module(new_module)
  File "<frozen importlib._bootstrap_external>", line 995, in exec_module
  File "<frozen importlib._bootstrap_external>", line 1133, in get_code
  File "<frozen importlib._bootstrap_external>", line 1063, in source_to_code
  File "<frozen importlib._bootstrap>", line 488, in _call_with_frames_removed
  File "/opt/airflow/dags/first_dag.py", line 5
    dag1 = DAG(dag_id = "first_dag", start_date = datetime(2026,08,21), catchup = False )
                                                                ^
SyntaxError: leading zeros in decimal integer literals are not permitted; use an 0o prefix for octal integers
[2026-08-21T14:08:16.708+0000] {processor.py:927} WARNING - No viable dags retrieved from /opt/airflow/dags/first_dag.py
[2026-08-21T14:08:16.724+0000] {processor.py:208} INFO - Processing /opt/airflow/dags/first_dag.py took 0.025 seconds
[2026-08-21T14:08:19.742+0000] {processor.py:186} INFO - Started process (PID=1549) to work on /opt/airflow/dags/first_dag.py
[2026-08-21T14:08:19.742+0000] {processor.py:914} INFO - Processing file /opt/airflow/dags/first_dag.py for tasks to queue
[2026-08-21T14:08:19.743+0000] {logging_mixin.py:190} INFO - [2026-08-21T14:08:19.743+0000] {dagbag.py:588} INFO - Filling up the DagBag from /opt/airflow/dags/first_dag.py
[2026-08-21T14:08:19.746+0000] {logging_mixin.py:190} INFO - [2026-08-21T14:08:19.746+0000] {dagbag.py:387} ERROR - Failed to import: /opt/airflow/dags/first_dag.py
Traceback (most recent call last):
  File "/home/airflow/.local/lib/python3.12/site-packages/airflow/models/dagbag.py", line 383, in parse
    loader.exec_module(new_module)
  File "<frozen importlib._bootstrap_external>", line 995, in exec_module
  File "<frozen importlib._bootstrap_external>", line 1133, in get_code
  File "<frozen importlib._bootstrap_external>", line 1063, in source_to_code
  File "<frozen importlib._bootstrap>", line 488, in _call_with_frames_removed
  File "/opt/airflow/dags/first_dag.py", line 5
    dag1 = DAG(dag_id = "first_dag", start_date = datetime(2026,08,21), catchup = False )
                                                                ^
SyntaxError: leading zeros in decimal integer literals are not permitted; use an 0o prefix for octal integers
[2026-08-21T14:08:19.747+0000] {processor.py:927} WARNING - No viable dags retrieved from /opt/airflow/dags/first_dag.py
[2026-08-21T14:08:19.761+0000] {processor.py:208} INFO - Processing /opt/airflow/dags/first_dag.py took 0.024 seconds
[2026-08-21T14:08:22.773+0000] {processor.py:186} INFO - Started process (PID=1550) to work on /opt/airflow/dags/first_dag.py
[2026-08-21T14:08:22.779+0000] {processor.py:914} INFO - Processing file /opt/airflow/dags/first_dag.py for tasks to queue
[2026-08-21T14:08:22.780+0000] {logging_mixin.py:190} INFO - [2026-08-21T14:08:22.780+0000] {dagbag.py:588} INFO - Filling up the DagBag from /opt/airflow/dags/first_dag.py
[2026-08-21T14:08:22.783+0000] {logging_mixin.py:190} INFO - [2026-08-21T14:08:22.782+0000] {dagbag.py:387} ERROR - Failed to import: /opt/airflow/dags/first_dag.py
Traceback (most recent call last):
  File "/home/airflow/.local/lib/python3.12/site-packages/airflow/models/dagbag.py", line 383, in parse
    loader.exec_module(new_module)
  File "<frozen importlib._bootstrap_external>", line 995, in exec_module
  File "<frozen importlib._bootstrap_external>", line 1133, in get_code
  File "<frozen importlib._bootstrap_external>", line 1063, in source_to_code
  File "<frozen importlib._bootstrap>", line 488, in _call_with_frames_removed
  File "/opt/airflow/dags/first_dag.py", line 5
    dag1 = DAG(dag_id = "first_dag", start_date = datetime(2026,08,21), catchup = False )
                                                                ^
SyntaxError: leading zeros in decimal integer literals are not permitted; use an 0o prefix for octal integers
[2026-08-21T14:08:22.783+0000] {processor.py:927} WARNING - No viable dags retrieved from /opt/airflow/dags/first_dag.py
[2026-08-21T14:08:22.797+0000] {processor.py:208} INFO - Processing /opt/airflow/dags/first_dag.py took 0.029 seconds
[2026-08-21T14:08:35.855+0000] {processor.py:186} INFO - Started process (PID=1557) to work on /opt/airflow/dags/first_dag.py
[2026-08-21T14:08:35.856+0000] {processor.py:914} INFO - Processing file /opt/airflow/dags/first_dag.py for tasks to queue
[2026-08-21T14:08:35.857+0000] {logging_mixin.py:190} INFO - [2026-08-21T14:08:35.856+0000] {dagbag.py:588} INFO - Filling up the DagBag from /opt/airflow/dags/first_dag.py
[2026-08-21T14:08:35.859+0000] {logging_mixin.py:190} INFO - [2026-08-21T14:08:35.858+0000] {dagbag.py:387} ERROR - Failed to import: /opt/airflow/dags/first_dag.py
Traceback (most recent call last):
  File "/home/airflow/.local/lib/python3.12/site-packages/airflow/models/dagbag.py", line 383, in parse
    loader.exec_module(new_module)
  File "<frozen importlib._bootstrap_external>", line 995, in exec_module
  File "<frozen importlib._bootstrap_external>", line 1133, in get_code
  File "<frozen importlib._bootstrap_external>", line 1063, in source_to_code
  File "<frozen importlib._bootstrap>", line 488, in _call_with_frames_removed
  File "/opt/airflow/dags/first_dag.py", line 5
    dag1 = DAG(dag_id = "first_dag", start_date = datetime(2026,08,21), catchup = False )
                                                                ^
SyntaxError: leading zeros in decimal integer literals are not permitted; use an 0o prefix for octal integers
[2026-08-21T14:08:35.860+0000] {processor.py:927} WARNING - No viable dags retrieved from /opt/airflow/dags/first_dag.py
[2026-08-21T14:08:35.874+0000] {processor.py:208} INFO - Processing /opt/airflow/dags/first_dag.py took 0.024 seconds
[2026-08-21T14:08:36.872+0000] {processor.py:186} INFO - Started process (PID=1558) to work on /opt/airflow/dags/first_dag.py
[2026-08-21T14:08:36.872+0000] {processor.py:914} INFO - Processing file /opt/airflow/dags/first_dag.py for tasks to queue
[2026-08-21T14:08:36.873+0000] {logging_mixin.py:190} INFO - [2026-08-21T14:08:36.873+0000] {dagbag.py:588} INFO - Filling up the DagBag from /opt/airflow/dags/first_dag.py
[2026-08-21T14:08:36.876+0000] {logging_mixin.py:190} INFO - [2026-08-21T14:08:36.875+0000] {dagbag.py:387} ERROR - Failed to import: /opt/airflow/dags/first_dag.py
Traceback (most recent call last):
  File "/home/airflow/.local/lib/python3.12/site-packages/airflow/models/dagbag.py", line 383, in parse
    loader.exec_module(new_module)
  File "<frozen importlib._bootstrap_external>", line 995, in exec_module
  File "<frozen importlib._bootstrap_external>", line 1133, in get_code
  File "<frozen importlib._bootstrap_external>", line 1063, in source_to_code
  File "<frozen importlib._bootstrap>", line 488, in _call_with_frames_removed
  File "/opt/airflow/dags/first_dag.py", line 5
    dag1 = DAG(dag_id = "first_dag", start_date = datetime(2026,08,21), catchup = False )
                                                                ^
SyntaxError: leading zeros in decimal integer literals are not permitted; use an 0o prefix for octal integers
[2026-08-21T14:08:36.876+0000] {processor.py:927} WARNING - No viable dags retrieved from /opt/airflow/dags/first_dag.py
[2026-08-21T14:08:36.891+0000] {processor.py:208} INFO - Processing /opt/airflow/dags/first_dag.py took 0.024 seconds
[2026-08-21T14:08:40.919+0000] {processor.py:186} INFO - Started process (PID=1559) to work on /opt/airflow/dags/first_dag.py
[2026-08-21T14:08:40.920+0000] {processor.py:914} INFO - Processing file /opt/airflow/dags/first_dag.py for tasks to queue
[2026-08-21T14:08:40.921+0000] {logging_mixin.py:190} INFO - [2026-08-21T14:08:40.921+0000] {dagbag.py:588} INFO - Filling up the DagBag from /opt/airflow/dags/first_dag.py
[2026-08-21T14:08:40.923+0000] {logging_mixin.py:190} INFO - [2026-08-21T14:08:40.922+0000] {dagbag.py:387} ERROR - Failed to import: /opt/airflow/dags/first_dag.py
Traceback (most recent call last):
  File "/home/airflow/.local/lib/python3.12/site-packages/airflow/models/dagbag.py", line 383, in parse
    loader.exec_module(new_module)
  File "<frozen importlib._bootstrap_external>", line 995, in exec_module
  File "<frozen importlib._bootstrap_external>", line 1133, in get_code
  File "<frozen importlib._bootstrap_external>", line 1063, in source_to_code
  File "<frozen importlib._bootstrap>", line 488, in _call_with_frames_removed
  File "/opt/airflow/dags/first_dag.py", line 5
    dag1 = DAG(dag_id = "first_dag", start_date = datetime(2026,08,21), catchup = False )
                                                                ^
SyntaxError: leading zeros in decimal integer literals are not permitted; use an 0o prefix for octal integers
[2026-08-21T14:08:40.924+0000] {processor.py:927} WARNING - No viable dags retrieved from /opt/airflow/dags/first_dag.py
[2026-08-21T14:08:40.938+0000] {processor.py:208} INFO - Processing /opt/airflow/dags/first_dag.py took 0.023 seconds
[2026-08-21T14:08:41.935+0000] {processor.py:186} INFO - Started process (PID=1560) to work on /opt/airflow/dags/first_dag.py
[2026-08-21T14:08:41.935+0000] {processor.py:914} INFO - Processing file /opt/airflow/dags/first_dag.py for tasks to queue
[2026-08-21T14:08:41.936+0000] {logging_mixin.py:190} INFO - [2026-08-21T14:08:41.936+0000] {dagbag.py:588} INFO - Filling up the DagBag from /opt/airflow/dags/first_dag.py
[2026-08-21T14:08:41.939+0000] {logging_mixin.py:190} INFO - [2026-08-21T14:08:41.938+0000] {dagbag.py:387} ERROR - Failed to import: /opt/airflow/dags/first_dag.py
Traceback (most recent call last):
  File "/home/airflow/.local/lib/python3.12/site-packages/airflow/models/dagbag.py", line 383, in parse
    loader.exec_module(new_module)
  File "<frozen importlib._bootstrap_external>", line 995, in exec_module
  File "<frozen importlib._bootstrap_external>", line 1133, in get_code
  File "<frozen importlib._bootstrap_external>", line 1063, in source_to_code
  File "<frozen importlib._bootstrap>", line 488, in _call_with_frames_removed
  File "/opt/airflow/dags/first_dag.py", line 5
    dag1 = DAG(dag_id = "first_dag", start_date = datetime(2026,08,21), catchup = False )
                                                                ^
SyntaxError: leading zeros in decimal integer literals are not permitted; use an 0o prefix for octal integers
[2026-08-21T14:08:41.939+0000] {processor.py:927} WARNING - No viable dags retrieved from /opt/airflow/dags/first_dag.py
[2026-08-21T14:08:41.954+0000] {processor.py:208} INFO - Processing /opt/airflow/dags/first_dag.py took 0.024 seconds
[2026-08-21T14:08:42.970+0000] {processor.py:186} INFO - Started process (PID=1561) to work on /opt/airflow/dags/first_dag.py
[2026-08-21T14:08:42.971+0000] {processor.py:914} INFO - Processing file /opt/airflow/dags/first_dag.py for tasks to queue
[2026-08-21T14:08:42.971+0000] {logging_mixin.py:190} INFO - [2026-08-21T14:08:42.971+0000] {dagbag.py:588} INFO - Filling up the DagBag from /opt/airflow/dags/first_dag.py
[2026-08-21T14:08:42.974+0000] {logging_mixin.py:190} INFO - [2026-08-21T14:08:42.973+0000] {dagbag.py:387} ERROR - Failed to import: /opt/airflow/dags/first_dag.py
Traceback (most recent call last):
  File "/home/airflow/.local/lib/python3.12/site-packages/airflow/models/dagbag.py", line 383, in parse
    loader.exec_module(new_module)
  File "<frozen importlib._bootstrap_external>", line 995, in exec_module
  File "<frozen importlib._bootstrap_external>", line 1133, in get_code
  File "<frozen importlib._bootstrap_external>", line 1063, in source_to_code
  File "<frozen importlib._bootstrap>", line 488, in _call_with_frames_removed
  File "/opt/airflow/dags/first_dag.py", line 5
    dag1 = DAG(dag_id = "first_dag", start_date = datetime(2026,08,21), catchup = False )
                                                                ^
SyntaxError: leading zeros in decimal integer literals are not permitted; use an 0o prefix for octal integers
[2026-08-21T14:08:42.974+0000] {processor.py:927} WARNING - No viable dags retrieved from /opt/airflow/dags/first_dag.py
[2026-08-21T14:08:42.990+0000] {processor.py:208} INFO - Processing /opt/airflow/dags/first_dag.py took 0.024 seconds
[2026-08-21T14:08:54.032+0000] {processor.py:186} INFO - Started process (PID=1562) to work on /opt/airflow/dags/first_dag.py
[2026-08-21T14:08:54.033+0000] {processor.py:914} INFO - Processing file /opt/airflow/dags/first_dag.py for tasks to queue
[2026-08-21T14:08:54.034+0000] {logging_mixin.py:190} INFO - [2026-08-21T14:08:54.034+0000] {dagbag.py:588} INFO - Filling up the DagBag from /opt/airflow/dags/first_dag.py
[2026-08-21T14:08:54.037+0000] {logging_mixin.py:190} INFO - [2026-08-21T14:08:54.036+0000] {dagbag.py:387} ERROR - Failed to import: /opt/airflow/dags/first_dag.py
Traceback (most recent call last):
  File "/home/airflow/.local/lib/python3.12/site-packages/airflow/models/dagbag.py", line 383, in parse
    loader.exec_module(new_module)
  File "<frozen importlib._bootstrap_external>", line 995, in exec_module
  File "<frozen importlib._bootstrap_external>", line 1133, in get_code
  File "<frozen importlib._bootstrap_external>", line 1063, in source_to_code
  File "<frozen importlib._bootstrap>", line 488, in _call_with_frames_removed
  File "/opt/airflow/dags/first_dag.py", line 5
    dag1 = DAG(dag_id = "first_dag", start_date = datetime(2026,08,21), catchup = False )
                                                                ^
SyntaxError: leading zeros in decimal integer literals are not permitted; use an 0o prefix for octal integers
[2026-08-21T14:08:54.038+0000] {processor.py:927} WARNING - No viable dags retrieved from /opt/airflow/dags/first_dag.py
[2026-08-21T14:08:54.051+0000] {processor.py:208} INFO - Processing /opt/airflow/dags/first_dag.py took 0.024 seconds
[2026-08-21T14:08:56.062+0000] {processor.py:186} INFO - Started process (PID=1563) to work on /opt/airflow/dags/first_dag.py
[2026-08-21T14:08:56.062+0000] {processor.py:914} INFO - Processing file /opt/airflow/dags/first_dag.py for tasks to queue
[2026-08-21T14:08:56.063+0000] {logging_mixin.py:190} INFO - [2026-08-21T14:08:56.063+0000] {dagbag.py:588} INFO - Filling up the DagBag from /opt/airflow/dags/first_dag.py
[2026-08-21T14:08:56.066+0000] {logging_mixin.py:190} INFO - [2026-08-21T14:08:56.065+0000] {dagbag.py:387} ERROR - Failed to import: /opt/airflow/dags/first_dag.py
Traceback (most recent call last):
  File "/home/airflow/.local/lib/python3.12/site-packages/airflow/models/dagbag.py", line 383, in parse
    loader.exec_module(new_module)
  File "<frozen importlib._bootstrap_external>", line 995, in exec_module
  File "<frozen importlib._bootstrap_external>", line 1133, in get_code
  File "<frozen importlib._bootstrap_external>", line 1063, in source_to_code
  File "<frozen importlib._bootstrap>", line 488, in _call_with_frames_removed
  File "/opt/airflow/dags/first_dag.py", line 5
    dag1 = DAG(dag_id = "first_dag", start_date = datetime(2026,08,21), catchup = False )
                                                                ^
SyntaxError: leading zeros in decimal integer literals are not permitted; use an 0o prefix for octal integers
[2026-08-21T14:08:56.066+0000] {processor.py:927} WARNING - No viable dags retrieved from /opt/airflow/dags/first_dag.py
[2026-08-21T14:08:56.082+0000] {processor.py:208} INFO - Processing /opt/airflow/dags/first_dag.py took 0.025 seconds
[2026-08-21T14:08:59.098+0000] {processor.py:186} INFO - Started process (PID=1564) to work on /opt/airflow/dags/first_dag.py
[2026-08-21T14:08:59.098+0000] {processor.py:914} INFO - Processing file /opt/airflow/dags/first_dag.py for tasks to queue
[2026-08-21T14:08:59.099+0000] {logging_mixin.py:190} INFO - [2026-08-21T14:08:59.099+0000] {dagbag.py:588} INFO - Filling up the DagBag from /opt/airflow/dags/first_dag.py
[2026-08-21T14:08:59.102+0000] {logging_mixin.py:190} INFO - [2026-08-21T14:08:59.101+0000] {dagbag.py:387} ERROR - Failed to import: /opt/airflow/dags/first_dag.py
Traceback (most recent call last):
  File "/home/airflow/.local/lib/python3.12/site-packages/airflow/models/dagbag.py", line 383, in parse
    loader.exec_module(new_module)
  File "<frozen importlib._bootstrap_external>", line 995, in exec_module
  File "<frozen importlib._bootstrap_external>", line 1133, in get_code
  File "<frozen importlib._bootstrap_external>", line 1063, in source_to_code
  File "<frozen importlib._bootstrap>", line 488, in _call_with_frames_removed
  File "/opt/airflow/dags/first_dag.py", line 5
    dag1 = DAG(dag_id = "first_dag", start_date = datetime(2026,08,21), catchup = False )
                                                                ^
SyntaxError: leading zeros in decimal integer literals are not permitted; use an 0o prefix for octal integers
[2026-08-21T14:08:59.102+0000] {processor.py:927} WARNING - No viable dags retrieved from /opt/airflow/dags/first_dag.py
[2026-08-21T14:08:59.116+0000] {processor.py:208} INFO - Processing /opt/airflow/dags/first_dag.py took 0.023 seconds
[2026-08-21T14:09:01.127+0000] {processor.py:186} INFO - Started process (PID=1565) to work on /opt/airflow/dags/first_dag.py
[2026-08-21T14:09:01.128+0000] {processor.py:914} INFO - Processing file /opt/airflow/dags/first_dag.py for tasks to queue
[2026-08-21T14:09:01.129+0000] {logging_mixin.py:190} INFO - [2026-08-21T14:09:01.129+0000] {dagbag.py:588} INFO - Filling up the DagBag from /opt/airflow/dags/first_dag.py
[2026-08-21T14:09:01.131+0000] {logging_mixin.py:190} INFO - [2026-08-21T14:09:01.131+0000] {dagbag.py:387} ERROR - Failed to import: /opt/airflow/dags/first_dag.py
Traceback (most recent call last):
  File "/home/airflow/.local/lib/python3.12/site-packages/airflow/models/dagbag.py", line 383, in parse
    loader.exec_module(new_module)
  File "<frozen importlib._bootstrap_external>", line 995, in exec_module
  File "<frozen importlib._bootstrap_external>", line 1133, in get_code
  File "<frozen importlib._bootstrap_external>", line 1063, in source_to_code
  File "<frozen importlib._bootstrap>", line 488, in _call_with_frames_removed
  File "/opt/airflow/dags/first_dag.py", line 5
    dag1 = DAG(dag_id = "first_dag", start_date = datetime(2026,08,21), catchup = False )
                                                                ^
SyntaxError: leading zeros in decimal integer literals are not permitted; use an 0o prefix for octal integers
[2026-08-21T14:09:01.132+0000] {processor.py:927} WARNING - No viable dags retrieved from /opt/airflow/dags/first_dag.py
[2026-08-21T14:09:01.146+0000] {processor.py:208} INFO - Processing /opt/airflow/dags/first_dag.py took 0.025 seconds
[2026-08-21T14:09:05.166+0000] {processor.py:186} INFO - Started process (PID=1572) to work on /opt/airflow/dags/first_dag.py
[2026-08-21T14:09:05.167+0000] {processor.py:914} INFO - Processing file /opt/airflow/dags/first_dag.py for tasks to queue
[2026-08-21T14:09:05.167+0000] {logging_mixin.py:190} INFO - [2026-08-21T14:09:05.167+0000] {dagbag.py:588} INFO - Filling up the DagBag from /opt/airflow/dags/first_dag.py
[2026-08-21T14:09:05.170+0000] {logging_mixin.py:190} INFO - [2026-08-21T14:09:05.169+0000] {dagbag.py:387} ERROR - Failed to import: /opt/airflow/dags/first_dag.py
Traceback (most recent call last):
  File "/home/airflow/.local/lib/python3.12/site-packages/airflow/models/dagbag.py", line 383, in parse
    loader.exec_module(new_module)
  File "<frozen importlib._bootstrap_external>", line 995, in exec_module
  File "<frozen importlib._bootstrap_external>", line 1133, in get_code
  File "<frozen importlib._bootstrap_external>", line 1063, in source_to_code
  File "<frozen importlib._bootstrap>", line 488, in _call_with_frames_removed
  File "/opt/airflow/dags/first_dag.py", line 5
    dag1 = DAG(dag_id = "first_dag", start_date = datetime(2026,08,21), catchup = False )
                                                                ^
SyntaxError: leading zeros in decimal integer literals are not permitted; use an 0o prefix for octal integers
[2026-08-21T14:09:05.170+0000] {processor.py:927} WARNING - No viable dags retrieved from /opt/airflow/dags/first_dag.py
[2026-08-21T14:09:05.184+0000] {processor.py:208} INFO - Processing /opt/airflow/dags/first_dag.py took 0.023 seconds
[2026-08-21T14:09:10.207+0000] {processor.py:186} INFO - Started process (PID=1573) to work on /opt/airflow/dags/first_dag.py
[2026-08-21T14:09:10.214+0000] {processor.py:914} INFO - Processing file /opt/airflow/dags/first_dag.py for tasks to queue
[2026-08-21T14:09:10.215+0000] {logging_mixin.py:190} INFO - [2026-08-21T14:09:10.215+0000] {dagbag.py:588} INFO - Filling up the DagBag from /opt/airflow/dags/first_dag.py
[2026-08-21T14:09:10.218+0000] {logging_mixin.py:190} INFO - [2026-08-21T14:09:10.217+0000] {dagbag.py:387} ERROR - Failed to import: /opt/airflow/dags/first_dag.py
Traceback (most recent call last):
  File "/home/airflow/.local/lib/python3.12/site-packages/airflow/models/dagbag.py", line 383, in parse
    loader.exec_module(new_module)
  File "<frozen importlib._bootstrap_external>", line 995, in exec_module
  File "<frozen importlib._bootstrap_external>", line 1133, in get_code
  File "<frozen importlib._bootstrap_external>", line 1063, in source_to_code
  File "<frozen importlib._bootstrap>", line 488, in _call_with_frames_removed
  File "/opt/airflow/dags/first_dag.py", line 5
    dag1 = DAG(dag_id = "first_dag", start_date = datetime(2026,08,21), catchup = False )
                                                                ^
SyntaxError: leading zeros in decimal integer literals are not permitted; use an 0o prefix for octal integers
[2026-08-21T14:09:10.219+0000] {processor.py:927} WARNING - No viable dags retrieved from /opt/airflow/dags/first_dag.py
[2026-08-21T14:09:10.232+0000] {processor.py:208} INFO - Processing /opt/airflow/dags/first_dag.py took 0.029 seconds
[2026-08-21T14:09:15.250+0000] {processor.py:186} INFO - Started process (PID=1574) to work on /opt/airflow/dags/first_dag.py
[2026-08-21T14:09:15.250+0000] {processor.py:914} INFO - Processing file /opt/airflow/dags/first_dag.py for tasks to queue
[2026-08-21T14:09:15.251+0000] {logging_mixin.py:190} INFO - [2026-08-21T14:09:15.251+0000] {dagbag.py:588} INFO - Filling up the DagBag from /opt/airflow/dags/first_dag.py
[2026-08-21T14:09:15.253+0000] {logging_mixin.py:190} INFO - [2026-08-21T14:09:15.253+0000] {dagbag.py:387} ERROR - Failed to import: /opt/airflow/dags/first_dag.py
Traceback (most recent call last):
  File "/home/airflow/.local/lib/python3.12/site-packages/airflow/models/dagbag.py", line 383, in parse
    loader.exec_module(new_module)
  File "<frozen importlib._bootstrap_external>", line 995, in exec_module
  File "<frozen importlib._bootstrap_external>", line 1133, in get_code
  File "<frozen importlib._bootstrap_external>", line 1063, in source_to_code
  File "<frozen importlib._bootstrap>", line 488, in _call_with_frames_removed
  File "/opt/airflow/dags/first_dag.py", line 5
    dag1 = DAG(dag_id = "first_dag", start_date = datetime(2026,08,21), catchup = False )
                                                                ^
SyntaxError: leading zeros in decimal integer literals are not permitted; use an 0o prefix for octal integers
[2026-08-21T14:09:15.254+0000] {processor.py:927} WARNING - No viable dags retrieved from /opt/airflow/dags/first_dag.py
[2026-08-21T14:09:15.268+0000] {processor.py:208} INFO - Processing /opt/airflow/dags/first_dag.py took 0.023 seconds
[2026-08-21T14:09:16.279+0000] {processor.py:186} INFO - Started process (PID=1575) to work on /opt/airflow/dags/first_dag.py
[2026-08-21T14:09:16.280+0000] {processor.py:914} INFO - Processing file /opt/airflow/dags/first_dag.py for tasks to queue
[2026-08-21T14:09:16.282+0000] {logging_mixin.py:190} INFO - [2026-08-21T14:09:16.281+0000] {dagbag.py:588} INFO - Filling up the DagBag from /opt/airflow/dags/first_dag.py
[2026-08-21T14:09:16.285+0000] {logging_mixin.py:190} INFO - [2026-08-21T14:09:16.284+0000] {dagbag.py:387} ERROR - Failed to import: /opt/airflow/dags/first_dag.py
Traceback (most recent call last):
  File "/home/airflow/.local/lib/python3.12/site-packages/airflow/models/dagbag.py", line 383, in parse
    loader.exec_module(new_module)
  File "<frozen importlib._bootstrap_external>", line 995, in exec_module
  File "<frozen importlib._bootstrap_external>", line 1133, in get_code
  File "<frozen importlib._bootstrap_external>", line 1063, in source_to_code
  File "<frozen importlib._bootstrap>", line 488, in _call_with_frames_removed
  File "/opt/airflow/dags/first_dag.py", line 5
    dag1 = DAG(dag_id = "first_dag", start_date = datetime(2026,08,21), catchup = False )
                                                                ^
SyntaxError: leading zeros in decimal integer literals are not permitted; use an 0o prefix for octal integers
[2026-08-21T14:09:16.285+0000] {processor.py:927} WARNING - No viable dags retrieved from /opt/airflow/dags/first_dag.py
[2026-08-21T14:09:16.300+0000] {processor.py:208} INFO - Processing /opt/airflow/dags/first_dag.py took 0.025 seconds
[2026-08-21T14:09:20.316+0000] {processor.py:186} INFO - Started process (PID=1576) to work on /opt/airflow/dags/first_dag.py
[2026-08-21T14:09:20.316+0000] {processor.py:914} INFO - Processing file /opt/airflow/dags/first_dag.py for tasks to queue
[2026-08-21T14:09:20.317+0000] {logging_mixin.py:190} INFO - [2026-08-21T14:09:20.317+0000] {dagbag.py:588} INFO - Filling up the DagBag from /opt/airflow/dags/first_dag.py
[2026-08-21T14:09:20.321+0000] {logging_mixin.py:190} INFO - [2026-08-21T14:09:20.320+0000] {dagbag.py:387} ERROR - Failed to import: /opt/airflow/dags/first_dag.py
Traceback (most recent call last):
  File "/home/airflow/.local/lib/python3.12/site-packages/airflow/models/dagbag.py", line 383, in parse
    loader.exec_module(new_module)
  File "<frozen importlib._bootstrap_external>", line 995, in exec_module
  File "<frozen importlib._bootstrap_external>", line 1133, in get_code
  File "<frozen importlib._bootstrap_external>", line 1063, in source_to_code
  File "<frozen importlib._bootstrap>", line 488, in _call_with_frames_removed
  File "/opt/airflow/dags/first_dag.py", line 5
    dag1 = DAG(dag_id = "first_dag", start_date = datetime(2026,08,21), catchup = False )
                                                                ^
SyntaxError: leading zeros in decimal integer literals are not permitted; use an 0o prefix for octal integers
[2026-08-21T14:09:20.322+0000] {processor.py:927} WARNING - No viable dags retrieved from /opt/airflow/dags/first_dag.py
[2026-08-21T14:09:20.338+0000] {processor.py:208} INFO - Processing /opt/airflow/dags/first_dag.py took 0.027 seconds
[2026-08-21T14:09:23.351+0000] {processor.py:186} INFO - Started process (PID=1577) to work on /opt/airflow/dags/first_dag.py
[2026-08-21T14:09:23.351+0000] {processor.py:914} INFO - Processing file /opt/airflow/dags/first_dag.py for tasks to queue
[2026-08-21T14:09:23.352+0000] {logging_mixin.py:190} INFO - [2026-08-21T14:09:23.352+0000] {dagbag.py:588} INFO - Filling up the DagBag from /opt/airflow/dags/first_dag.py
[2026-08-21T14:09:23.354+0000] {logging_mixin.py:190} INFO - [2026-08-21T14:09:23.353+0000] {dagbag.py:387} ERROR - Failed to import: /opt/airflow/dags/first_dag.py
Traceback (most recent call last):
  File "/home/airflow/.local/lib/python3.12/site-packages/airflow/models/dagbag.py", line 383, in parse
    loader.exec_module(new_module)
  File "<frozen importlib._bootstrap_external>", line 995, in exec_module
  File "<frozen importlib._bootstrap_external>", line 1133, in get_code
  File "<frozen importlib._bootstrap_external>", line 1063, in source_to_code
  File "<frozen importlib._bootstrap>", line 488, in _call_with_frames_removed
  File "/opt/airflow/dags/first_dag.py", line 5
    dag1 = DAG(dag_id = "first_dag", start_date = datetime(2026,08,21), catchup = False )
                                                                ^
SyntaxError: leading zeros in decimal integer literals are not permitted; use an 0o prefix for octal integers
[2026-08-21T14:09:23.355+0000] {processor.py:927} WARNING - No viable dags retrieved from /opt/airflow/dags/first_dag.py
[2026-08-21T14:09:23.370+0000] {processor.py:208} INFO - Processing /opt/airflow/dags/first_dag.py took 0.025 seconds
[2026-08-21T14:09:35.427+0000] {processor.py:186} INFO - Started process (PID=1584) to work on /opt/airflow/dags/first_dag.py
[2026-08-21T14:09:35.428+0000] {processor.py:914} INFO - Processing file /opt/airflow/dags/first_dag.py for tasks to queue
[2026-08-21T14:09:35.429+0000] {logging_mixin.py:190} INFO - [2026-08-21T14:09:35.428+0000] {dagbag.py:588} INFO - Filling up the DagBag from /opt/airflow/dags/first_dag.py
[2026-08-21T14:09:35.431+0000] {logging_mixin.py:190} INFO - [2026-08-21T14:09:35.430+0000] {dagbag.py:387} ERROR - Failed to import: /opt/airflow/dags/first_dag.py
Traceback (most recent call last):
  File "/home/airflow/.local/lib/python3.12/site-packages/airflow/models/dagbag.py", line 383, in parse
    loader.exec_module(new_module)
  File "<frozen importlib._bootstrap_external>", line 995, in exec_module
  File "<frozen importlib._bootstrap_external>", line 1133, in get_code
  File "<frozen importlib._bootstrap_external>", line 1063, in source_to_code
  File "<frozen importlib._bootstrap>", line 488, in _call_with_frames_removed
  File "/opt/airflow/dags/first_dag.py", line 5
    dag1 = DAG(dag_id = "first_dag", start_date = datetime(2026,08,21), catchup = False )
                                                                ^
SyntaxError: leading zeros in decimal integer literals are not permitted; use an 0o prefix for octal integers
[2026-08-21T14:09:35.431+0000] {processor.py:927} WARNING - No viable dags retrieved from /opt/airflow/dags/first_dag.py
[2026-08-21T14:09:35.447+0000] {processor.py:208} INFO - Processing /opt/airflow/dags/first_dag.py took 0.024 seconds
[2026-08-21T14:09:38.453+0000] {processor.py:186} INFO - Started process (PID=1585) to work on /opt/airflow/dags/first_dag.py
[2026-08-21T14:09:38.453+0000] {processor.py:914} INFO - Processing file /opt/airflow/dags/first_dag.py for tasks to queue
[2026-08-21T14:09:38.454+0000] {logging_mixin.py:190} INFO - [2026-08-21T14:09:38.454+0000] {dagbag.py:588} INFO - Filling up the DagBag from /opt/airflow/dags/first_dag.py
[2026-08-21T14:09:38.457+0000] {logging_mixin.py:190} INFO - [2026-08-21T14:09:38.456+0000] {dagbag.py:387} ERROR - Failed to import: /opt/airflow/dags/first_dag.py
Traceback (most recent call last):
  File "/home/airflow/.local/lib/python3.12/site-packages/airflow/models/dagbag.py", line 383, in parse
    loader.exec_module(new_module)
  File "<frozen importlib._bootstrap_external>", line 995, in exec_module
  File "<frozen importlib._bootstrap_external>", line 1133, in get_code
  File "<frozen importlib._bootstrap_external>", line 1063, in source_to_code
  File "<frozen importlib._bootstrap>", line 488, in _call_with_frames_removed
  File "/opt/airflow/dags/first_dag.py", line 5
    dag1 = DAG(dag_id = "first_dag", start_date = datetime(2026,08,21), catchup = False )
                                                                ^
SyntaxError: leading zeros in decimal integer literals are not permitted; use an 0o prefix for octal integers
[2026-08-21T14:09:38.457+0000] {processor.py:927} WARNING - No viable dags retrieved from /opt/airflow/dags/first_dag.py
[2026-08-21T14:09:38.472+0000] {processor.py:208} INFO - Processing /opt/airflow/dags/first_dag.py took 0.024 seconds
[2026-08-21T14:10:04.591+0000] {processor.py:186} INFO - Started process (PID=1592) to work on /opt/airflow/dags/first_dag.py
[2026-08-21T14:10:04.597+0000] {processor.py:914} INFO - Processing file /opt/airflow/dags/first_dag.py for tasks to queue
[2026-08-21T14:10:04.599+0000] {logging_mixin.py:190} INFO - [2026-08-21T14:10:04.598+0000] {dagbag.py:588} INFO - Filling up the DagBag from /opt/airflow/dags/first_dag.py
[2026-08-21T14:10:04.601+0000] {logging_mixin.py:190} INFO - [2026-08-21T14:10:04.600+0000] {dagbag.py:387} ERROR - Failed to import: /opt/airflow/dags/first_dag.py
Traceback (most recent call last):
  File "/home/airflow/.local/lib/python3.12/site-packages/airflow/models/dagbag.py", line 383, in parse
    loader.exec_module(new_module)
  File "<frozen importlib._bootstrap_external>", line 995, in exec_module
  File "<frozen importlib._bootstrap_external>", line 1133, in get_code
  File "<frozen importlib._bootstrap_external>", line 1063, in source_to_code
  File "<frozen importlib._bootstrap>", line 488, in _call_with_frames_removed
  File "/opt/airflow/dags/first_dag.py", line 5
    dag1 = DAG(dag_id = "first_dag", start_date = datetime(2026,08,21), catchup = False )
                                                                ^
SyntaxError: leading zeros in decimal integer literals are not permitted; use an 0o prefix for octal integers
[2026-08-21T14:10:04.602+0000] {processor.py:927} WARNING - No viable dags retrieved from /opt/airflow/dags/first_dag.py
[2026-08-21T14:10:04.623+0000] {processor.py:208} INFO - Processing /opt/airflow/dags/first_dag.py took 0.036 seconds
[2026-08-21T14:10:06.611+0000] {processor.py:186} INFO - Started process (PID=1593) to work on /opt/airflow/dags/first_dag.py
[2026-08-21T14:10:06.611+0000] {processor.py:914} INFO - Processing file /opt/airflow/dags/first_dag.py for tasks to queue
[2026-08-21T14:10:06.612+0000] {logging_mixin.py:190} INFO - [2026-08-21T14:10:06.612+0000] {dagbag.py:588} INFO - Filling up the DagBag from /opt/airflow/dags/first_dag.py
[2026-08-21T14:10:06.615+0000] {logging_mixin.py:190} INFO - [2026-08-21T14:10:06.614+0000] {dagbag.py:387} ERROR - Failed to import: /opt/airflow/dags/first_dag.py
Traceback (most recent call last):
  File "/home/airflow/.local/lib/python3.12/site-packages/airflow/models/dagbag.py", line 383, in parse
    loader.exec_module(new_module)
  File "<frozen importlib._bootstrap_external>", line 995, in exec_module
  File "<frozen importlib._bootstrap_external>", line 1133, in get_code
  File "<frozen importlib._bootstrap_external>", line 1063, in source_to_code
  File "<frozen importlib._bootstrap>", line 488, in _call_with_frames_removed
  File "/opt/airflow/dags/first_dag.py", line 5
    dag1 = DAG(dag_id = "first_dag", start_date = datetime(2026,08,21), catchup = False )
                                                                ^
SyntaxError: leading zeros in decimal integer literals are not permitted; use an 0o prefix for octal integers
[2026-08-21T14:10:06.616+0000] {processor.py:927} WARNING - No viable dags retrieved from /opt/airflow/dags/first_dag.py
[2026-08-21T14:10:06.630+0000] {processor.py:208} INFO - Processing /opt/airflow/dags/first_dag.py took 0.024 seconds
[2026-08-21T14:10:18.669+0000] {processor.py:186} INFO - Started process (PID=1594) to work on /opt/airflow/dags/first_dag.py
[2026-08-21T14:10:18.670+0000] {processor.py:914} INFO - Processing file /opt/airflow/dags/first_dag.py for tasks to queue
[2026-08-21T14:10:18.671+0000] {logging_mixin.py:190} INFO - [2026-08-21T14:10:18.670+0000] {dagbag.py:588} INFO - Filling up the DagBag from /opt/airflow/dags/first_dag.py
[2026-08-21T14:10:18.673+0000] {logging_mixin.py:190} INFO - [2026-08-21T14:10:18.672+0000] {dagbag.py:387} ERROR - Failed to import: /opt/airflow/dags/first_dag.py
Traceback (most recent call last):
  File "/home/airflow/.local/lib/python3.12/site-packages/airflow/models/dagbag.py", line 383, in parse
    loader.exec_module(new_module)
  File "<frozen importlib._bootstrap_external>", line 995, in exec_module
  File "<frozen importlib._bootstrap_external>", line 1133, in get_code
  File "<frozen importlib._bootstrap_external>", line 1063, in source_to_code
  File "<frozen importlib._bootstrap>", line 488, in _call_with_frames_removed
  File "/opt/airflow/dags/first_dag.py", line 5
    dag1 = DAG(dag_id = "first_dag", start_date = datetime(2026,08,21), catchup = False )
                                                                ^
SyntaxError: leading zeros in decimal integer literals are not permitted; use an 0o prefix for octal integers
[2026-08-21T14:10:18.673+0000] {processor.py:927} WARNING - No viable dags retrieved from /opt/airflow/dags/first_dag.py
[2026-08-21T14:10:18.688+0000] {processor.py:208} INFO - Processing /opt/airflow/dags/first_dag.py took 0.024 seconds
[2026-08-21T14:10:29.744+0000] {processor.py:186} INFO - Started process (PID=1595) to work on /opt/airflow/dags/first_dag.py
[2026-08-21T14:10:29.744+0000] {processor.py:914} INFO - Processing file /opt/airflow/dags/first_dag.py for tasks to queue
[2026-08-21T14:10:29.745+0000] {logging_mixin.py:190} INFO - [2026-08-21T14:10:29.745+0000] {dagbag.py:588} INFO - Filling up the DagBag from /opt/airflow/dags/first_dag.py
[2026-08-21T14:10:29.747+0000] {logging_mixin.py:190} INFO - [2026-08-21T14:10:29.746+0000] {dagbag.py:387} ERROR - Failed to import: /opt/airflow/dags/first_dag.py
Traceback (most recent call last):
  File "/home/airflow/.local/lib/python3.12/site-packages/airflow/models/dagbag.py", line 383, in parse
    loader.exec_module(new_module)
  File "<frozen importlib._bootstrap_external>", line 995, in exec_module
  File "<frozen importlib._bootstrap_external>", line 1133, in get_code
  File "<frozen importlib._bootstrap_external>", line 1063, in source_to_code
  File "<frozen importlib._bootstrap>", line 488, in _call_with_frames_removed
  File "/opt/airflow/dags/first_dag.py", line 5
    dag1 = DAG(dag_id = "first_dag", start_date = datetime(2026,08,21), catchup = False )
                                                                ^
SyntaxError: leading zeros in decimal integer literals are not permitted; use an 0o prefix for octal integers
[2026-08-21T14:10:29.747+0000] {processor.py:927} WARNING - No viable dags retrieved from /opt/airflow/dags/first_dag.py
[2026-08-21T14:10:29.763+0000] {processor.py:208} INFO - Processing /opt/airflow/dags/first_dag.py took 0.024 seconds
[2026-08-21T14:10:32.768+0000] {processor.py:186} INFO - Started process (PID=1596) to work on /opt/airflow/dags/first_dag.py
[2026-08-21T14:10:32.769+0000] {processor.py:914} INFO - Processing file /opt/airflow/dags/first_dag.py for tasks to queue
[2026-08-21T14:10:32.770+0000] {logging_mixin.py:190} INFO - [2026-08-21T14:10:32.770+0000] {dagbag.py:588} INFO - Filling up the DagBag from /opt/airflow/dags/first_dag.py
[2026-08-21T14:10:32.772+0000] {logging_mixin.py:190} INFO - [2026-08-21T14:10:32.772+0000] {dagbag.py:387} ERROR - Failed to import: /opt/airflow/dags/first_dag.py
Traceback (most recent call last):
  File "/home/airflow/.local/lib/python3.12/site-packages/airflow/models/dagbag.py", line 383, in parse
    loader.exec_module(new_module)
  File "<frozen importlib._bootstrap_external>", line 995, in exec_module
  File "<frozen importlib._bootstrap_external>", line 1133, in get_code
  File "<frozen importlib._bootstrap_external>", line 1063, in source_to_code
  File "<frozen importlib._bootstrap>", line 488, in _call_with_frames_removed
  File "/opt/airflow/dags/first_dag.py", line 5
    dag1 = DAG(dag_id = "first_dag", start_date = datetime(2026,08,21), catchup = False )
                                                                ^
SyntaxError: leading zeros in decimal integer literals are not permitted; use an 0o prefix for octal integers
[2026-08-21T14:10:32.773+0000] {processor.py:927} WARNING - No viable dags retrieved from /opt/airflow/dags/first_dag.py
[2026-08-21T14:10:32.788+0000] {processor.py:208} INFO - Processing /opt/airflow/dags/first_dag.py took 0.024 seconds
[2026-08-21T14:10:34.809+0000] {processor.py:186} INFO - Started process (PID=1603) to work on /opt/airflow/dags/first_dag.py
[2026-08-21T14:10:34.810+0000] {processor.py:914} INFO - Processing file /opt/airflow/dags/first_dag.py for tasks to queue
[2026-08-21T14:10:34.811+0000] {logging_mixin.py:190} INFO - [2026-08-21T14:10:34.811+0000] {dagbag.py:588} INFO - Filling up the DagBag from /opt/airflow/dags/first_dag.py
[2026-08-21T14:10:34.814+0000] {logging_mixin.py:190} INFO - [2026-08-21T14:10:34.813+0000] {dagbag.py:387} ERROR - Failed to import: /opt/airflow/dags/first_dag.py
Traceback (most recent call last):
  File "/home/airflow/.local/lib/python3.12/site-packages/airflow/models/dagbag.py", line 383, in parse
    loader.exec_module(new_module)
  File "<frozen importlib._bootstrap_external>", line 995, in exec_module
  File "<frozen importlib._bootstrap_external>", line 1133, in get_code
  File "<frozen importlib._bootstrap_external>", line 1063, in source_to_code
  File "<frozen importlib._bootstrap>", line 488, in _call_with_frames_removed
  File "/opt/airflow/dags/first_dag.py", line 5
    dag1 = DAG(dag_id = "first_dag", start_date = datetime(2026,08,21), catchup = False )
                                                                ^
SyntaxError: leading zeros in decimal integer literals are not permitted; use an 0o prefix for octal integers
[2026-08-21T14:10:34.814+0000] {processor.py:927} WARNING - No viable dags retrieved from /opt/airflow/dags/first_dag.py
[2026-08-21T14:10:34.828+0000] {processor.py:208} INFO - Processing /opt/airflow/dags/first_dag.py took 0.024 seconds
[2026-08-21T14:10:39.843+0000] {processor.py:186} INFO - Started process (PID=1604) to work on /opt/airflow/dags/first_dag.py
[2026-08-21T14:10:39.843+0000] {processor.py:914} INFO - Processing file /opt/airflow/dags/first_dag.py for tasks to queue
[2026-08-21T14:10:39.844+0000] {logging_mixin.py:190} INFO - [2026-08-21T14:10:39.844+0000] {dagbag.py:588} INFO - Filling up the DagBag from /opt/airflow/dags/first_dag.py
[2026-08-21T14:10:39.847+0000] {logging_mixin.py:190} INFO - [2026-08-21T14:10:39.846+0000] {dagbag.py:387} ERROR - Failed to import: /opt/airflow/dags/first_dag.py
Traceback (most recent call last):
  File "/home/airflow/.local/lib/python3.12/site-packages/airflow/models/dagbag.py", line 383, in parse
    loader.exec_module(new_module)
  File "<frozen importlib._bootstrap_external>", line 995, in exec_module
  File "<frozen importlib._bootstrap_external>", line 1133, in get_code
  File "<frozen importlib._bootstrap_external>", line 1063, in source_to_code
  File "<frozen importlib._bootstrap>", line 488, in _call_with_frames_removed
  File "/opt/airflow/dags/first_dag.py", line 5
    dag1 = DAG(dag_id = "first_dag", start_date = datetime(2026,08,21), catchup = False )
                                                                ^
SyntaxError: leading zeros in decimal integer literals are not permitted; use an 0o prefix for octal integers
[2026-08-21T14:10:39.847+0000] {processor.py:927} WARNING - No viable dags retrieved from /opt/airflow/dags/first_dag.py
[2026-08-21T14:10:39.862+0000] {processor.py:208} INFO - Processing /opt/airflow/dags/first_dag.py took 0.024 seconds
[2026-08-21T14:10:44.894+0000] {processor.py:186} INFO - Started process (PID=1605) to work on /opt/airflow/dags/first_dag.py
[2026-08-21T14:10:44.900+0000] {processor.py:914} INFO - Processing file /opt/airflow/dags/first_dag.py for tasks to queue
[2026-08-21T14:10:44.902+0000] {logging_mixin.py:190} INFO - [2026-08-21T14:10:44.901+0000] {dagbag.py:588} INFO - Filling up the DagBag from /opt/airflow/dags/first_dag.py
[2026-08-21T14:10:44.905+0000] {logging_mixin.py:190} INFO - [2026-08-21T14:10:44.904+0000] {dagbag.py:387} ERROR - Failed to import: /opt/airflow/dags/first_dag.py
Traceback (most recent call last):
  File "/home/airflow/.local/lib/python3.12/site-packages/airflow/models/dagbag.py", line 383, in parse
    loader.exec_module(new_module)
  File "<frozen importlib._bootstrap_external>", line 995, in exec_module
  File "<frozen importlib._bootstrap_external>", line 1133, in get_code
  File "<frozen importlib._bootstrap_external>", line 1063, in source_to_code
  File "<frozen importlib._bootstrap>", line 488, in _call_with_frames_removed
  File "/opt/airflow/dags/first_dag.py", line 5
    dag1 = DAG(dag_id = "first_dag", start_date = datetime(2026,08,21), catchup = False )
                                                                ^
SyntaxError: leading zeros in decimal integer literals are not permitted; use an 0o prefix for octal integers
[2026-08-21T14:10:44.906+0000] {processor.py:927} WARNING - No viable dags retrieved from /opt/airflow/dags/first_dag.py
[2026-08-21T14:10:44.922+0000] {processor.py:208} INFO - Processing /opt/airflow/dags/first_dag.py took 0.033 seconds
[2026-08-21T14:10:45.911+0000] {processor.py:186} INFO - Started process (PID=1606) to work on /opt/airflow/dags/first_dag.py
[2026-08-21T14:10:45.911+0000] {processor.py:914} INFO - Processing file /opt/airflow/dags/first_dag.py for tasks to queue
[2026-08-21T14:10:45.912+0000] {logging_mixin.py:190} INFO - [2026-08-21T14:10:45.912+0000] {dagbag.py:588} INFO - Filling up the DagBag from /opt/airflow/dags/first_dag.py
[2026-08-21T14:10:45.915+0000] {logging_mixin.py:190} INFO - [2026-08-21T14:10:45.914+0000] {dagbag.py:387} ERROR - Failed to import: /opt/airflow/dags/first_dag.py
Traceback (most recent call last):
  File "/home/airflow/.local/lib/python3.12/site-packages/airflow/models/dagbag.py", line 383, in parse
    loader.exec_module(new_module)
  File "<frozen importlib._bootstrap_external>", line 995, in exec_module
  File "<frozen importlib._bootstrap_external>", line 1133, in get_code
  File "<frozen importlib._bootstrap_external>", line 1063, in source_to_code
  File "<frozen importlib._bootstrap>", line 488, in _call_with_frames_removed
  File "/opt/airflow/dags/first_dag.py", line 5
    dag1 = DAG(dag_id = "first_dag", start_date = datetime(2026,08,21), catchup = False )
                                                                ^
SyntaxError: leading zeros in decimal integer literals are not permitted; use an 0o prefix for octal integers
[2026-08-21T14:10:45.915+0000] {processor.py:927} WARNING - No viable dags retrieved from /opt/airflow/dags/first_dag.py
[2026-08-21T14:10:45.929+0000] {processor.py:208} INFO - Processing /opt/airflow/dags/first_dag.py took 0.023 seconds
[2026-08-21T14:10:52.983+0000] {processor.py:186} INFO - Started process (PID=1607) to work on /opt/airflow/dags/first_dag.py
[2026-08-21T14:10:52.983+0000] {processor.py:914} INFO - Processing file /opt/airflow/dags/first_dag.py for tasks to queue
[2026-08-21T14:10:52.984+0000] {logging_mixin.py:190} INFO - [2026-08-21T14:10:52.984+0000] {dagbag.py:588} INFO - Filling up the DagBag from /opt/airflow/dags/first_dag.py
[2026-08-21T14:10:52.987+0000] {logging_mixin.py:190} INFO - [2026-08-21T14:10:52.986+0000] {dagbag.py:387} ERROR - Failed to import: /opt/airflow/dags/first_dag.py
Traceback (most recent call last):
  File "/home/airflow/.local/lib/python3.12/site-packages/airflow/models/dagbag.py", line 383, in parse
    loader.exec_module(new_module)
  File "<frozen importlib._bootstrap_external>", line 995, in exec_module
  File "<frozen importlib._bootstrap_external>", line 1133, in get_code
  File "<frozen importlib._bootstrap_external>", line 1063, in source_to_code
  File "<frozen importlib._bootstrap>", line 488, in _call_with_frames_removed
  File "/opt/airflow/dags/first_dag.py", line 5
    dag1 = DAG(dag_id = "first_dag", start_date = datetime(2026,08,21), catchup = False )
                                                                ^
SyntaxError: leading zeros in decimal integer literals are not permitted; use an 0o prefix for octal integers
[2026-08-21T14:10:52.987+0000] {processor.py:927} WARNING - No viable dags retrieved from /opt/airflow/dags/first_dag.py
[2026-08-21T14:10:53.002+0000] {processor.py:208} INFO - Processing /opt/airflow/dags/first_dag.py took 0.024 seconds
[2026-08-21T14:10:55.004+0000] {processor.py:186} INFO - Started process (PID=1608) to work on /opt/airflow/dags/first_dag.py
[2026-08-21T14:10:55.004+0000] {processor.py:914} INFO - Processing file /opt/airflow/dags/first_dag.py for tasks to queue
[2026-08-21T14:10:55.005+0000] {logging_mixin.py:190} INFO - [2026-08-21T14:10:55.005+0000] {dagbag.py:588} INFO - Filling up the DagBag from /opt/airflow/dags/first_dag.py
[2026-08-21T14:10:55.008+0000] {logging_mixin.py:190} INFO - [2026-08-21T14:10:55.007+0000] {dagbag.py:387} ERROR - Failed to import: /opt/airflow/dags/first_dag.py
Traceback (most recent call last):
  File "/home/airflow/.local/lib/python3.12/site-packages/airflow/models/dagbag.py", line 383, in parse
    loader.exec_module(new_module)
  File "<frozen importlib._bootstrap_external>", line 995, in exec_module
  File "<frozen importlib._bootstrap_external>", line 1133, in get_code
  File "<frozen importlib._bootstrap_external>", line 1063, in source_to_code
  File "<frozen importlib._bootstrap>", line 488, in _call_with_frames_removed
  File "/opt/airflow/dags/first_dag.py", line 5
    dag1 = DAG(dag_id = "first_dag", start_date = datetime(2026,08,21), catchup = False )
                                                                ^
SyntaxError: leading zeros in decimal integer literals are not permitted; use an 0o prefix for octal integers
[2026-08-21T14:10:55.008+0000] {processor.py:927} WARNING - No viable dags retrieved from /opt/airflow/dags/first_dag.py
[2026-08-21T14:10:55.023+0000] {processor.py:208} INFO - Processing /opt/airflow/dags/first_dag.py took 0.023 seconds
[2026-08-21T14:10:57.044+0000] {processor.py:186} INFO - Started process (PID=1609) to work on /opt/airflow/dags/first_dag.py
[2026-08-21T14:10:57.045+0000] {processor.py:914} INFO - Processing file /opt/airflow/dags/first_dag.py for tasks to queue
[2026-08-21T14:10:57.046+0000] {logging_mixin.py:190} INFO - [2026-08-21T14:10:57.045+0000] {dagbag.py:588} INFO - Filling up the DagBag from /opt/airflow/dags/first_dag.py
[2026-08-21T14:10:57.048+0000] {logging_mixin.py:190} INFO - [2026-08-21T14:10:57.047+0000] {dagbag.py:387} ERROR - Failed to import: /opt/airflow/dags/first_dag.py
Traceback (most recent call last):
  File "/home/airflow/.local/lib/python3.12/site-packages/airflow/models/dagbag.py", line 383, in parse
    loader.exec_module(new_module)
  File "<frozen importlib._bootstrap_external>", line 995, in exec_module
  File "<frozen importlib._bootstrap_external>", line 1133, in get_code
  File "<frozen importlib._bootstrap_external>", line 1063, in source_to_code
  File "<frozen importlib._bootstrap>", line 488, in _call_with_frames_removed
  File "/opt/airflow/dags/first_dag.py", line 5
    dag1 = DAG(dag_id = "first_dag", start_date = datetime(2026,08,21), catchup = False )
                                                                ^
SyntaxError: leading zeros in decimal integer literals are not permitted; use an 0o prefix for octal integers
[2026-08-21T14:10:57.048+0000] {processor.py:927} WARNING - No viable dags retrieved from /opt/airflow/dags/first_dag.py
[2026-08-21T14:10:57.063+0000] {processor.py:208} INFO - Processing /opt/airflow/dags/first_dag.py took 0.024 seconds
[2026-08-21T14:10:59.067+0000] {processor.py:186} INFO - Started process (PID=1610) to work on /opt/airflow/dags/first_dag.py
[2026-08-21T14:10:59.067+0000] {processor.py:914} INFO - Processing file /opt/airflow/dags/first_dag.py for tasks to queue
[2026-08-21T14:10:59.068+0000] {logging_mixin.py:190} INFO - [2026-08-21T14:10:59.068+0000] {dagbag.py:588} INFO - Filling up the DagBag from /opt/airflow/dags/first_dag.py
[2026-08-21T14:10:59.071+0000] {logging_mixin.py:190} INFO - [2026-08-21T14:10:59.069+0000] {dagbag.py:387} ERROR - Failed to import: /opt/airflow/dags/first_dag.py
Traceback (most recent call last):
  File "/home/airflow/.local/lib/python3.12/site-packages/airflow/models/dagbag.py", line 383, in parse
    loader.exec_module(new_module)
  File "<frozen importlib._bootstrap_external>", line 995, in exec_module
  File "<frozen importlib._bootstrap_external>", line 1133, in get_code
  File "<frozen importlib._bootstrap_external>", line 1063, in source_to_code
  File "<frozen importlib._bootstrap>", line 488, in _call_with_frames_removed
  File "/opt/airflow/dags/first_dag.py", line 5
    dag1 = DAG(dag_id = "first_dag", start_date = datetime(2026,08,21), catchup = False )
                                                                ^
SyntaxError: leading zeros in decimal integer literals are not permitted; use an 0o prefix for octal integers
[2026-08-21T14:10:59.071+0000] {processor.py:927} WARNING - No viable dags retrieved from /opt/airflow/dags/first_dag.py
[2026-08-21T14:10:59.086+0000] {processor.py:208} INFO - Processing /opt/airflow/dags/first_dag.py took 0.024 seconds
[2026-08-21T14:11:09.148+0000] {processor.py:186} INFO - Started process (PID=1617) to work on /opt/airflow/dags/first_dag.py
[2026-08-21T14:11:09.149+0000] {processor.py:914} INFO - Processing file /opt/airflow/dags/first_dag.py for tasks to queue
[2026-08-21T14:11:09.150+0000] {logging_mixin.py:190} INFO - [2026-08-21T14:11:09.149+0000] {dagbag.py:588} INFO - Filling up the DagBag from /opt/airflow/dags/first_dag.py
[2026-08-21T14:11:09.152+0000] {logging_mixin.py:190} INFO - [2026-08-21T14:11:09.151+0000] {dagbag.py:387} ERROR - Failed to import: /opt/airflow/dags/first_dag.py
Traceback (most recent call last):
  File "/home/airflow/.local/lib/python3.12/site-packages/airflow/models/dagbag.py", line 383, in parse
    loader.exec_module(new_module)
  File "<frozen importlib._bootstrap_external>", line 995, in exec_module
  File "<frozen importlib._bootstrap_external>", line 1133, in get_code
  File "<frozen importlib._bootstrap_external>", line 1063, in source_to_code
  File "<frozen importlib._bootstrap>", line 488, in _call_with_frames_removed
  File "/opt/airflow/dags/first_dag.py", line 5
    dag1 = DAG(dag_id = "first_dag", start_date = datetime(2026,08,21), catchup = False )
                                                                ^
SyntaxError: leading zeros in decimal integer literals are not permitted; use an 0o prefix for octal integers
[2026-08-21T14:11:09.152+0000] {processor.py:927} WARNING - No viable dags retrieved from /opt/airflow/dags/first_dag.py
[2026-08-21T14:11:09.167+0000] {processor.py:208} INFO - Processing /opt/airflow/dags/first_dag.py took 0.023 seconds
[2026-08-21T14:11:12.174+0000] {processor.py:186} INFO - Started process (PID=1618) to work on /opt/airflow/dags/first_dag.py
[2026-08-21T14:11:12.174+0000] {processor.py:914} INFO - Processing file /opt/airflow/dags/first_dag.py for tasks to queue
[2026-08-21T14:11:12.176+0000] {logging_mixin.py:190} INFO - [2026-08-21T14:11:12.175+0000] {dagbag.py:588} INFO - Filling up the DagBag from /opt/airflow/dags/first_dag.py
[2026-08-21T14:11:12.178+0000] {logging_mixin.py:190} INFO - [2026-08-21T14:11:12.178+0000] {dagbag.py:387} ERROR - Failed to import: /opt/airflow/dags/first_dag.py
Traceback (most recent call last):
  File "/home/airflow/.local/lib/python3.12/site-packages/airflow/models/dagbag.py", line 383, in parse
    loader.exec_module(new_module)
  File "<frozen importlib._bootstrap_external>", line 995, in exec_module
  File "<frozen importlib._bootstrap_external>", line 1133, in get_code
  File "<frozen importlib._bootstrap_external>", line 1063, in source_to_code
  File "<frozen importlib._bootstrap>", line 488, in _call_with_frames_removed
  File "/opt/airflow/dags/first_dag.py", line 5
    dag1 = DAG(dag_id = "first_dag", start_date = datetime(2026,08,21), catchup = False )
                                                                ^
SyntaxError: leading zeros in decimal integer literals are not permitted; use an 0o prefix for octal integers
[2026-08-21T14:11:12.179+0000] {processor.py:927} WARNING - No viable dags retrieved from /opt/airflow/dags/first_dag.py
[2026-08-21T14:11:12.194+0000] {processor.py:208} INFO - Processing /opt/airflow/dags/first_dag.py took 0.025 seconds
[2026-08-21T14:11:18.226+0000] {processor.py:186} INFO - Started process (PID=1619) to work on /opt/airflow/dags/first_dag.py
[2026-08-21T14:11:18.232+0000] {processor.py:914} INFO - Processing file /opt/airflow/dags/first_dag.py for tasks to queue
[2026-08-21T14:11:18.233+0000] {logging_mixin.py:190} INFO - [2026-08-21T14:11:18.233+0000] {dagbag.py:588} INFO - Filling up the DagBag from /opt/airflow/dags/first_dag.py
[2026-08-21T14:11:18.236+0000] {logging_mixin.py:190} INFO - [2026-08-21T14:11:18.235+0000] {dagbag.py:387} ERROR - Failed to import: /opt/airflow/dags/first_dag.py
Traceback (most recent call last):
  File "/home/airflow/.local/lib/python3.12/site-packages/airflow/models/dagbag.py", line 383, in parse
    loader.exec_module(new_module)
  File "<frozen importlib._bootstrap_external>", line 995, in exec_module
  File "<frozen importlib._bootstrap_external>", line 1133, in get_code
  File "<frozen importlib._bootstrap_external>", line 1063, in source_to_code
  File "<frozen importlib._bootstrap>", line 488, in _call_with_frames_removed
  File "/opt/airflow/dags/first_dag.py", line 5
    dag1 = DAG(dag_id = "first_dag", start_date = datetime(2026,08,21), catchup = False )
                                                                ^
SyntaxError: leading zeros in decimal integer literals are not permitted; use an 0o prefix for octal integers
[2026-08-21T14:11:18.236+0000] {processor.py:927} WARNING - No viable dags retrieved from /opt/airflow/dags/first_dag.py
[2026-08-21T14:11:18.251+0000] {processor.py:208} INFO - Processing /opt/airflow/dags/first_dag.py took 0.030 seconds
[2026-08-21T14:11:23.261+0000] {processor.py:186} INFO - Started process (PID=1620) to work on /opt/airflow/dags/first_dag.py
[2026-08-21T14:11:23.261+0000] {processor.py:914} INFO - Processing file /opt/airflow/dags/first_dag.py for tasks to queue
[2026-08-21T14:11:23.262+0000] {logging_mixin.py:190} INFO - [2026-08-21T14:11:23.262+0000] {dagbag.py:588} INFO - Filling up the DagBag from /opt/airflow/dags/first_dag.py
[2026-08-21T14:11:23.265+0000] {logging_mixin.py:190} INFO - [2026-08-21T14:11:23.264+0000] {dagbag.py:387} ERROR - Failed to import: /opt/airflow/dags/first_dag.py
Traceback (most recent call last):
  File "/home/airflow/.local/lib/python3.12/site-packages/airflow/models/dagbag.py", line 383, in parse
    loader.exec_module(new_module)
  File "<frozen importlib._bootstrap_external>", line 995, in exec_module
  File "<frozen importlib._bootstrap_external>", line 1133, in get_code
  File "<frozen importlib._bootstrap_external>", line 1063, in source_to_code
  File "<frozen importlib._bootstrap>", line 488, in _call_with_frames_removed
  File "/opt/airflow/dags/first_dag.py", line 5
    dag1 = DAG(dag_id = "first_dag", start_date = datetime(2026,08,21), catchup = False )
                                                                ^
SyntaxError: leading zeros in decimal integer literals are not permitted; use an 0o prefix for octal integers
[2026-08-21T14:11:23.265+0000] {processor.py:927} WARNING - No viable dags retrieved from /opt/airflow/dags/first_dag.py
[2026-08-21T14:11:23.280+0000] {processor.py:208} INFO - Processing /opt/airflow/dags/first_dag.py took 0.024 seconds
[2026-08-21T14:11:26.305+0000] {processor.py:186} INFO - Started process (PID=1621) to work on /opt/airflow/dags/first_dag.py
[2026-08-21T14:11:26.306+0000] {processor.py:914} INFO - Processing file /opt/airflow/dags/first_dag.py for tasks to queue
[2026-08-21T14:11:26.307+0000] {logging_mixin.py:190} INFO - [2026-08-21T14:11:26.307+0000] {dagbag.py:588} INFO - Filling up the DagBag from /opt/airflow/dags/first_dag.py
[2026-08-21T14:11:26.310+0000] {logging_mixin.py:190} INFO - [2026-08-21T14:11:26.309+0000] {dagbag.py:387} ERROR - Failed to import: /opt/airflow/dags/first_dag.py
Traceback (most recent call last):
  File "/home/airflow/.local/lib/python3.12/site-packages/airflow/models/dagbag.py", line 383, in parse
    loader.exec_module(new_module)
  File "<frozen importlib._bootstrap_external>", line 995, in exec_module
  File "<frozen importlib._bootstrap_external>", line 1133, in get_code
  File "<frozen importlib._bootstrap_external>", line 1063, in source_to_code
  File "<frozen importlib._bootstrap>", line 488, in _call_with_frames_removed
  File "/opt/airflow/dags/first_dag.py", line 5
    dag1 = DAG(dag_id = "first_dag", start_date = datetime(2026,08,21), catchup = False )
                                                                ^
SyntaxError: leading zeros in decimal integer literals are not permitted; use an 0o prefix for octal integers
[2026-08-21T14:11:26.310+0000] {processor.py:927} WARNING - No viable dags retrieved from /opt/airflow/dags/first_dag.py
[2026-08-21T14:11:26.324+0000] {processor.py:208} INFO - Processing /opt/airflow/dags/first_dag.py took 0.023 seconds
[2026-08-21T14:11:31.339+0000] {processor.py:186} INFO - Started process (PID=1622) to work on /opt/airflow/dags/first_dag.py
[2026-08-21T14:11:31.340+0000] {processor.py:914} INFO - Processing file /opt/airflow/dags/first_dag.py for tasks to queue
[2026-08-21T14:11:31.341+0000] {logging_mixin.py:190} INFO - [2026-08-21T14:11:31.340+0000] {dagbag.py:588} INFO - Filling up the DagBag from /opt/airflow/dags/first_dag.py
[2026-08-21T14:11:31.344+0000] {logging_mixin.py:190} INFO - [2026-08-21T14:11:31.342+0000] {dagbag.py:387} ERROR - Failed to import: /opt/airflow/dags/first_dag.py
Traceback (most recent call last):
  File "/home/airflow/.local/lib/python3.12/site-packages/airflow/models/dagbag.py", line 383, in parse
    loader.exec_module(new_module)
  File "<frozen importlib._bootstrap_external>", line 995, in exec_module
  File "<frozen importlib._bootstrap_external>", line 1133, in get_code
  File "<frozen importlib._bootstrap_external>", line 1063, in source_to_code
  File "<frozen importlib._bootstrap>", line 488, in _call_with_frames_removed
  File "/opt/airflow/dags/first_dag.py", line 5
    dag1 = DAG(dag_id = "first_dag", start_date = datetime(2026,08,21), catchup = False )
                                                                ^
SyntaxError: leading zeros in decimal integer literals are not permitted; use an 0o prefix for octal integers
[2026-08-21T14:11:31.344+0000] {processor.py:927} WARNING - No viable dags retrieved from /opt/airflow/dags/first_dag.py
[2026-08-21T14:11:31.358+0000] {processor.py:208} INFO - Processing /opt/airflow/dags/first_dag.py took 0.024 seconds
[2026-08-21T14:11:32.373+0000] {processor.py:186} INFO - Started process (PID=1623) to work on /opt/airflow/dags/first_dag.py
[2026-08-21T14:11:32.373+0000] {processor.py:914} INFO - Processing file /opt/airflow/dags/first_dag.py for tasks to queue
[2026-08-21T14:11:32.374+0000] {logging_mixin.py:190} INFO - [2026-08-21T14:11:32.374+0000] {dagbag.py:588} INFO - Filling up the DagBag from /opt/airflow/dags/first_dag.py
[2026-08-21T14:11:32.377+0000] {logging_mixin.py:190} INFO - [2026-08-21T14:11:32.376+0000] {dagbag.py:387} ERROR - Failed to import: /opt/airflow/dags/first_dag.py
Traceback (most recent call last):
  File "/home/airflow/.local/lib/python3.12/site-packages/airflow/models/dagbag.py", line 383, in parse
    loader.exec_module(new_module)
  File "<frozen importlib._bootstrap_external>", line 995, in exec_module
  File "<frozen importlib._bootstrap_external>", line 1133, in get_code
  File "<frozen importlib._bootstrap_external>", line 1063, in source_to_code
  File "<frozen importlib._bootstrap>", line 488, in _call_with_frames_removed
  File "/opt/airflow/dags/first_dag.py", line 5
    dag1 = DAG(dag_id = "first_dag", start_date = datetime(2026,08,21), catchup = False )
                                                                ^
SyntaxError: leading zeros in decimal integer literals are not permitted; use an 0o prefix for octal integers
[2026-08-21T14:11:32.377+0000] {processor.py:927} WARNING - No viable dags retrieved from /opt/airflow/dags/first_dag.py
[2026-08-21T14:11:32.391+0000] {processor.py:208} INFO - Processing /opt/airflow/dags/first_dag.py took 0.024 seconds
[2026-08-21T14:11:34.399+0000] {processor.py:186} INFO - Started process (PID=1624) to work on /opt/airflow/dags/first_dag.py
[2026-08-21T14:11:34.399+0000] {processor.py:914} INFO - Processing file /opt/airflow/dags/first_dag.py for tasks to queue
[2026-08-21T14:11:34.400+0000] {logging_mixin.py:190} INFO - [2026-08-21T14:11:34.400+0000] {dagbag.py:588} INFO - Filling up the DagBag from /opt/airflow/dags/first_dag.py
[2026-08-21T14:11:34.402+0000] {logging_mixin.py:190} INFO - [2026-08-21T14:11:34.402+0000] {dagbag.py:387} ERROR - Failed to import: /opt/airflow/dags/first_dag.py
Traceback (most recent call last):
  File "/home/airflow/.local/lib/python3.12/site-packages/airflow/models/dagbag.py", line 383, in parse
    loader.exec_module(new_module)
  File "<frozen importlib._bootstrap_external>", line 995, in exec_module
  File "<frozen importlib._bootstrap_external>", line 1133, in get_code
  File "<frozen importlib._bootstrap_external>", line 1063, in source_to_code
  File "<frozen importlib._bootstrap>", line 488, in _call_with_frames_removed
  File "/opt/airflow/dags/first_dag.py", line 5
    dag1 = DAG(dag_id = "first_dag", start_date = datetime(2026,08,21), catchup = False )
                                                                ^
SyntaxError: leading zeros in decimal integer literals are not permitted; use an 0o prefix for octal integers
[2026-08-21T14:11:34.403+0000] {processor.py:927} WARNING - No viable dags retrieved from /opt/airflow/dags/first_dag.py
[2026-08-21T14:11:34.418+0000] {processor.py:208} INFO - Processing /opt/airflow/dags/first_dag.py took 0.024 seconds
[2026-08-21T14:11:42.455+0000] {processor.py:186} INFO - Started process (PID=1631) to work on /opt/airflow/dags/first_dag.py
[2026-08-21T14:11:42.455+0000] {processor.py:914} INFO - Processing file /opt/airflow/dags/first_dag.py for tasks to queue
[2026-08-21T14:11:42.456+0000] {logging_mixin.py:190} INFO - [2026-08-21T14:11:42.456+0000] {dagbag.py:588} INFO - Filling up the DagBag from /opt/airflow/dags/first_dag.py
[2026-08-21T14:11:42.459+0000] {logging_mixin.py:190} INFO - [2026-08-21T14:11:42.458+0000] {dagbag.py:387} ERROR - Failed to import: /opt/airflow/dags/first_dag.py
Traceback (most recent call last):
  File "/home/airflow/.local/lib/python3.12/site-packages/airflow/models/dagbag.py", line 383, in parse
    loader.exec_module(new_module)
  File "<frozen importlib._bootstrap_external>", line 995, in exec_module
  File "<frozen importlib._bootstrap_external>", line 1133, in get_code
  File "<frozen importlib._bootstrap_external>", line 1063, in source_to_code
  File "<frozen importlib._bootstrap>", line 488, in _call_with_frames_removed
  File "/opt/airflow/dags/first_dag.py", line 5
    dag1 = DAG(dag_id = "first_dag", start_date = datetime(2026,08,21), catchup = False )
                                                                ^
SyntaxError: leading zeros in decimal integer literals are not permitted; use an 0o prefix for octal integers
[2026-08-21T14:11:42.459+0000] {processor.py:927} WARNING - No viable dags retrieved from /opt/airflow/dags/first_dag.py
[2026-08-21T14:11:42.473+0000] {processor.py:208} INFO - Processing /opt/airflow/dags/first_dag.py took 0.023 seconds
[2026-08-21T14:12:12.596+0000] {processor.py:186} INFO - Started process (PID=1638) to work on /opt/airflow/dags/first_dag.py
[2026-08-21T14:12:12.602+0000] {processor.py:914} INFO - Processing file /opt/airflow/dags/first_dag.py for tasks to queue
[2026-08-21T14:12:12.603+0000] {logging_mixin.py:190} INFO - [2026-08-21T14:12:12.603+0000] {dagbag.py:588} INFO - Filling up the DagBag from /opt/airflow/dags/first_dag.py
[2026-08-21T14:12:12.606+0000] {logging_mixin.py:190} INFO - [2026-08-21T14:12:12.605+0000] {dagbag.py:387} ERROR - Failed to import: /opt/airflow/dags/first_dag.py
Traceback (most recent call last):
  File "/home/airflow/.local/lib/python3.12/site-packages/airflow/models/dagbag.py", line 383, in parse
    loader.exec_module(new_module)
  File "<frozen importlib._bootstrap_external>", line 995, in exec_module
  File "<frozen importlib._bootstrap_external>", line 1133, in get_code
  File "<frozen importlib._bootstrap_external>", line 1063, in source_to_code
  File "<frozen importlib._bootstrap>", line 488, in _call_with_frames_removed
  File "/opt/airflow/dags/first_dag.py", line 5
    dag1 = DAG(dag_id = "first_dag", start_date = datetime(2026,08,21), catchup = False )
                                                                ^
SyntaxError: leading zeros in decimal integer literals are not permitted; use an 0o prefix for octal integers
[2026-08-21T14:12:12.606+0000] {processor.py:927} WARNING - No viable dags retrieved from /opt/airflow/dags/first_dag.py
[2026-08-21T14:12:12.620+0000] {processor.py:208} INFO - Processing /opt/airflow/dags/first_dag.py took 0.029 seconds
[2026-08-21T14:12:42.730+0000] {processor.py:186} INFO - Started process (PID=1645) to work on /opt/airflow/dags/first_dag.py
[2026-08-21T14:12:42.730+0000] {processor.py:914} INFO - Processing file /opt/airflow/dags/first_dag.py for tasks to queue
[2026-08-21T14:12:42.731+0000] {logging_mixin.py:190} INFO - [2026-08-21T14:12:42.731+0000] {dagbag.py:588} INFO - Filling up the DagBag from /opt/airflow/dags/first_dag.py
[2026-08-21T14:12:42.734+0000] {logging_mixin.py:190} INFO - [2026-08-21T14:12:42.733+0000] {dagbag.py:387} ERROR - Failed to import: /opt/airflow/dags/first_dag.py
Traceback (most recent call last):
  File "/home/airflow/.local/lib/python3.12/site-packages/airflow/models/dagbag.py", line 383, in parse
    loader.exec_module(new_module)
  File "<frozen importlib._bootstrap_external>", line 995, in exec_module
  File "<frozen importlib._bootstrap_external>", line 1133, in get_code
  File "<frozen importlib._bootstrap_external>", line 1063, in source_to_code
  File "<frozen importlib._bootstrap>", line 488, in _call_with_frames_removed
  File "/opt/airflow/dags/first_dag.py", line 5
    dag1 = DAG(dag_id = "first_dag", start_date = datetime(2026,08,21), catchup = False )
                                                                ^
SyntaxError: leading zeros in decimal integer literals are not permitted; use an 0o prefix for octal integers
[2026-08-21T14:12:42.734+0000] {processor.py:927} WARNING - No viable dags retrieved from /opt/airflow/dags/first_dag.py
[2026-08-21T14:12:42.748+0000] {processor.py:208} INFO - Processing /opt/airflow/dags/first_dag.py took 0.023 seconds
[2026-08-21T14:13:12.866+0000] {processor.py:186} INFO - Started process (PID=1651) to work on /opt/airflow/dags/first_dag.py
[2026-08-21T14:13:12.867+0000] {processor.py:914} INFO - Processing file /opt/airflow/dags/first_dag.py for tasks to queue
[2026-08-21T14:13:12.868+0000] {logging_mixin.py:190} INFO - [2026-08-21T14:13:12.868+0000] {dagbag.py:588} INFO - Filling up the DagBag from /opt/airflow/dags/first_dag.py
[2026-08-21T14:13:12.871+0000] {logging_mixin.py:190} INFO - [2026-08-21T14:13:12.870+0000] {dagbag.py:387} ERROR - Failed to import: /opt/airflow/dags/first_dag.py
Traceback (most recent call last):
  File "/home/airflow/.local/lib/python3.12/site-packages/airflow/models/dagbag.py", line 383, in parse
    loader.exec_module(new_module)
  File "<frozen importlib._bootstrap_external>", line 995, in exec_module
  File "<frozen importlib._bootstrap_external>", line 1133, in get_code
  File "<frozen importlib._bootstrap_external>", line 1063, in source_to_code
  File "<frozen importlib._bootstrap>", line 488, in _call_with_frames_removed
  File "/opt/airflow/dags/first_dag.py", line 5
    dag1 = DAG(dag_id = "first_dag", start_date = datetime(2026,08,21), catchup = False )
                                                                ^
SyntaxError: leading zeros in decimal integer literals are not permitted; use an 0o prefix for octal integers
[2026-08-21T14:13:12.871+0000] {processor.py:927} WARNING - No viable dags retrieved from /opt/airflow/dags/first_dag.py
[2026-08-21T14:13:12.885+0000] {processor.py:208} INFO - Processing /opt/airflow/dags/first_dag.py took 0.024 seconds
[2026-08-21T14:13:43.000+0000] {processor.py:186} INFO - Started process (PID=1658) to work on /opt/airflow/dags/first_dag.py
[2026-08-21T14:13:43.001+0000] {processor.py:914} INFO - Processing file /opt/airflow/dags/first_dag.py for tasks to queue
[2026-08-21T14:13:43.002+0000] {logging_mixin.py:190} INFO - [2026-08-21T14:13:43.001+0000] {dagbag.py:588} INFO - Filling up the DagBag from /opt/airflow/dags/first_dag.py
[2026-08-21T14:13:43.004+0000] {logging_mixin.py:190} INFO - [2026-08-21T14:13:43.004+0000] {dagbag.py:387} ERROR - Failed to import: /opt/airflow/dags/first_dag.py
Traceback (most recent call last):
  File "/home/airflow/.local/lib/python3.12/site-packages/airflow/models/dagbag.py", line 383, in parse
    loader.exec_module(new_module)
  File "<frozen importlib._bootstrap_external>", line 995, in exec_module
  File "<frozen importlib._bootstrap_external>", line 1133, in get_code
  File "<frozen importlib._bootstrap_external>", line 1063, in source_to_code
  File "<frozen importlib._bootstrap>", line 488, in _call_with_frames_removed
  File "/opt/airflow/dags/first_dag.py", line 5
    dag1 = DAG(dag_id = "first_dag", start_date = datetime(2026,08,21), catchup = False )
                                                                ^
SyntaxError: leading zeros in decimal integer literals are not permitted; use an 0o prefix for octal integers
[2026-08-21T14:13:43.005+0000] {processor.py:927} WARNING - No viable dags retrieved from /opt/airflow/dags/first_dag.py
[2026-08-21T14:13:43.019+0000] {processor.py:208} INFO - Processing /opt/airflow/dags/first_dag.py took 0.023 seconds
[2026-08-21T14:14:09.132+0000] {processor.py:186} INFO - Started process (PID=1665) to work on /opt/airflow/dags/first_dag.py
[2026-08-21T14:14:09.133+0000] {processor.py:914} INFO - Processing file /opt/airflow/dags/first_dag.py for tasks to queue
[2026-08-21T14:14:09.134+0000] {logging_mixin.py:190} INFO - [2026-08-21T14:14:09.133+0000] {dagbag.py:588} INFO - Filling up the DagBag from /opt/airflow/dags/first_dag.py
[2026-08-21T14:14:09.142+0000] {processor.py:925} INFO - DAG(s) 'first_dag' retrieved from /opt/airflow/dags/first_dag.py
[2026-08-21T14:14:09.254+0000] {logging_mixin.py:190} INFO - [2026-08-21T14:14:09.254+0000] {dag.py:3239} INFO - Sync 1 DAGs
[2026-08-21T14:14:09.272+0000] {logging_mixin.py:190} INFO - [2026-08-21T14:14:09.272+0000] {dag.py:4180} INFO - Setting next_dagrun for first_dag to 2026-08-21 00:00:00+00:00, run_after=2026-08-22 00:00:00+00:00
[2026-08-21T14:14:09.289+0000] {processor.py:208} INFO - Processing /opt/airflow/dags/first_dag.py took 0.162 seconds
[2026-08-21T14:14:11.154+0000] {processor.py:186} INFO - Started process (PID=1666) to work on /opt/airflow/dags/first_dag.py
[2026-08-21T14:14:11.154+0000] {processor.py:914} INFO - Processing file /opt/airflow/dags/first_dag.py for tasks to queue
[2026-08-21T14:14:11.155+0000] {logging_mixin.py:190} INFO - [2026-08-21T14:14:11.155+0000] {dagbag.py:588} INFO - Filling up the DagBag from /opt/airflow/dags/first_dag.py
[2026-08-21T14:14:11.164+0000] {processor.py:925} INFO - DAG(s) 'first_dag' retrieved from /opt/airflow/dags/first_dag.py
[2026-08-21T14:14:11.173+0000] {logging_mixin.py:190} INFO - [2026-08-21T14:14:11.173+0000] {dag.py:3239} INFO - Sync 1 DAGs
[2026-08-21T14:14:11.194+0000] {logging_mixin.py:190} INFO - [2026-08-21T14:14:11.193+0000] {dag.py:4180} INFO - Setting next_dagrun for first_dag to 2026-08-21 00:00:00+00:00, run_after=2026-08-22 00:00:00+00:00
[2026-08-21T14:14:11.209+0000] {processor.py:208} INFO - Processing /opt/airflow/dags/first_dag.py took 0.060 seconds
[2026-08-21T14:14:41.287+0000] {processor.py:186} INFO - Started process (PID=1672) to work on /opt/airflow/dags/first_dag.py
[2026-08-21T14:14:41.287+0000] {processor.py:914} INFO - Processing file /opt/airflow/dags/first_dag.py for tasks to queue
[2026-08-21T14:14:41.288+0000] {logging_mixin.py:190} INFO - [2026-08-21T14:14:41.288+0000] {dagbag.py:588} INFO - Filling up the DagBag from /opt/airflow/dags/first_dag.py
[2026-08-21T14:14:41.296+0000] {processor.py:925} INFO - DAG(s) 'first_dag' retrieved from /opt/airflow/dags/first_dag.py
[2026-08-21T14:14:41.317+0000] {logging_mixin.py:190} INFO - [2026-08-21T14:14:41.316+0000] {dag.py:3239} INFO - Sync 1 DAGs
[2026-08-21T14:14:41.334+0000] {logging_mixin.py:190} INFO - [2026-08-21T14:14:41.334+0000] {dag.py:4180} INFO - Setting next_dagrun for first_dag to 2026-08-21 00:00:00+00:00, run_after=2026-08-22 00:00:00+00:00
[2026-08-21T14:14:41.348+0000] {processor.py:208} INFO - Processing /opt/airflow/dags/first_dag.py took 0.066 seconds
[2026-08-21T14:15:11.460+0000] {processor.py:186} INFO - Started process (PID=1679) to work on /opt/airflow/dags/first_dag.py
[2026-08-21T14:15:11.467+0000] {processor.py:914} INFO - Processing file /opt/airflow/dags/first_dag.py for tasks to queue
[2026-08-21T14:15:11.468+0000] {logging_mixin.py:190} INFO - [2026-08-21T14:15:11.468+0000] {dagbag.py:588} INFO - Filling up the DagBag from /opt/airflow/dags/first_dag.py
[2026-08-21T14:15:11.476+0000] {processor.py:925} INFO - DAG(s) 'first_dag' retrieved from /opt/airflow/dags/first_dag.py
[2026-08-21T14:15:11.498+0000] {logging_mixin.py:190} INFO - [2026-08-21T14:15:11.497+0000] {dag.py:3239} INFO - Sync 1 DAGs
[2026-08-21T14:15:11.518+0000] {logging_mixin.py:190} INFO - [2026-08-21T14:15:11.518+0000] {dag.py:4180} INFO - Setting next_dagrun for first_dag to 2026-08-21 00:00:00+00:00, run_after=2026-08-22 00:00:00+00:00
[2026-08-21T14:15:11.533+0000] {processor.py:208} INFO - Processing /opt/airflow/dags/first_dag.py took 0.077 seconds
[2026-08-21T14:15:41.596+0000] {processor.py:186} INFO - Started process (PID=1687) to work on /opt/airflow/dags/first_dag.py
[2026-08-21T14:15:41.596+0000] {processor.py:914} INFO - Processing file /opt/airflow/dags/first_dag.py for tasks to queue
[2026-08-21T14:15:41.598+0000] {logging_mixin.py:190} INFO - [2026-08-21T14:15:41.597+0000] {dagbag.py:588} INFO - Filling up the DagBag from /opt/airflow/dags/first_dag.py
[2026-08-21T14:15:41.605+0000] {processor.py:925} INFO - DAG(s) 'first_dag' retrieved from /opt/airflow/dags/first_dag.py
[2026-08-21T14:15:41.624+0000] {logging_mixin.py:190} INFO - [2026-08-21T14:15:41.624+0000] {dag.py:3239} INFO - Sync 1 DAGs
[2026-08-21T14:15:41.643+0000] {logging_mixin.py:190} INFO - [2026-08-21T14:15:41.643+0000] {dag.py:4180} INFO - Setting next_dagrun for first_dag to 2026-08-21 00:00:00+00:00, run_after=2026-08-22 00:00:00+00:00
[2026-08-21T14:15:41.657+0000] {processor.py:208} INFO - Processing /opt/airflow/dags/first_dag.py took 0.066 seconds
[2026-08-21T14:16:11.790+0000] {processor.py:186} INFO - Started process (PID=1694) to work on /opt/airflow/dags/first_dag.py
[2026-08-21T14:16:11.797+0000] {processor.py:914} INFO - Processing file /opt/airflow/dags/first_dag.py for tasks to queue
[2026-08-21T14:16:11.798+0000] {logging_mixin.py:190} INFO - [2026-08-21T14:16:11.798+0000] {dagbag.py:588} INFO - Filling up the DagBag from /opt/airflow/dags/first_dag.py
[2026-08-21T14:16:11.806+0000] {processor.py:925} INFO - DAG(s) 'first_dag' retrieved from /opt/airflow/dags/first_dag.py
[2026-08-21T14:16:11.825+0000] {logging_mixin.py:190} INFO - [2026-08-21T14:16:11.825+0000] {dag.py:3239} INFO - Sync 1 DAGs
[2026-08-21T14:16:11.843+0000] {logging_mixin.py:190} INFO - [2026-08-21T14:16:11.843+0000] {dag.py:4180} INFO - Setting next_dagrun for first_dag to 2026-08-21 00:00:00+00:00, run_after=2026-08-22 00:00:00+00:00
[2026-08-21T14:16:11.858+0000] {processor.py:208} INFO - Processing /opt/airflow/dags/first_dag.py took 0.071 seconds
[2026-08-21T14:16:41.924+0000] {processor.py:186} INFO - Started process (PID=1701) to work on /opt/airflow/dags/first_dag.py
[2026-08-21T14:16:41.924+0000] {processor.py:914} INFO - Processing file /opt/airflow/dags/first_dag.py for tasks to queue
[2026-08-21T14:16:41.925+0000] {logging_mixin.py:190} INFO - [2026-08-21T14:16:41.925+0000] {dagbag.py:588} INFO - Filling up the DagBag from /opt/airflow/dags/first_dag.py
[2026-08-21T14:16:41.933+0000] {processor.py:925} INFO - DAG(s) 'first_dag' retrieved from /opt/airflow/dags/first_dag.py
[2026-08-21T14:16:41.953+0000] {logging_mixin.py:190} INFO - [2026-08-21T14:16:41.953+0000] {dag.py:3239} INFO - Sync 1 DAGs
[2026-08-21T14:16:41.972+0000] {logging_mixin.py:190} INFO - [2026-08-21T14:16:41.972+0000] {dag.py:4180} INFO - Setting next_dagrun for first_dag to 2026-08-21 00:00:00+00:00, run_after=2026-08-22 00:00:00+00:00
[2026-08-21T14:16:41.987+0000] {processor.py:208} INFO - Processing /opt/airflow/dags/first_dag.py took 0.067 seconds
[2026-08-21T14:17:12.113+0000] {processor.py:186} INFO - Started process (PID=1708) to work on /opt/airflow/dags/first_dag.py
[2026-08-21T14:17:12.113+0000] {processor.py:914} INFO - Processing file /opt/airflow/dags/first_dag.py for tasks to queue
[2026-08-21T14:17:12.114+0000] {logging_mixin.py:190} INFO - [2026-08-21T14:17:12.114+0000] {dagbag.py:588} INFO - Filling up the DagBag from /opt/airflow/dags/first_dag.py
[2026-08-21T14:17:12.121+0000] {processor.py:925} INFO - DAG(s) 'first_dag' retrieved from /opt/airflow/dags/first_dag.py
[2026-08-21T14:17:12.141+0000] {logging_mixin.py:190} INFO - [2026-08-21T14:17:12.141+0000] {dag.py:3239} INFO - Sync 1 DAGs
[2026-08-21T14:17:12.160+0000] {logging_mixin.py:190} INFO - [2026-08-21T14:17:12.160+0000] {dag.py:4180} INFO - Setting next_dagrun for first_dag to 2026-08-21 00:00:00+00:00, run_after=2026-08-22 00:00:00+00:00
[2026-08-21T14:17:12.174+0000] {processor.py:208} INFO - Processing /opt/airflow/dags/first_dag.py took 0.065 seconds
[2026-08-21T14:17:42.254+0000] {processor.py:186} INFO - Started process (PID=1715) to work on /opt/airflow/dags/first_dag.py
[2026-08-21T14:17:42.255+0000] {processor.py:914} INFO - Processing file /opt/airflow/dags/first_dag.py for tasks to queue
[2026-08-21T14:17:42.256+0000] {logging_mixin.py:190} INFO - [2026-08-21T14:17:42.256+0000] {dagbag.py:588} INFO - Filling up the DagBag from /opt/airflow/dags/first_dag.py
[2026-08-21T14:17:42.264+0000] {processor.py:925} INFO - DAG(s) 'first_dag' retrieved from /opt/airflow/dags/first_dag.py
[2026-08-21T14:17:42.284+0000] {logging_mixin.py:190} INFO - [2026-08-21T14:17:42.284+0000] {dag.py:3239} INFO - Sync 1 DAGs
[2026-08-21T14:17:42.302+0000] {logging_mixin.py:190} INFO - [2026-08-21T14:17:42.302+0000] {dag.py:4180} INFO - Setting next_dagrun for first_dag to 2026-08-21 00:00:00+00:00, run_after=2026-08-22 00:00:00+00:00
[2026-08-21T14:17:42.315+0000] {processor.py:208} INFO - Processing /opt/airflow/dags/first_dag.py took 0.065 seconds
[2026-08-21T14:18:12.437+0000] {processor.py:186} INFO - Started process (PID=1722) to work on /opt/airflow/dags/first_dag.py
[2026-08-21T14:18:12.443+0000] {processor.py:914} INFO - Processing file /opt/airflow/dags/first_dag.py for tasks to queue
[2026-08-21T14:18:12.444+0000] {logging_mixin.py:190} INFO - [2026-08-21T14:18:12.444+0000] {dagbag.py:588} INFO - Filling up the DagBag from /opt/airflow/dags/first_dag.py
[2026-08-21T14:18:12.452+0000] {processor.py:925} INFO - DAG(s) 'first_dag' retrieved from /opt/airflow/dags/first_dag.py
[2026-08-21T14:18:12.472+0000] {logging_mixin.py:190} INFO - [2026-08-21T14:18:12.472+0000] {dag.py:3239} INFO - Sync 1 DAGs
[2026-08-21T14:18:12.491+0000] {logging_mixin.py:190} INFO - [2026-08-21T14:18:12.490+0000] {dag.py:4180} INFO - Setting next_dagrun for first_dag to 2026-08-21 00:00:00+00:00, run_after=2026-08-22 00:00:00+00:00
[2026-08-21T14:18:12.504+0000] {processor.py:208} INFO - Processing /opt/airflow/dags/first_dag.py took 0.072 seconds
[2026-08-21T14:18:42.580+0000] {processor.py:186} INFO - Started process (PID=1729) to work on /opt/airflow/dags/first_dag.py
[2026-08-21T14:18:42.581+0000] {processor.py:914} INFO - Processing file /opt/airflow/dags/first_dag.py for tasks to queue
[2026-08-21T14:18:42.582+0000] {logging_mixin.py:190} INFO - [2026-08-21T14:18:42.581+0000] {dagbag.py:588} INFO - Filling up the DagBag from /opt/airflow/dags/first_dag.py
[2026-08-21T14:18:42.590+0000] {processor.py:925} INFO - DAG(s) 'first_dag' retrieved from /opt/airflow/dags/first_dag.py
[2026-08-21T14:18:42.610+0000] {logging_mixin.py:190} INFO - [2026-08-21T14:18:42.610+0000] {dag.py:3239} INFO - Sync 1 DAGs
[2026-08-21T14:18:42.628+0000] {logging_mixin.py:190} INFO - [2026-08-21T14:18:42.627+0000] {dag.py:4180} INFO - Setting next_dagrun for first_dag to 2026-08-21 00:00:00+00:00, run_after=2026-08-22 00:00:00+00:00
[2026-08-21T14:18:42.642+0000] {processor.py:208} INFO - Processing /opt/airflow/dags/first_dag.py took 0.066 seconds
[2026-08-21T14:19:12.753+0000] {processor.py:186} INFO - Started process (PID=1736) to work on /opt/airflow/dags/first_dag.py
[2026-08-21T14:19:12.760+0000] {processor.py:914} INFO - Processing file /opt/airflow/dags/first_dag.py for tasks to queue
[2026-08-21T14:19:12.761+0000] {logging_mixin.py:190} INFO - [2026-08-21T14:19:12.761+0000] {dagbag.py:588} INFO - Filling up the DagBag from /opt/airflow/dags/first_dag.py
[2026-08-21T14:19:12.769+0000] {processor.py:925} INFO - DAG(s) 'first_dag' retrieved from /opt/airflow/dags/first_dag.py
[2026-08-21T14:19:12.788+0000] {logging_mixin.py:190} INFO - [2026-08-21T14:19:12.788+0000] {dag.py:3239} INFO - Sync 1 DAGs
[2026-08-21T14:19:12.807+0000] {logging_mixin.py:190} INFO - [2026-08-21T14:19:12.807+0000] {dag.py:4180} INFO - Setting next_dagrun for first_dag to 2026-08-21 00:00:00+00:00, run_after=2026-08-22 00:00:00+00:00
[2026-08-21T14:19:12.821+0000] {processor.py:208} INFO - Processing /opt/airflow/dags/first_dag.py took 0.072 seconds
[2026-08-21T14:19:42.901+0000] {processor.py:186} INFO - Started process (PID=1743) to work on /opt/airflow/dags/first_dag.py
[2026-08-21T14:19:42.902+0000] {processor.py:914} INFO - Processing file /opt/airflow/dags/first_dag.py for tasks to queue
[2026-08-21T14:19:42.903+0000] {logging_mixin.py:190} INFO - [2026-08-21T14:19:42.903+0000] {dagbag.py:588} INFO - Filling up the DagBag from /opt/airflow/dags/first_dag.py
[2026-08-21T14:19:42.912+0000] {processor.py:925} INFO - DAG(s) 'first_dag' retrieved from /opt/airflow/dags/first_dag.py
[2026-08-21T14:19:42.934+0000] {logging_mixin.py:190} INFO - [2026-08-21T14:19:42.934+0000] {dag.py:3239} INFO - Sync 1 DAGs
[2026-08-21T14:19:42.954+0000] {logging_mixin.py:190} INFO - [2026-08-21T14:19:42.954+0000] {dag.py:4180} INFO - Setting next_dagrun for first_dag to 2026-08-21 00:00:00+00:00, run_after=2026-08-22 00:00:00+00:00
[2026-08-21T14:19:42.968+0000] {processor.py:208} INFO - Processing /opt/airflow/dags/first_dag.py took 0.072 seconds
[2026-08-21T14:20:13.071+0000] {processor.py:186} INFO - Started process (PID=1750) to work on /opt/airflow/dags/first_dag.py
[2026-08-21T14:20:13.078+0000] {processor.py:914} INFO - Processing file /opt/airflow/dags/first_dag.py for tasks to queue
[2026-08-21T14:20:13.079+0000] {logging_mixin.py:190} INFO - [2026-08-21T14:20:13.079+0000] {dagbag.py:588} INFO - Filling up the DagBag from /opt/airflow/dags/first_dag.py
[2026-08-21T14:20:13.087+0000] {processor.py:925} INFO - DAG(s) 'first_dag' retrieved from /opt/airflow/dags/first_dag.py
[2026-08-21T14:20:13.107+0000] {logging_mixin.py:190} INFO - [2026-08-21T14:20:13.107+0000] {dag.py:3239} INFO - Sync 1 DAGs
[2026-08-21T14:20:13.125+0000] {logging_mixin.py:190} INFO - [2026-08-21T14:20:13.125+0000] {dag.py:4180} INFO - Setting next_dagrun for first_dag to 2026-08-21 00:00:00+00:00, run_after=2026-08-22 00:00:00+00:00
[2026-08-21T14:20:13.139+0000] {processor.py:208} INFO - Processing /opt/airflow/dags/first_dag.py took 0.072 seconds
[2026-08-21T14:20:43.221+0000] {processor.py:186} INFO - Started process (PID=1757) to work on /opt/airflow/dags/first_dag.py
[2026-08-21T14:20:43.222+0000] {processor.py:914} INFO - Processing file /opt/airflow/dags/first_dag.py for tasks to queue
[2026-08-21T14:20:43.223+0000] {logging_mixin.py:190} INFO - [2026-08-21T14:20:43.222+0000] {dagbag.py:588} INFO - Filling up the DagBag from /opt/airflow/dags/first_dag.py
[2026-08-21T14:20:43.231+0000] {processor.py:925} INFO - DAG(s) 'first_dag' retrieved from /opt/airflow/dags/first_dag.py
[2026-08-21T14:20:43.251+0000] {logging_mixin.py:190} INFO - [2026-08-21T14:20:43.251+0000] {dag.py:3239} INFO - Sync 1 DAGs
[2026-08-21T14:20:43.270+0000] {logging_mixin.py:190} INFO - [2026-08-21T14:20:43.270+0000] {dag.py:4180} INFO - Setting next_dagrun for first_dag to 2026-08-21 00:00:00+00:00, run_after=2026-08-22 00:00:00+00:00
[2026-08-21T14:20:43.285+0000] {processor.py:208} INFO - Processing /opt/airflow/dags/first_dag.py took 0.068 seconds
[2026-08-21T14:21:13.391+0000] {processor.py:186} INFO - Started process (PID=1763) to work on /opt/airflow/dags/first_dag.py
[2026-08-21T14:21:13.398+0000] {processor.py:914} INFO - Processing file /opt/airflow/dags/first_dag.py for tasks to queue
[2026-08-21T14:21:13.399+0000] {logging_mixin.py:190} INFO - [2026-08-21T14:21:13.399+0000] {dagbag.py:588} INFO - Filling up the DagBag from /opt/airflow/dags/first_dag.py
[2026-08-21T14:21:13.407+0000] {processor.py:925} INFO - DAG(s) 'first_dag' retrieved from /opt/airflow/dags/first_dag.py
[2026-08-21T14:21:13.428+0000] {logging_mixin.py:190} INFO - [2026-08-21T14:21:13.428+0000] {dag.py:3239} INFO - Sync 1 DAGs
[2026-08-21T14:21:13.447+0000] {logging_mixin.py:190} INFO - [2026-08-21T14:21:13.447+0000] {dag.py:4180} INFO - Setting next_dagrun for first_dag to 2026-08-21 00:00:00+00:00, run_after=2026-08-22 00:00:00+00:00
[2026-08-21T14:21:13.461+0000] {processor.py:208} INFO - Processing /opt/airflow/dags/first_dag.py took 0.074 seconds
[2026-08-21T14:21:43.542+0000] {processor.py:186} INFO - Started process (PID=1770) to work on /opt/airflow/dags/first_dag.py
[2026-08-21T14:21:43.543+0000] {processor.py:914} INFO - Processing file /opt/airflow/dags/first_dag.py for tasks to queue
[2026-08-21T14:21:43.543+0000] {logging_mixin.py:190} INFO - [2026-08-21T14:21:43.543+0000] {dagbag.py:588} INFO - Filling up the DagBag from /opt/airflow/dags/first_dag.py
[2026-08-21T14:21:43.552+0000] {processor.py:925} INFO - DAG(s) 'first_dag' retrieved from /opt/airflow/dags/first_dag.py
[2026-08-21T14:21:43.572+0000] {logging_mixin.py:190} INFO - [2026-08-21T14:21:43.572+0000] {dag.py:3239} INFO - Sync 1 DAGs
[2026-08-21T14:21:43.592+0000] {logging_mixin.py:190} INFO - [2026-08-21T14:21:43.591+0000] {dag.py:4180} INFO - Setting next_dagrun for first_dag to 2026-08-21 00:00:00+00:00, run_after=2026-08-22 00:00:00+00:00
[2026-08-21T14:21:43.607+0000] {processor.py:208} INFO - Processing /opt/airflow/dags/first_dag.py took 0.069 seconds
[2026-08-21T14:22:13.711+0000] {processor.py:186} INFO - Started process (PID=1777) to work on /opt/airflow/dags/first_dag.py
[2026-08-21T14:22:13.712+0000] {processor.py:914} INFO - Processing file /opt/airflow/dags/first_dag.py for tasks to queue
[2026-08-21T14:22:13.713+0000] {logging_mixin.py:190} INFO - [2026-08-21T14:22:13.713+0000] {dagbag.py:588} INFO - Filling up the DagBag from /opt/airflow/dags/first_dag.py
[2026-08-21T14:22:13.722+0000] {processor.py:925} INFO - DAG(s) 'first_dag' retrieved from /opt/airflow/dags/first_dag.py
[2026-08-21T14:22:13.741+0000] {logging_mixin.py:190} INFO - [2026-08-21T14:22:13.741+0000] {dag.py:3239} INFO - Sync 1 DAGs
[2026-08-21T14:22:13.761+0000] {logging_mixin.py:190} INFO - [2026-08-21T14:22:13.761+0000] {dag.py:4180} INFO - Setting next_dagrun for first_dag to 2026-08-21 00:00:00+00:00, run_after=2026-08-22 00:00:00+00:00
[2026-08-21T14:22:13.774+0000] {processor.py:208} INFO - Processing /opt/airflow/dags/first_dag.py took 0.068 seconds
[2026-08-21T14:22:43.852+0000] {processor.py:186} INFO - Started process (PID=1784) to work on /opt/airflow/dags/first_dag.py
[2026-08-21T14:22:43.852+0000] {processor.py:914} INFO - Processing file /opt/airflow/dags/first_dag.py for tasks to queue
[2026-08-21T14:22:43.853+0000] {logging_mixin.py:190} INFO - [2026-08-21T14:22:43.853+0000] {dagbag.py:588} INFO - Filling up the DagBag from /opt/airflow/dags/first_dag.py
[2026-08-21T14:22:43.862+0000] {processor.py:925} INFO - DAG(s) 'first_dag' retrieved from /opt/airflow/dags/first_dag.py
[2026-08-21T14:22:43.883+0000] {logging_mixin.py:190} INFO - [2026-08-21T14:22:43.882+0000] {dag.py:3239} INFO - Sync 1 DAGs
[2026-08-21T14:22:43.902+0000] {logging_mixin.py:190} INFO - [2026-08-21T14:22:43.901+0000] {dag.py:4180} INFO - Setting next_dagrun for first_dag to 2026-08-21 00:00:00+00:00, run_after=2026-08-22 00:00:00+00:00
[2026-08-21T14:22:43.915+0000] {processor.py:208} INFO - Processing /opt/airflow/dags/first_dag.py took 0.068 seconds
[2026-08-21T14:23:14.027+0000] {processor.py:186} INFO - Started process (PID=1791) to work on /opt/airflow/dags/first_dag.py
[2026-08-21T14:23:14.034+0000] {processor.py:914} INFO - Processing file /opt/airflow/dags/first_dag.py for tasks to queue
[2026-08-21T14:23:14.036+0000] {logging_mixin.py:190} INFO - [2026-08-21T14:23:14.036+0000] {dagbag.py:588} INFO - Filling up the DagBag from /opt/airflow/dags/first_dag.py
[2026-08-21T14:23:14.044+0000] {processor.py:925} INFO - DAG(s) 'first_dag' retrieved from /opt/airflow/dags/first_dag.py
[2026-08-21T14:23:14.064+0000] {logging_mixin.py:190} INFO - [2026-08-21T14:23:14.064+0000] {dag.py:3239} INFO - Sync 1 DAGs
[2026-08-21T14:23:14.082+0000] {logging_mixin.py:190} INFO - [2026-08-21T14:23:14.082+0000] {dag.py:4180} INFO - Setting next_dagrun for first_dag to 2026-08-21 00:00:00+00:00, run_after=2026-08-22 00:00:00+00:00
[2026-08-21T14:23:14.097+0000] {processor.py:208} INFO - Processing /opt/airflow/dags/first_dag.py took 0.074 seconds
[2026-08-21T14:23:44.168+0000] {processor.py:186} INFO - Started process (PID=1798) to work on /opt/airflow/dags/first_dag.py
[2026-08-21T14:23:44.169+0000] {processor.py:914} INFO - Processing file /opt/airflow/dags/first_dag.py for tasks to queue
[2026-08-21T14:23:44.170+0000] {logging_mixin.py:190} INFO - [2026-08-21T14:23:44.169+0000] {dagbag.py:588} INFO - Filling up the DagBag from /opt/airflow/dags/first_dag.py
[2026-08-21T14:23:44.178+0000] {processor.py:925} INFO - DAG(s) 'first_dag' retrieved from /opt/airflow/dags/first_dag.py
[2026-08-21T14:23:44.198+0000] {logging_mixin.py:190} INFO - [2026-08-21T14:23:44.198+0000] {dag.py:3239} INFO - Sync 1 DAGs
[2026-08-21T14:23:44.217+0000] {logging_mixin.py:190} INFO - [2026-08-21T14:23:44.217+0000] {dag.py:4180} INFO - Setting next_dagrun for first_dag to 2026-08-21 00:00:00+00:00, run_after=2026-08-22 00:00:00+00:00
[2026-08-21T14:23:44.231+0000] {processor.py:208} INFO - Processing /opt/airflow/dags/first_dag.py took 0.068 seconds
[2026-08-21T14:24:14.351+0000] {processor.py:186} INFO - Started process (PID=1805) to work on /opt/airflow/dags/first_dag.py
[2026-08-21T14:24:14.358+0000] {processor.py:914} INFO - Processing file /opt/airflow/dags/first_dag.py for tasks to queue
[2026-08-21T14:24:14.359+0000] {logging_mixin.py:190} INFO - [2026-08-21T14:24:14.359+0000] {dagbag.py:588} INFO - Filling up the DagBag from /opt/airflow/dags/first_dag.py
[2026-08-21T14:24:14.367+0000] {processor.py:925} INFO - DAG(s) 'first_dag' retrieved from /opt/airflow/dags/first_dag.py
[2026-08-21T14:24:14.387+0000] {logging_mixin.py:190} INFO - [2026-08-21T14:24:14.386+0000] {dag.py:3239} INFO - Sync 1 DAGs
[2026-08-21T14:24:14.405+0000] {logging_mixin.py:190} INFO - [2026-08-21T14:24:14.405+0000] {dag.py:4180} INFO - Setting next_dagrun for first_dag to 2026-08-21 00:00:00+00:00, run_after=2026-08-22 00:00:00+00:00
[2026-08-21T14:24:14.420+0000] {processor.py:208} INFO - Processing /opt/airflow/dags/first_dag.py took 0.074 seconds
[2026-08-21T14:24:44.484+0000] {processor.py:186} INFO - Started process (PID=1812) to work on /opt/airflow/dags/first_dag.py
[2026-08-21T14:24:44.485+0000] {processor.py:914} INFO - Processing file /opt/airflow/dags/first_dag.py for tasks to queue
[2026-08-21T14:24:44.486+0000] {logging_mixin.py:190} INFO - [2026-08-21T14:24:44.486+0000] {dagbag.py:588} INFO - Filling up the DagBag from /opt/airflow/dags/first_dag.py
[2026-08-21T14:24:44.494+0000] {processor.py:925} INFO - DAG(s) 'first_dag' retrieved from /opt/airflow/dags/first_dag.py
[2026-08-21T14:24:44.515+0000] {logging_mixin.py:190} INFO - [2026-08-21T14:24:44.515+0000] {dag.py:3239} INFO - Sync 1 DAGs
[2026-08-21T14:24:44.534+0000] {logging_mixin.py:190} INFO - [2026-08-21T14:24:44.533+0000] {dag.py:4180} INFO - Setting next_dagrun for first_dag to 2026-08-21 00:00:00+00:00, run_after=2026-08-22 00:00:00+00:00
[2026-08-21T14:24:44.549+0000] {processor.py:208} INFO - Processing /opt/airflow/dags/first_dag.py took 0.070 seconds
[2026-08-21T14:25:14.671+0000] {processor.py:186} INFO - Started process (PID=1818) to work on /opt/airflow/dags/first_dag.py
[2026-08-21T14:25:14.678+0000] {processor.py:914} INFO - Processing file /opt/airflow/dags/first_dag.py for tasks to queue
[2026-08-21T14:25:14.679+0000] {logging_mixin.py:190} INFO - [2026-08-21T14:25:14.679+0000] {dagbag.py:588} INFO - Filling up the DagBag from /opt/airflow/dags/first_dag.py
[2026-08-21T14:25:14.688+0000] {processor.py:925} INFO - DAG(s) 'first_dag' retrieved from /opt/airflow/dags/first_dag.py
[2026-08-21T14:25:14.710+0000] {logging_mixin.py:190} INFO - [2026-08-21T14:25:14.709+0000] {dag.py:3239} INFO - Sync 1 DAGs
[2026-08-21T14:25:14.730+0000] {logging_mixin.py:190} INFO - [2026-08-21T14:25:14.730+0000] {dag.py:4180} INFO - Setting next_dagrun for first_dag to 2026-08-21 00:00:00+00:00, run_after=2026-08-22 00:00:00+00:00
[2026-08-21T14:25:14.745+0000] {processor.py:208} INFO - Processing /opt/airflow/dags/first_dag.py took 0.079 seconds
[2026-08-21T14:25:44.807+0000] {processor.py:186} INFO - Started process (PID=1825) to work on /opt/airflow/dags/first_dag.py
[2026-08-21T14:25:44.808+0000] {processor.py:914} INFO - Processing file /opt/airflow/dags/first_dag.py for tasks to queue
[2026-08-21T14:25:44.808+0000] {logging_mixin.py:190} INFO - [2026-08-21T14:25:44.808+0000] {dagbag.py:588} INFO - Filling up the DagBag from /opt/airflow/dags/first_dag.py
[2026-08-21T14:25:44.817+0000] {processor.py:925} INFO - DAG(s) 'first_dag' retrieved from /opt/airflow/dags/first_dag.py
[2026-08-21T14:25:44.838+0000] {logging_mixin.py:190} INFO - [2026-08-21T14:25:44.838+0000] {dag.py:3239} INFO - Sync 1 DAGs
[2026-08-21T14:25:44.857+0000] {logging_mixin.py:190} INFO - [2026-08-21T14:25:44.857+0000] {dag.py:4180} INFO - Setting next_dagrun for first_dag to 2026-08-21 00:00:00+00:00, run_after=2026-08-22 00:00:00+00:00
[2026-08-21T14:25:44.871+0000] {processor.py:208} INFO - Processing /opt/airflow/dags/first_dag.py took 0.069 seconds
[2026-08-21T14:26:14.998+0000] {processor.py:186} INFO - Started process (PID=1832) to work on /opt/airflow/dags/first_dag.py
[2026-08-21T14:26:15.005+0000] {processor.py:914} INFO - Processing file /opt/airflow/dags/first_dag.py for tasks to queue
[2026-08-21T14:26:15.006+0000] {logging_mixin.py:190} INFO - [2026-08-21T14:26:15.006+0000] {dagbag.py:588} INFO - Filling up the DagBag from /opt/airflow/dags/first_dag.py
[2026-08-21T14:26:15.015+0000] {processor.py:925} INFO - DAG(s) 'first_dag' retrieved from /opt/airflow/dags/first_dag.py
[2026-08-21T14:26:15.036+0000] {logging_mixin.py:190} INFO - [2026-08-21T14:26:15.035+0000] {dag.py:3239} INFO - Sync 1 DAGs
[2026-08-21T14:26:15.054+0000] {logging_mixin.py:190} INFO - [2026-08-21T14:26:15.054+0000] {dag.py:4180} INFO - Setting next_dagrun for first_dag to 2026-08-21 00:00:00+00:00, run_after=2026-08-22 00:00:00+00:00
[2026-08-21T14:26:15.068+0000] {processor.py:208} INFO - Processing /opt/airflow/dags/first_dag.py took 0.075 seconds
[2026-08-21T14:26:45.135+0000] {processor.py:186} INFO - Started process (PID=1839) to work on /opt/airflow/dags/first_dag.py
[2026-08-21T14:26:45.136+0000] {processor.py:914} INFO - Processing file /opt/airflow/dags/first_dag.py for tasks to queue
[2026-08-21T14:26:45.138+0000] {logging_mixin.py:190} INFO - [2026-08-21T14:26:45.137+0000] {dagbag.py:588} INFO - Filling up the DagBag from /opt/airflow/dags/first_dag.py
[2026-08-21T14:26:45.146+0000] {processor.py:925} INFO - DAG(s) 'first_dag' retrieved from /opt/airflow/dags/first_dag.py
[2026-08-21T14:26:45.166+0000] {logging_mixin.py:190} INFO - [2026-08-21T14:26:45.166+0000] {dag.py:3239} INFO - Sync 1 DAGs
[2026-08-21T14:26:45.185+0000] {logging_mixin.py:190} INFO - [2026-08-21T14:26:45.184+0000] {dag.py:4180} INFO - Setting next_dagrun for first_dag to 2026-08-21 00:00:00+00:00, run_after=2026-08-22 00:00:00+00:00
[2026-08-21T14:26:45.199+0000] {processor.py:208} INFO - Processing /opt/airflow/dags/first_dag.py took 0.068 seconds
[2026-08-21T14:27:15.313+0000] {processor.py:186} INFO - Started process (PID=1846) to work on /opt/airflow/dags/first_dag.py
[2026-08-21T14:27:15.320+0000] {processor.py:914} INFO - Processing file /opt/airflow/dags/first_dag.py for tasks to queue
[2026-08-21T14:27:15.321+0000] {logging_mixin.py:190} INFO - [2026-08-21T14:27:15.321+0000] {dagbag.py:588} INFO - Filling up the DagBag from /opt/airflow/dags/first_dag.py
[2026-08-21T14:27:15.329+0000] {processor.py:925} INFO - DAG(s) 'first_dag' retrieved from /opt/airflow/dags/first_dag.py
[2026-08-21T14:27:15.348+0000] {logging_mixin.py:190} INFO - [2026-08-21T14:27:15.348+0000] {dag.py:3239} INFO - Sync 1 DAGs
[2026-08-21T14:27:15.367+0000] {logging_mixin.py:190} INFO - [2026-08-21T14:27:15.367+0000] {dag.py:4180} INFO - Setting next_dagrun for first_dag to 2026-08-21 00:00:00+00:00, run_after=2026-08-22 00:00:00+00:00
[2026-08-21T14:27:15.381+0000] {processor.py:208} INFO - Processing /opt/airflow/dags/first_dag.py took 0.072 seconds
[2026-08-21T14:27:45.451+0000] {processor.py:186} INFO - Started process (PID=1853) to work on /opt/airflow/dags/first_dag.py
[2026-08-21T14:27:45.452+0000] {processor.py:914} INFO - Processing file /opt/airflow/dags/first_dag.py for tasks to queue
[2026-08-21T14:27:45.453+0000] {logging_mixin.py:190} INFO - [2026-08-21T14:27:45.453+0000] {dagbag.py:588} INFO - Filling up the DagBag from /opt/airflow/dags/first_dag.py
[2026-08-21T14:27:45.461+0000] {processor.py:925} INFO - DAG(s) 'first_dag' retrieved from /opt/airflow/dags/first_dag.py
[2026-08-21T14:27:45.482+0000] {logging_mixin.py:190} INFO - [2026-08-21T14:27:45.482+0000] {dag.py:3239} INFO - Sync 1 DAGs
[2026-08-21T14:27:45.502+0000] {logging_mixin.py:190} INFO - [2026-08-21T14:27:45.502+0000] {dag.py:4180} INFO - Setting next_dagrun for first_dag to 2026-08-21 00:00:00+00:00, run_after=2026-08-22 00:00:00+00:00
[2026-08-21T14:27:45.516+0000] {processor.py:208} INFO - Processing /opt/airflow/dags/first_dag.py took 0.070 seconds
[2026-08-21T14:28:15.636+0000] {processor.py:186} INFO - Started process (PID=1860) to work on /opt/airflow/dags/first_dag.py
[2026-08-21T14:28:15.637+0000] {processor.py:914} INFO - Processing file /opt/airflow/dags/first_dag.py for tasks to queue
[2026-08-21T14:28:15.638+0000] {logging_mixin.py:190} INFO - [2026-08-21T14:28:15.637+0000] {dagbag.py:588} INFO - Filling up the DagBag from /opt/airflow/dags/first_dag.py
[2026-08-21T14:28:15.646+0000] {processor.py:925} INFO - DAG(s) 'first_dag' retrieved from /opt/airflow/dags/first_dag.py
[2026-08-21T14:28:15.665+0000] {logging_mixin.py:190} INFO - [2026-08-21T14:28:15.665+0000] {dag.py:3239} INFO - Sync 1 DAGs
[2026-08-21T14:28:15.685+0000] {logging_mixin.py:190} INFO - [2026-08-21T14:28:15.685+0000] {dag.py:4180} INFO - Setting next_dagrun for first_dag to 2026-08-21 00:00:00+00:00, run_after=2026-08-22 00:00:00+00:00
[2026-08-21T14:28:15.700+0000] {processor.py:208} INFO - Processing /opt/airflow/dags/first_dag.py took 0.068 seconds
[2026-08-21T14:28:45.760+0000] {processor.py:186} INFO - Started process (PID=1867) to work on /opt/airflow/dags/first_dag.py
[2026-08-21T14:28:45.761+0000] {processor.py:914} INFO - Processing file /opt/airflow/dags/first_dag.py for tasks to queue
[2026-08-21T14:28:45.761+0000] {logging_mixin.py:190} INFO - [2026-08-21T14:28:45.761+0000] {dagbag.py:588} INFO - Filling up the DagBag from /opt/airflow/dags/first_dag.py
[2026-08-21T14:28:45.770+0000] {processor.py:925} INFO - DAG(s) 'first_dag' retrieved from /opt/airflow/dags/first_dag.py
[2026-08-21T14:28:45.791+0000] {logging_mixin.py:190} INFO - [2026-08-21T14:28:45.790+0000] {dag.py:3239} INFO - Sync 1 DAGs
[2026-08-21T14:28:45.810+0000] {logging_mixin.py:190} INFO - [2026-08-21T14:28:45.810+0000] {dag.py:4180} INFO - Setting next_dagrun for first_dag to 2026-08-21 00:00:00+00:00, run_after=2026-08-22 00:00:00+00:00
[2026-08-21T14:28:45.824+0000] {processor.py:208} INFO - Processing /opt/airflow/dags/first_dag.py took 0.069 seconds
[2026-08-21T14:29:15.943+0000] {processor.py:186} INFO - Started process (PID=1874) to work on /opt/airflow/dags/first_dag.py
[2026-08-21T14:29:15.949+0000] {processor.py:914} INFO - Processing file /opt/airflow/dags/first_dag.py for tasks to queue
[2026-08-21T14:29:15.951+0000] {logging_mixin.py:190} INFO - [2026-08-21T14:29:15.950+0000] {dagbag.py:588} INFO - Filling up the DagBag from /opt/airflow/dags/first_dag.py
[2026-08-21T14:29:15.959+0000] {processor.py:925} INFO - DAG(s) 'first_dag' retrieved from /opt/airflow/dags/first_dag.py
[2026-08-21T14:29:15.979+0000] {logging_mixin.py:190} INFO - [2026-08-21T14:29:15.979+0000] {dag.py:3239} INFO - Sync 1 DAGs
[2026-08-21T14:29:15.998+0000] {logging_mixin.py:190} INFO - [2026-08-21T14:29:15.998+0000] {dag.py:4180} INFO - Setting next_dagrun for first_dag to 2026-08-21 00:00:00+00:00, run_after=2026-08-22 00:00:00+00:00
[2026-08-21T14:29:16.012+0000] {processor.py:208} INFO - Processing /opt/airflow/dags/first_dag.py took 0.074 seconds
[2026-08-21T14:29:46.078+0000] {processor.py:186} INFO - Started process (PID=1881) to work on /opt/airflow/dags/first_dag.py
[2026-08-21T14:29:46.078+0000] {processor.py:914} INFO - Processing file /opt/airflow/dags/first_dag.py for tasks to queue
[2026-08-21T14:29:46.079+0000] {logging_mixin.py:190} INFO - [2026-08-21T14:29:46.079+0000] {dagbag.py:588} INFO - Filling up the DagBag from /opt/airflow/dags/first_dag.py
[2026-08-21T14:29:46.088+0000] {processor.py:925} INFO - DAG(s) 'first_dag' retrieved from /opt/airflow/dags/first_dag.py
[2026-08-21T14:29:46.111+0000] {logging_mixin.py:190} INFO - [2026-08-21T14:29:46.111+0000] {dag.py:3239} INFO - Sync 1 DAGs
[2026-08-21T14:29:46.132+0000] {logging_mixin.py:190} INFO - [2026-08-21T14:29:46.132+0000] {dag.py:4180} INFO - Setting next_dagrun for first_dag to 2026-08-21 00:00:00+00:00, run_after=2026-08-22 00:00:00+00:00
[2026-08-21T14:29:46.147+0000] {processor.py:208} INFO - Processing /opt/airflow/dags/first_dag.py took 0.074 seconds
[2026-08-21T14:30:16.266+0000] {processor.py:186} INFO - Started process (PID=1888) to work on /opt/airflow/dags/first_dag.py
[2026-08-21T14:30:16.272+0000] {processor.py:914} INFO - Processing file /opt/airflow/dags/first_dag.py for tasks to queue
[2026-08-21T14:30:16.273+0000] {logging_mixin.py:190} INFO - [2026-08-21T14:30:16.273+0000] {dagbag.py:588} INFO - Filling up the DagBag from /opt/airflow/dags/first_dag.py
[2026-08-21T14:30:16.281+0000] {processor.py:925} INFO - DAG(s) 'first_dag' retrieved from /opt/airflow/dags/first_dag.py
[2026-08-21T14:30:16.303+0000] {logging_mixin.py:190} INFO - [2026-08-21T14:30:16.302+0000] {dag.py:3239} INFO - Sync 1 DAGs
[2026-08-21T14:30:16.323+0000] {logging_mixin.py:190} INFO - [2026-08-21T14:30:16.323+0000] {dag.py:4180} INFO - Setting next_dagrun for first_dag to 2026-08-21 00:00:00+00:00, run_after=2026-08-22 00:00:00+00:00
[2026-08-21T14:30:16.339+0000] {processor.py:208} INFO - Processing /opt/airflow/dags/first_dag.py took 0.078 seconds
[2026-08-21T14:30:46.407+0000] {processor.py:186} INFO - Started process (PID=1895) to work on /opt/airflow/dags/first_dag.py
[2026-08-21T14:30:46.408+0000] {processor.py:914} INFO - Processing file /opt/airflow/dags/first_dag.py for tasks to queue
[2026-08-21T14:30:46.409+0000] {logging_mixin.py:190} INFO - [2026-08-21T14:30:46.408+0000] {dagbag.py:588} INFO - Filling up the DagBag from /opt/airflow/dags/first_dag.py
[2026-08-21T14:30:46.418+0000] {processor.py:925} INFO - DAG(s) 'first_dag' retrieved from /opt/airflow/dags/first_dag.py
[2026-08-21T14:30:46.439+0000] {logging_mixin.py:190} INFO - [2026-08-21T14:30:46.439+0000] {dag.py:3239} INFO - Sync 1 DAGs
[2026-08-21T14:30:46.460+0000] {logging_mixin.py:190} INFO - [2026-08-21T14:30:46.459+0000] {dag.py:4180} INFO - Setting next_dagrun for first_dag to 2026-08-21 00:00:00+00:00, run_after=2026-08-22 00:00:00+00:00
[2026-08-21T14:30:46.474+0000] {processor.py:208} INFO - Processing /opt/airflow/dags/first_dag.py took 0.072 seconds
[2026-08-21T14:31:16.605+0000] {processor.py:186} INFO - Started process (PID=1902) to work on /opt/airflow/dags/first_dag.py
[2026-08-21T14:31:16.606+0000] {processor.py:914} INFO - Processing file /opt/airflow/dags/first_dag.py for tasks to queue
[2026-08-21T14:31:16.608+0000] {logging_mixin.py:190} INFO - [2026-08-21T14:31:16.608+0000] {dagbag.py:588} INFO - Filling up the DagBag from /opt/airflow/dags/first_dag.py
[2026-08-21T14:31:16.618+0000] {processor.py:925} INFO - DAG(s) 'first_dag' retrieved from /opt/airflow/dags/first_dag.py
[2026-08-21T14:31:16.638+0000] {logging_mixin.py:190} INFO - [2026-08-21T14:31:16.638+0000] {dag.py:3239} INFO - Sync 1 DAGs
[2026-08-21T14:31:16.658+0000] {logging_mixin.py:190} INFO - [2026-08-21T14:31:16.658+0000] {dag.py:4180} INFO - Setting next_dagrun for first_dag to 2026-08-21 00:00:00+00:00, run_after=2026-08-22 00:00:00+00:00
[2026-08-21T14:31:16.672+0000] {processor.py:208} INFO - Processing /opt/airflow/dags/first_dag.py took 0.071 seconds
[2026-08-21T14:31:46.743+0000] {processor.py:186} INFO - Started process (PID=1909) to work on /opt/airflow/dags/first_dag.py
[2026-08-21T14:31:46.744+0000] {processor.py:914} INFO - Processing file /opt/airflow/dags/first_dag.py for tasks to queue
[2026-08-21T14:31:46.744+0000] {logging_mixin.py:190} INFO - [2026-08-21T14:31:46.744+0000] {dagbag.py:588} INFO - Filling up the DagBag from /opt/airflow/dags/first_dag.py
[2026-08-21T14:31:46.752+0000] {processor.py:925} INFO - DAG(s) 'first_dag' retrieved from /opt/airflow/dags/first_dag.py
[2026-08-21T14:31:46.773+0000] {logging_mixin.py:190} INFO - [2026-08-21T14:31:46.773+0000] {dag.py:3239} INFO - Sync 1 DAGs
[2026-08-21T14:31:46.791+0000] {logging_mixin.py:190} INFO - [2026-08-21T14:31:46.791+0000] {dag.py:4180} INFO - Setting next_dagrun for first_dag to 2026-08-21 00:00:00+00:00, run_after=2026-08-22 00:00:00+00:00
[2026-08-21T14:31:46.805+0000] {processor.py:208} INFO - Processing /opt/airflow/dags/first_dag.py took 0.067 seconds
[2026-08-21T14:32:16.922+0000] {processor.py:186} INFO - Started process (PID=1915) to work on /opt/airflow/dags/first_dag.py
[2026-08-21T14:32:16.929+0000] {processor.py:914} INFO - Processing file /opt/airflow/dags/first_dag.py for tasks to queue
[2026-08-21T14:32:16.929+0000] {logging_mixin.py:190} INFO - [2026-08-21T14:32:16.929+0000] {dagbag.py:588} INFO - Filling up the DagBag from /opt/airflow/dags/first_dag.py
[2026-08-21T14:32:16.937+0000] {processor.py:925} INFO - DAG(s) 'first_dag' retrieved from /opt/airflow/dags/first_dag.py
[2026-08-21T14:32:16.957+0000] {logging_mixin.py:190} INFO - [2026-08-21T14:32:16.956+0000] {dag.py:3239} INFO - Sync 1 DAGs
[2026-08-21T14:32:16.976+0000] {logging_mixin.py:190} INFO - [2026-08-21T14:32:16.976+0000] {dag.py:4180} INFO - Setting next_dagrun for first_dag to 2026-08-21 00:00:00+00:00, run_after=2026-08-22 00:00:00+00:00
[2026-08-21T14:32:16.989+0000] {processor.py:208} INFO - Processing /opt/airflow/dags/first_dag.py took 0.072 seconds
[2026-08-21T14:32:47.063+0000] {processor.py:186} INFO - Started process (PID=1922) to work on /opt/airflow/dags/first_dag.py
[2026-08-21T14:32:47.063+0000] {processor.py:914} INFO - Processing file /opt/airflow/dags/first_dag.py for tasks to queue
[2026-08-21T14:32:47.064+0000] {logging_mixin.py:190} INFO - [2026-08-21T14:32:47.064+0000] {dagbag.py:588} INFO - Filling up the DagBag from /opt/airflow/dags/first_dag.py
[2026-08-21T14:32:47.072+0000] {processor.py:925} INFO - DAG(s) 'first_dag' retrieved from /opt/airflow/dags/first_dag.py
[2026-08-21T14:32:47.093+0000] {logging_mixin.py:190} INFO - [2026-08-21T14:32:47.093+0000] {dag.py:3239} INFO - Sync 1 DAGs
[2026-08-21T14:32:47.112+0000] {logging_mixin.py:190} INFO - [2026-08-21T14:32:47.112+0000] {dag.py:4180} INFO - Setting next_dagrun for first_dag to 2026-08-21 00:00:00+00:00, run_after=2026-08-22 00:00:00+00:00
[2026-08-21T14:32:47.127+0000] {processor.py:208} INFO - Processing /opt/airflow/dags/first_dag.py took 0.069 seconds
[2026-08-21T14:33:17.250+0000] {processor.py:186} INFO - Started process (PID=1929) to work on /opt/airflow/dags/first_dag.py
[2026-08-21T14:33:17.257+0000] {processor.py:914} INFO - Processing file /opt/airflow/dags/first_dag.py for tasks to queue
[2026-08-21T14:33:17.258+0000] {logging_mixin.py:190} INFO - [2026-08-21T14:33:17.258+0000] {dagbag.py:588} INFO - Filling up the DagBag from /opt/airflow/dags/first_dag.py
[2026-08-21T14:33:17.270+0000] {processor.py:925} INFO - DAG(s) 'first_dag' retrieved from /opt/airflow/dags/first_dag.py
[2026-08-21T14:33:17.292+0000] {logging_mixin.py:190} INFO - [2026-08-21T14:33:17.291+0000] {dag.py:3239} INFO - Sync 1 DAGs
[2026-08-21T14:33:17.314+0000] {logging_mixin.py:190} INFO - [2026-08-21T14:33:17.313+0000] {dag.py:4180} INFO - Setting next_dagrun for first_dag to 2026-08-21 00:00:00+00:00, run_after=2026-08-22 00:00:00+00:00
[2026-08-21T14:33:17.335+0000] {processor.py:208} INFO - Processing /opt/airflow/dags/first_dag.py took 0.090 seconds
[2026-08-21T14:33:47.454+0000] {processor.py:186} INFO - Started process (PID=1936) to work on /opt/airflow/dags/first_dag.py
[2026-08-21T14:33:47.455+0000] {processor.py:914} INFO - Processing file /opt/airflow/dags/first_dag.py for tasks to queue
[2026-08-21T14:33:47.455+0000] {logging_mixin.py:190} INFO - [2026-08-21T14:33:47.455+0000] {dagbag.py:588} INFO - Filling up the DagBag from /opt/airflow/dags/first_dag.py
[2026-08-21T14:33:47.464+0000] {processor.py:925} INFO - DAG(s) 'first_dag' retrieved from /opt/airflow/dags/first_dag.py
[2026-08-21T14:33:47.485+0000] {logging_mixin.py:190} INFO - [2026-08-21T14:33:47.485+0000] {dag.py:3239} INFO - Sync 1 DAGs
[2026-08-21T14:33:47.504+0000] {logging_mixin.py:190} INFO - [2026-08-21T14:33:47.504+0000] {dag.py:4180} INFO - Setting next_dagrun for first_dag to 2026-08-21 00:00:00+00:00, run_after=2026-08-22 00:00:00+00:00
[2026-08-21T14:33:47.519+0000] {processor.py:208} INFO - Processing /opt/airflow/dags/first_dag.py took 0.070 seconds
[2026-08-21T14:34:17.585+0000] {processor.py:186} INFO - Started process (PID=1943) to work on /opt/airflow/dags/first_dag.py
[2026-08-21T14:34:17.593+0000] {processor.py:914} INFO - Processing file /opt/airflow/dags/first_dag.py for tasks to queue
[2026-08-21T14:34:17.595+0000] {logging_mixin.py:190} INFO - [2026-08-21T14:34:17.594+0000] {dagbag.py:588} INFO - Filling up the DagBag from /opt/airflow/dags/first_dag.py
[2026-08-21T14:34:17.603+0000] {processor.py:925} INFO - DAG(s) 'first_dag' retrieved from /opt/airflow/dags/first_dag.py
[2026-08-21T14:34:17.627+0000] {logging_mixin.py:190} INFO - [2026-08-21T14:34:17.626+0000] {dag.py:3239} INFO - Sync 1 DAGs
[2026-08-21T14:34:17.648+0000] {logging_mixin.py:190} INFO - [2026-08-21T14:34:17.647+0000] {dag.py:4180} INFO - Setting next_dagrun for first_dag to 2026-08-21 00:00:00+00:00, run_after=2026-08-22 00:00:00+00:00
[2026-08-21T14:34:17.663+0000] {processor.py:208} INFO - Processing /opt/airflow/dags/first_dag.py took 0.083 seconds
[2026-08-21T14:34:47.776+0000] {processor.py:186} INFO - Started process (PID=1950) to work on /opt/airflow/dags/first_dag.py
[2026-08-21T14:34:47.777+0000] {processor.py:914} INFO - Processing file /opt/airflow/dags/first_dag.py for tasks to queue
[2026-08-21T14:34:47.778+0000] {logging_mixin.py:190} INFO - [2026-08-21T14:34:47.777+0000] {dagbag.py:588} INFO - Filling up the DagBag from /opt/airflow/dags/first_dag.py
[2026-08-21T14:34:47.786+0000] {processor.py:925} INFO - DAG(s) 'first_dag' retrieved from /opt/airflow/dags/first_dag.py
[2026-08-21T14:34:47.805+0000] {logging_mixin.py:190} INFO - [2026-08-21T14:34:47.805+0000] {dag.py:3239} INFO - Sync 1 DAGs
[2026-08-21T14:34:47.823+0000] {logging_mixin.py:190} INFO - [2026-08-21T14:34:47.823+0000] {dag.py:4180} INFO - Setting next_dagrun for first_dag to 2026-08-21 00:00:00+00:00, run_after=2026-08-22 00:00:00+00:00
[2026-08-21T14:34:47.838+0000] {processor.py:208} INFO - Processing /opt/airflow/dags/first_dag.py took 0.066 seconds
[2026-08-21T14:35:17.920+0000] {processor.py:186} INFO - Started process (PID=1957) to work on /opt/airflow/dags/first_dag.py
[2026-08-21T14:35:17.927+0000] {processor.py:914} INFO - Processing file /opt/airflow/dags/first_dag.py for tasks to queue
[2026-08-21T14:35:17.929+0000] {logging_mixin.py:190} INFO - [2026-08-21T14:35:17.928+0000] {dagbag.py:588} INFO - Filling up the DagBag from /opt/airflow/dags/first_dag.py
[2026-08-21T14:35:17.938+0000] {processor.py:925} INFO - DAG(s) 'first_dag' retrieved from /opt/airflow/dags/first_dag.py
[2026-08-21T14:35:17.959+0000] {logging_mixin.py:190} INFO - [2026-08-21T14:35:17.958+0000] {dag.py:3239} INFO - Sync 1 DAGs
[2026-08-21T14:35:17.977+0000] {logging_mixin.py:190} INFO - [2026-08-21T14:35:17.977+0000] {dag.py:4180} INFO - Setting next_dagrun for first_dag to 2026-08-21 00:00:00+00:00, run_after=2026-08-22 00:00:00+00:00
[2026-08-21T14:35:17.991+0000] {processor.py:208} INFO - Processing /opt/airflow/dags/first_dag.py took 0.076 seconds
[2026-08-21T14:35:48.087+0000] {processor.py:186} INFO - Started process (PID=1964) to work on /opt/airflow/dags/first_dag.py
[2026-08-21T14:35:48.088+0000] {processor.py:914} INFO - Processing file /opt/airflow/dags/first_dag.py for tasks to queue
[2026-08-21T14:35:48.089+0000] {logging_mixin.py:190} INFO - [2026-08-21T14:35:48.088+0000] {dagbag.py:588} INFO - Filling up the DagBag from /opt/airflow/dags/first_dag.py
[2026-08-21T14:35:48.097+0000] {processor.py:925} INFO - DAG(s) 'first_dag' retrieved from /opt/airflow/dags/first_dag.py
[2026-08-21T14:35:48.118+0000] {logging_mixin.py:190} INFO - [2026-08-21T14:35:48.118+0000] {dag.py:3239} INFO - Sync 1 DAGs
[2026-08-21T14:35:48.138+0000] {logging_mixin.py:190} INFO - [2026-08-21T14:35:48.138+0000] {dag.py:4180} INFO - Setting next_dagrun for first_dag to 2026-08-21 00:00:00+00:00, run_after=2026-08-22 00:00:00+00:00
[2026-08-21T14:35:48.153+0000] {processor.py:208} INFO - Processing /opt/airflow/dags/first_dag.py took 0.070 seconds
[2026-08-21T14:36:18.247+0000] {processor.py:186} INFO - Started process (PID=1971) to work on /opt/airflow/dags/first_dag.py
[2026-08-21T14:36:18.253+0000] {processor.py:914} INFO - Processing file /opt/airflow/dags/first_dag.py for tasks to queue
[2026-08-21T14:36:18.255+0000] {logging_mixin.py:190} INFO - [2026-08-21T14:36:18.254+0000] {dagbag.py:588} INFO - Filling up the DagBag from /opt/airflow/dags/first_dag.py
[2026-08-21T14:36:18.263+0000] {processor.py:925} INFO - DAG(s) 'first_dag' retrieved from /opt/airflow/dags/first_dag.py
[2026-08-21T14:36:18.283+0000] {logging_mixin.py:190} INFO - [2026-08-21T14:36:18.282+0000] {dag.py:3239} INFO - Sync 1 DAGs
[2026-08-21T14:36:18.303+0000] {logging_mixin.py:190} INFO - [2026-08-21T14:36:18.303+0000] {dag.py:4180} INFO - Setting next_dagrun for first_dag to 2026-08-21 00:00:00+00:00, run_after=2026-08-22 00:00:00+00:00
[2026-08-21T14:36:18.317+0000] {processor.py:208} INFO - Processing /opt/airflow/dags/first_dag.py took 0.075 seconds
[2026-08-21T14:36:48.408+0000] {processor.py:186} INFO - Started process (PID=1978) to work on /opt/airflow/dags/first_dag.py
[2026-08-21T14:36:48.409+0000] {processor.py:914} INFO - Processing file /opt/airflow/dags/first_dag.py for tasks to queue
[2026-08-21T14:36:48.410+0000] {logging_mixin.py:190} INFO - [2026-08-21T14:36:48.409+0000] {dagbag.py:588} INFO - Filling up the DagBag from /opt/airflow/dags/first_dag.py
[2026-08-21T14:36:48.420+0000] {processor.py:925} INFO - DAG(s) 'first_dag' retrieved from /opt/airflow/dags/first_dag.py
[2026-08-21T14:36:48.445+0000] {logging_mixin.py:190} INFO - [2026-08-21T14:36:48.444+0000] {dag.py:3239} INFO - Sync 1 DAGs
[2026-08-21T14:36:48.471+0000] {logging_mixin.py:190} INFO - [2026-08-21T14:36:48.471+0000] {dag.py:4180} INFO - Setting next_dagrun for first_dag to 2026-08-21 00:00:00+00:00, run_after=2026-08-22 00:00:00+00:00
[2026-08-21T14:36:48.489+0000] {processor.py:208} INFO - Processing /opt/airflow/dags/first_dag.py took 0.086 seconds
[2026-08-21T14:37:18.577+0000] {processor.py:186} INFO - Started process (PID=1985) to work on /opt/airflow/dags/first_dag.py
[2026-08-21T14:37:18.578+0000] {processor.py:914} INFO - Processing file /opt/airflow/dags/first_dag.py for tasks to queue
[2026-08-21T14:37:18.579+0000] {logging_mixin.py:190} INFO - [2026-08-21T14:37:18.578+0000] {dagbag.py:588} INFO - Filling up the DagBag from /opt/airflow/dags/first_dag.py
[2026-08-21T14:37:18.587+0000] {processor.py:925} INFO - DAG(s) 'first_dag' retrieved from /opt/airflow/dags/first_dag.py
[2026-08-21T14:37:18.612+0000] {logging_mixin.py:190} INFO - [2026-08-21T14:37:18.612+0000] {dag.py:3239} INFO - Sync 1 DAGs
[2026-08-21T14:37:18.631+0000] {logging_mixin.py:190} INFO - [2026-08-21T14:37:18.630+0000] {dag.py:4180} INFO - Setting next_dagrun for first_dag to 2026-08-21 00:00:00+00:00, run_after=2026-08-22 00:00:00+00:00
[2026-08-21T14:37:18.648+0000] {processor.py:208} INFO - Processing /opt/airflow/dags/first_dag.py took 0.077 seconds
[2026-08-21T14:37:48.765+0000] {processor.py:186} INFO - Started process (PID=1992) to work on /opt/airflow/dags/first_dag.py
[2026-08-21T14:37:48.766+0000] {processor.py:914} INFO - Processing file /opt/airflow/dags/first_dag.py for tasks to queue
[2026-08-21T14:37:48.767+0000] {logging_mixin.py:190} INFO - [2026-08-21T14:37:48.766+0000] {dagbag.py:588} INFO - Filling up the DagBag from /opt/airflow/dags/first_dag.py
[2026-08-21T14:37:48.778+0000] {processor.py:925} INFO - DAG(s) 'first_dag' retrieved from /opt/airflow/dags/first_dag.py
[2026-08-21T14:37:48.800+0000] {logging_mixin.py:190} INFO - [2026-08-21T14:37:48.799+0000] {dag.py:3239} INFO - Sync 1 DAGs
[2026-08-21T14:37:48.821+0000] {logging_mixin.py:190} INFO - [2026-08-21T14:37:48.821+0000] {dag.py:4180} INFO - Setting next_dagrun for first_dag to 2026-08-21 00:00:00+00:00, run_after=2026-08-22 00:00:00+00:00
[2026-08-21T14:37:48.836+0000] {processor.py:208} INFO - Processing /opt/airflow/dags/first_dag.py took 0.076 seconds
[2026-08-21T14:38:18.915+0000] {processor.py:186} INFO - Started process (PID=1999) to work on /opt/airflow/dags/first_dag.py
[2026-08-21T14:38:18.922+0000] {processor.py:914} INFO - Processing file /opt/airflow/dags/first_dag.py for tasks to queue
[2026-08-21T14:38:18.924+0000] {logging_mixin.py:190} INFO - [2026-08-21T14:38:18.923+0000] {dagbag.py:588} INFO - Filling up the DagBag from /opt/airflow/dags/first_dag.py
[2026-08-21T14:38:18.932+0000] {processor.py:925} INFO - DAG(s) 'first_dag' retrieved from /opt/airflow/dags/first_dag.py
[2026-08-21T14:38:18.952+0000] {logging_mixin.py:190} INFO - [2026-08-21T14:38:18.952+0000] {dag.py:3239} INFO - Sync 1 DAGs
[2026-08-21T14:38:18.971+0000] {logging_mixin.py:190} INFO - [2026-08-21T14:38:18.971+0000] {dag.py:4180} INFO - Setting next_dagrun for first_dag to 2026-08-21 00:00:00+00:00, run_after=2026-08-22 00:00:00+00:00
[2026-08-21T14:38:18.986+0000] {processor.py:208} INFO - Processing /opt/airflow/dags/first_dag.py took 0.076 seconds
[2026-08-21T14:38:49.091+0000] {processor.py:186} INFO - Started process (PID=2006) to work on /opt/airflow/dags/first_dag.py
[2026-08-21T14:38:49.091+0000] {processor.py:914} INFO - Processing file /opt/airflow/dags/first_dag.py for tasks to queue
[2026-08-21T14:38:49.092+0000] {logging_mixin.py:190} INFO - [2026-08-21T14:38:49.092+0000] {dagbag.py:588} INFO - Filling up the DagBag from /opt/airflow/dags/first_dag.py
[2026-08-21T14:38:49.101+0000] {processor.py:925} INFO - DAG(s) 'first_dag' retrieved from /opt/airflow/dags/first_dag.py
[2026-08-21T14:38:49.122+0000] {logging_mixin.py:190} INFO - [2026-08-21T14:38:49.122+0000] {dag.py:3239} INFO - Sync 1 DAGs
[2026-08-21T14:38:49.141+0000] {logging_mixin.py:190} INFO - [2026-08-21T14:38:49.141+0000] {dag.py:4180} INFO - Setting next_dagrun for first_dag to 2026-08-21 00:00:00+00:00, run_after=2026-08-22 00:00:00+00:00
[2026-08-21T14:38:49.157+0000] {processor.py:208} INFO - Processing /opt/airflow/dags/first_dag.py took 0.071 seconds
[2026-08-21T14:39:19.241+0000] {processor.py:186} INFO - Started process (PID=2013) to work on /opt/airflow/dags/first_dag.py
[2026-08-21T14:39:19.248+0000] {processor.py:914} INFO - Processing file /opt/airflow/dags/first_dag.py for tasks to queue
[2026-08-21T14:39:19.249+0000] {logging_mixin.py:190} INFO - [2026-08-21T14:39:19.249+0000] {dagbag.py:588} INFO - Filling up the DagBag from /opt/airflow/dags/first_dag.py
[2026-08-21T14:39:19.257+0000] {processor.py:925} INFO - DAG(s) 'first_dag' retrieved from /opt/airflow/dags/first_dag.py
[2026-08-21T14:39:19.278+0000] {logging_mixin.py:190} INFO - [2026-08-21T14:39:19.277+0000] {dag.py:3239} INFO - Sync 1 DAGs
[2026-08-21T14:39:19.297+0000] {logging_mixin.py:190} INFO - [2026-08-21T14:39:19.297+0000] {dag.py:4180} INFO - Setting next_dagrun for first_dag to 2026-08-21 00:00:00+00:00, run_after=2026-08-22 00:00:00+00:00
[2026-08-21T14:39:19.312+0000] {processor.py:208} INFO - Processing /opt/airflow/dags/first_dag.py took 0.075 seconds
[2026-08-21T14:39:49.397+0000] {processor.py:186} INFO - Started process (PID=2020) to work on /opt/airflow/dags/first_dag.py
[2026-08-21T14:39:49.398+0000] {processor.py:914} INFO - Processing file /opt/airflow/dags/first_dag.py for tasks to queue
[2026-08-21T14:39:49.398+0000] {logging_mixin.py:190} INFO - [2026-08-21T14:39:49.398+0000] {dagbag.py:588} INFO - Filling up the DagBag from /opt/airflow/dags/first_dag.py
[2026-08-21T14:39:49.407+0000] {processor.py:925} INFO - DAG(s) 'first_dag' retrieved from /opt/airflow/dags/first_dag.py
[2026-08-21T14:39:49.426+0000] {logging_mixin.py:190} INFO - [2026-08-21T14:39:49.426+0000] {dag.py:3239} INFO - Sync 1 DAGs
[2026-08-21T14:39:49.446+0000] {logging_mixin.py:190} INFO - [2026-08-21T14:39:49.445+0000] {dag.py:4180} INFO - Setting next_dagrun for first_dag to 2026-08-21 00:00:00+00:00, run_after=2026-08-22 00:00:00+00:00
[2026-08-21T14:39:49.460+0000] {processor.py:208} INFO - Processing /opt/airflow/dags/first_dag.py took 0.067 seconds
[2026-08-21T14:40:19.565+0000] {processor.py:186} INFO - Started process (PID=2027) to work on /opt/airflow/dags/first_dag.py
[2026-08-21T14:40:19.566+0000] {processor.py:914} INFO - Processing file /opt/airflow/dags/first_dag.py for tasks to queue
[2026-08-21T14:40:19.567+0000] {logging_mixin.py:190} INFO - [2026-08-21T14:40:19.567+0000] {dagbag.py:588} INFO - Filling up the DagBag from /opt/airflow/dags/first_dag.py
[2026-08-21T14:40:19.576+0000] {processor.py:925} INFO - DAG(s) 'first_dag' retrieved from /opt/airflow/dags/first_dag.py
[2026-08-21T14:40:19.598+0000] {logging_mixin.py:190} INFO - [2026-08-21T14:40:19.598+0000] {dag.py:3239} INFO - Sync 1 DAGs
[2026-08-21T14:40:19.621+0000] {logging_mixin.py:190} INFO - [2026-08-21T14:40:19.620+0000] {dag.py:4180} INFO - Setting next_dagrun for first_dag to 2026-08-21 00:00:00+00:00, run_after=2026-08-22 00:00:00+00:00
[2026-08-21T14:40:19.637+0000] {processor.py:208} INFO - Processing /opt/airflow/dags/first_dag.py took 0.077 seconds
[2026-08-21T14:40:39.679+0000] {processor.py:186} INFO - Started process (PID=2034) to work on /opt/airflow/dags/first_dag.py
[2026-08-21T14:40:39.679+0000] {processor.py:914} INFO - Processing file /opt/airflow/dags/first_dag.py for tasks to queue
[2026-08-21T14:40:39.680+0000] {logging_mixin.py:190} INFO - [2026-08-21T14:40:39.680+0000] {dagbag.py:588} INFO - Filling up the DagBag from /opt/airflow/dags/first_dag.py
[2026-08-21T14:40:39.689+0000] {processor.py:925} INFO - DAG(s) 'first_dag' retrieved from /opt/airflow/dags/first_dag.py
[2026-08-21T14:40:39.709+0000] {logging_mixin.py:190} INFO - [2026-08-21T14:40:39.709+0000] {dag.py:3239} INFO - Sync 1 DAGs
[2026-08-21T14:40:39.728+0000] {logging_mixin.py:190} INFO - [2026-08-21T14:40:39.728+0000] {dag.py:4180} INFO - Setting next_dagrun for first_dag to 2026-08-21 00:00:00+00:00, run_after=2026-08-22 00:00:00+00:00
[2026-08-21T14:40:39.743+0000] {processor.py:208} INFO - Processing /opt/airflow/dags/first_dag.py took 0.069 seconds
[2026-08-21T14:40:41.739+0000] {processor.py:186} INFO - Started process (PID=2035) to work on /opt/airflow/dags/first_dag.py
[2026-08-21T14:40:41.740+0000] {processor.py:914} INFO - Processing file /opt/airflow/dags/first_dag.py for tasks to queue
[2026-08-21T14:40:41.741+0000] {logging_mixin.py:190} INFO - [2026-08-21T14:40:41.741+0000] {dagbag.py:588} INFO - Filling up the DagBag from /opt/airflow/dags/first_dag.py
[2026-08-21T14:40:41.743+0000] {logging_mixin.py:190} INFO - [2026-08-21T14:40:41.743+0000] {dagbag.py:387} ERROR - Failed to import: /opt/airflow/dags/first_dag.py
Traceback (most recent call last):
  File "/home/airflow/.local/lib/python3.12/site-packages/airflow/models/dagbag.py", line 383, in parse
    loader.exec_module(new_module)
  File "<frozen importlib._bootstrap_external>", line 995, in exec_module
  File "<frozen importlib._bootstrap_external>", line 1133, in get_code
  File "<frozen importlib._bootstrap_external>", line 1063, in source_to_code
  File "<frozen importlib._bootstrap>", line 488, in _call_with_frames_removed
  File "/opt/airflow/dags/first_dag.py", line 4
    from 
         ^
SyntaxError: invalid syntax
[2026-08-21T14:40:41.744+0000] {processor.py:927} WARNING - No viable dags retrieved from /opt/airflow/dags/first_dag.py
[2026-08-21T14:40:41.760+0000] {processor.py:208} INFO - Processing /opt/airflow/dags/first_dag.py took 0.025 seconds
[2026-08-21T14:40:44.788+0000] {processor.py:186} INFO - Started process (PID=2036) to work on /opt/airflow/dags/first_dag.py
[2026-08-21T14:40:44.788+0000] {processor.py:914} INFO - Processing file /opt/airflow/dags/first_dag.py for tasks to queue
[2026-08-21T14:40:44.789+0000] {logging_mixin.py:190} INFO - [2026-08-21T14:40:44.789+0000] {dagbag.py:588} INFO - Filling up the DagBag from /opt/airflow/dags/first_dag.py
[2026-08-21T14:40:44.791+0000] {logging_mixin.py:190} INFO - [2026-08-21T14:40:44.790+0000] {dagbag.py:387} ERROR - Failed to import: /opt/airflow/dags/first_dag.py
Traceback (most recent call last):
  File "/home/airflow/.local/lib/python3.12/site-packages/airflow/models/dagbag.py", line 383, in parse
    loader.exec_module(new_module)
  File "<frozen importlib._bootstrap_external>", line 995, in exec_module
  File "<frozen importlib._bootstrap_external>", line 1133, in get_code
  File "<frozen importlib._bootstrap_external>", line 1063, in source_to_code
  File "<frozen importlib._bootstrap>", line 488, in _call_with_frames_removed
  File "/opt/airflow/dags/first_dag.py", line 4
    from a
          ^
SyntaxError: invalid syntax
[2026-08-21T14:40:44.792+0000] {processor.py:927} WARNING - No viable dags retrieved from /opt/airflow/dags/first_dag.py
[2026-08-21T14:40:44.806+0000] {processor.py:208} INFO - Processing /opt/airflow/dags/first_dag.py took 0.022 seconds
[2026-08-21T14:40:45.806+0000] {processor.py:186} INFO - Started process (PID=2037) to work on /opt/airflow/dags/first_dag.py
[2026-08-21T14:40:45.807+0000] {processor.py:914} INFO - Processing file /opt/airflow/dags/first_dag.py for tasks to queue
[2026-08-21T14:40:45.807+0000] {logging_mixin.py:190} INFO - [2026-08-21T14:40:45.807+0000] {dagbag.py:588} INFO - Filling up the DagBag from /opt/airflow/dags/first_dag.py
[2026-08-21T14:40:45.811+0000] {logging_mixin.py:190} INFO - [2026-08-21T14:40:45.809+0000] {dagbag.py:387} ERROR - Failed to import: /opt/airflow/dags/first_dag.py
Traceback (most recent call last):
  File "/home/airflow/.local/lib/python3.12/site-packages/airflow/models/dagbag.py", line 383, in parse
    loader.exec_module(new_module)
  File "<frozen importlib._bootstrap_external>", line 995, in exec_module
  File "<frozen importlib._bootstrap_external>", line 1133, in get_code
  File "<frozen importlib._bootstrap_external>", line 1063, in source_to_code
  File "<frozen importlib._bootstrap>", line 488, in _call_with_frames_removed
  File "/opt/airflow/dags/first_dag.py", line 4
    from 
         ^
SyntaxError: invalid syntax
[2026-08-21T14:40:45.811+0000] {processor.py:927} WARNING - No viable dags retrieved from /opt/airflow/dags/first_dag.py
[2026-08-21T14:40:45.825+0000] {processor.py:208} INFO - Processing /opt/airflow/dags/first_dag.py took 0.024 seconds
[2026-08-21T14:41:04.911+0000] {processor.py:186} INFO - Started process (PID=2038) to work on /opt/airflow/dags/first_dag.py
[2026-08-21T14:41:04.918+0000] {processor.py:914} INFO - Processing file /opt/airflow/dags/first_dag.py for tasks to queue
[2026-08-21T14:41:04.919+0000] {logging_mixin.py:190} INFO - [2026-08-21T14:41:04.919+0000] {dagbag.py:588} INFO - Filling up the DagBag from /opt/airflow/dags/first_dag.py
[2026-08-21T14:41:04.929+0000] {processor.py:925} INFO - DAG(s) 'first_dag' retrieved from /opt/airflow/dags/first_dag.py
[2026-08-21T14:41:04.948+0000] {logging_mixin.py:190} INFO - [2026-08-21T14:41:04.948+0000] {dag.py:3239} INFO - Sync 1 DAGs
[2026-08-21T14:41:04.968+0000] {logging_mixin.py:190} INFO - [2026-08-21T14:41:04.967+0000] {dag.py:4180} INFO - Setting next_dagrun for first_dag to 2026-08-21 00:00:00+00:00, run_after=2026-08-22 00:00:00+00:00
[2026-08-21T14:41:04.984+0000] {processor.py:208} INFO - Processing /opt/airflow/dags/first_dag.py took 0.076 seconds
[2026-08-21T14:41:12.959+0000] {processor.py:186} INFO - Started process (PID=2045) to work on /opt/airflow/dags/first_dag.py
[2026-08-21T14:41:12.959+0000] {processor.py:914} INFO - Processing file /opt/airflow/dags/first_dag.py for tasks to queue
[2026-08-21T14:41:12.961+0000] {logging_mixin.py:190} INFO - [2026-08-21T14:41:12.961+0000] {dagbag.py:588} INFO - Filling up the DagBag from /opt/airflow/dags/first_dag.py
[2026-08-21T14:41:12.969+0000] {processor.py:925} INFO - DAG(s) 'first_dag' retrieved from /opt/airflow/dags/first_dag.py
[2026-08-21T14:41:12.989+0000] {logging_mixin.py:190} INFO - [2026-08-21T14:41:12.989+0000] {dag.py:3239} INFO - Sync 1 DAGs
[2026-08-21T14:41:13.008+0000] {logging_mixin.py:190} INFO - [2026-08-21T14:41:13.008+0000] {dag.py:4180} INFO - Setting next_dagrun for first_dag to 2026-08-21 00:00:00+00:00, run_after=2026-08-22 00:00:00+00:00
[2026-08-21T14:41:13.024+0000] {processor.py:208} INFO - Processing /opt/airflow/dags/first_dag.py took 0.070 seconds
[2026-08-21T14:41:15.044+0000] {processor.py:186} INFO - Started process (PID=2046) to work on /opt/airflow/dags/first_dag.py
[2026-08-21T14:41:15.045+0000] {processor.py:914} INFO - Processing file /opt/airflow/dags/first_dag.py for tasks to queue
[2026-08-21T14:41:15.046+0000] {logging_mixin.py:190} INFO - [2026-08-21T14:41:15.045+0000] {dagbag.py:588} INFO - Filling up the DagBag from /opt/airflow/dags/first_dag.py
[2026-08-21T14:41:15.056+0000] {processor.py:925} INFO - DAG(s) 'first_dag' retrieved from /opt/airflow/dags/first_dag.py
[2026-08-21T14:41:15.078+0000] {logging_mixin.py:190} INFO - [2026-08-21T14:41:15.078+0000] {dag.py:3239} INFO - Sync 1 DAGs
[2026-08-21T14:41:15.098+0000] {logging_mixin.py:190} INFO - [2026-08-21T14:41:15.098+0000] {dag.py:4180} INFO - Setting next_dagrun for first_dag to 2026-08-21 00:00:00+00:00, run_after=2026-08-22 00:00:00+00:00
[2026-08-21T14:41:15.114+0000] {processor.py:208} INFO - Processing /opt/airflow/dags/first_dag.py took 0.075 seconds
[2026-08-21T14:41:20.082+0000] {processor.py:186} INFO - Started process (PID=2047) to work on /opt/airflow/dags/first_dag.py
[2026-08-21T14:41:20.082+0000] {processor.py:914} INFO - Processing file /opt/airflow/dags/first_dag.py for tasks to queue
[2026-08-21T14:41:20.083+0000] {logging_mixin.py:190} INFO - [2026-08-21T14:41:20.083+0000] {dagbag.py:588} INFO - Filling up the DagBag from /opt/airflow/dags/first_dag.py
[2026-08-21T14:41:20.086+0000] {logging_mixin.py:190} INFO - [2026-08-21T14:41:20.085+0000] {dagbag.py:387} ERROR - Failed to import: /opt/airflow/dags/first_dag.py
Traceback (most recent call last):
  File "/home/airflow/.local/lib/python3.12/site-packages/airflow/models/dagbag.py", line 383, in parse
    loader.exec_module(new_module)
  File "<frozen importlib._bootstrap_external>", line 999, in exec_module
  File "<frozen importlib._bootstrap>", line 488, in _call_with_frames_removed
  File "/opt/airflow/dags/first_dag.py", line 2, in <module>
    from datetime import datetime, tim
ImportError: cannot import name 'tim' from 'datetime' (/usr/local/lib/python3.12/datetime.py). Did you mean: 'time'?
[2026-08-21T14:41:20.086+0000] {processor.py:927} WARNING - No viable dags retrieved from /opt/airflow/dags/first_dag.py
[2026-08-21T14:41:20.101+0000] {processor.py:208} INFO - Processing /opt/airflow/dags/first_dag.py took 0.024 seconds
[2026-08-21T14:41:21.093+0000] {processor.py:186} INFO - Started process (PID=2048) to work on /opt/airflow/dags/first_dag.py
[2026-08-21T14:41:21.093+0000] {processor.py:914} INFO - Processing file /opt/airflow/dags/first_dag.py for tasks to queue
[2026-08-21T14:41:21.094+0000] {logging_mixin.py:190} INFO - [2026-08-21T14:41:21.094+0000] {dagbag.py:588} INFO - Filling up the DagBag from /opt/airflow/dags/first_dag.py
[2026-08-21T14:41:21.103+0000] {processor.py:925} INFO - DAG(s) 'first_dag' retrieved from /opt/airflow/dags/first_dag.py
[2026-08-21T14:41:21.125+0000] {logging_mixin.py:190} INFO - [2026-08-21T14:41:21.125+0000] {dag.py:3239} INFO - Sync 1 DAGs
[2026-08-21T14:41:21.143+0000] {logging_mixin.py:190} INFO - [2026-08-21T14:41:21.143+0000] {dag.py:4180} INFO - Setting next_dagrun for first_dag to 2026-08-21 00:00:00+00:00, run_after=2026-08-22 00:00:00+00:00
[2026-08-21T14:41:21.159+0000] {processor.py:208} INFO - Processing /opt/airflow/dags/first_dag.py took 0.071 seconds
[2026-08-21T14:41:51.355+0000] {processor.py:186} INFO - Started process (PID=2055) to work on /opt/airflow/dags/first_dag.py
[2026-08-21T14:41:51.356+0000] {processor.py:914} INFO - Processing file /opt/airflow/dags/first_dag.py for tasks to queue
[2026-08-21T14:41:51.357+0000] {logging_mixin.py:190} INFO - [2026-08-21T14:41:51.357+0000] {dagbag.py:588} INFO - Filling up the DagBag from /opt/airflow/dags/first_dag.py
[2026-08-21T14:41:51.365+0000] {processor.py:925} INFO - DAG(s) 'first_dag' retrieved from /opt/airflow/dags/first_dag.py
[2026-08-21T14:41:51.385+0000] {logging_mixin.py:190} INFO - [2026-08-21T14:41:51.385+0000] {dag.py:3239} INFO - Sync 1 DAGs
[2026-08-21T14:41:51.404+0000] {logging_mixin.py:190} INFO - [2026-08-21T14:41:51.404+0000] {dag.py:4180} INFO - Setting next_dagrun for first_dag to 2026-08-21 00:00:00+00:00, run_after=2026-08-22 00:00:00+00:00
[2026-08-21T14:41:51.420+0000] {processor.py:208} INFO - Processing /opt/airflow/dags/first_dag.py took 0.070 seconds
[2026-08-21T14:42:21.491+0000] {processor.py:186} INFO - Started process (PID=2062) to work on /opt/airflow/dags/first_dag.py
[2026-08-21T14:42:21.491+0000] {processor.py:914} INFO - Processing file /opt/airflow/dags/first_dag.py for tasks to queue
[2026-08-21T14:42:21.492+0000] {logging_mixin.py:190} INFO - [2026-08-21T14:42:21.492+0000] {dagbag.py:588} INFO - Filling up the DagBag from /opt/airflow/dags/first_dag.py
[2026-08-21T14:42:21.500+0000] {processor.py:925} INFO - DAG(s) 'first_dag' retrieved from /opt/airflow/dags/first_dag.py
[2026-08-21T14:42:21.521+0000] {logging_mixin.py:190} INFO - [2026-08-21T14:42:21.521+0000] {dag.py:3239} INFO - Sync 1 DAGs
[2026-08-21T14:42:21.542+0000] {logging_mixin.py:190} INFO - [2026-08-21T14:42:21.542+0000] {dag.py:4180} INFO - Setting next_dagrun for first_dag to 2026-08-21 00:00:00+00:00, run_after=2026-08-22 00:00:00+00:00
[2026-08-21T14:42:21.557+0000] {processor.py:208} INFO - Processing /opt/airflow/dags/first_dag.py took 0.071 seconds
[2026-08-21T14:42:51.666+0000] {processor.py:186} INFO - Started process (PID=2069) to work on /opt/airflow/dags/first_dag.py
[2026-08-21T14:42:51.673+0000] {processor.py:914} INFO - Processing file /opt/airflow/dags/first_dag.py for tasks to queue
[2026-08-21T14:42:51.674+0000] {logging_mixin.py:190} INFO - [2026-08-21T14:42:51.674+0000] {dagbag.py:588} INFO - Filling up the DagBag from /opt/airflow/dags/first_dag.py
[2026-08-21T14:42:51.682+0000] {processor.py:925} INFO - DAG(s) 'first_dag' retrieved from /opt/airflow/dags/first_dag.py
[2026-08-21T14:42:51.702+0000] {logging_mixin.py:190} INFO - [2026-08-21T14:42:51.702+0000] {dag.py:3239} INFO - Sync 1 DAGs
[2026-08-21T14:42:51.721+0000] {logging_mixin.py:190} INFO - [2026-08-21T14:42:51.721+0000] {dag.py:4180} INFO - Setting next_dagrun for first_dag to 2026-08-21 00:00:00+00:00, run_after=2026-08-22 00:00:00+00:00
[2026-08-21T14:42:51.734+0000] {processor.py:208} INFO - Processing /opt/airflow/dags/first_dag.py took 0.073 seconds
[2026-08-21T14:43:21.807+0000] {processor.py:186} INFO - Started process (PID=2076) to work on /opt/airflow/dags/first_dag.py
[2026-08-21T14:43:21.808+0000] {processor.py:914} INFO - Processing file /opt/airflow/dags/first_dag.py for tasks to queue
[2026-08-21T14:43:21.808+0000] {logging_mixin.py:190} INFO - [2026-08-21T14:43:21.808+0000] {dagbag.py:588} INFO - Filling up the DagBag from /opt/airflow/dags/first_dag.py
[2026-08-21T14:43:21.817+0000] {processor.py:925} INFO - DAG(s) 'first_dag' retrieved from /opt/airflow/dags/first_dag.py
[2026-08-21T14:43:21.838+0000] {logging_mixin.py:190} INFO - [2026-08-21T14:43:21.838+0000] {dag.py:3239} INFO - Sync 1 DAGs
[2026-08-21T14:43:21.858+0000] {logging_mixin.py:190} INFO - [2026-08-21T14:43:21.858+0000] {dag.py:4180} INFO - Setting next_dagrun for first_dag to 2026-08-21 00:00:00+00:00, run_after=2026-08-22 00:00:00+00:00
[2026-08-21T14:43:21.872+0000] {processor.py:208} INFO - Processing /opt/airflow/dags/first_dag.py took 0.070 seconds
[2026-08-21T14:43:51.978+0000] {processor.py:186} INFO - Started process (PID=2083) to work on /opt/airflow/dags/first_dag.py
[2026-08-21T14:43:51.984+0000] {processor.py:914} INFO - Processing file /opt/airflow/dags/first_dag.py for tasks to queue
[2026-08-21T14:43:51.985+0000] {logging_mixin.py:190} INFO - [2026-08-21T14:43:51.985+0000] {dagbag.py:588} INFO - Filling up the DagBag from /opt/airflow/dags/first_dag.py
[2026-08-21T14:43:51.993+0000] {processor.py:925} INFO - DAG(s) 'first_dag' retrieved from /opt/airflow/dags/first_dag.py
[2026-08-21T14:43:52.012+0000] {logging_mixin.py:190} INFO - [2026-08-21T14:43:52.012+0000] {dag.py:3239} INFO - Sync 1 DAGs
[2026-08-21T14:43:52.031+0000] {logging_mixin.py:190} INFO - [2026-08-21T14:43:52.030+0000] {dag.py:4180} INFO - Setting next_dagrun for first_dag to 2026-08-21 00:00:00+00:00, run_after=2026-08-22 00:00:00+00:00
[2026-08-21T14:43:52.044+0000] {processor.py:208} INFO - Processing /opt/airflow/dags/first_dag.py took 0.071 seconds
[2026-08-21T14:44:22.113+0000] {processor.py:186} INFO - Started process (PID=2090) to work on /opt/airflow/dags/first_dag.py
[2026-08-21T14:44:22.113+0000] {processor.py:914} INFO - Processing file /opt/airflow/dags/first_dag.py for tasks to queue
[2026-08-21T14:44:22.114+0000] {logging_mixin.py:190} INFO - [2026-08-21T14:44:22.114+0000] {dagbag.py:588} INFO - Filling up the DagBag from /opt/airflow/dags/first_dag.py
[2026-08-21T14:44:22.122+0000] {processor.py:925} INFO - DAG(s) 'first_dag' retrieved from /opt/airflow/dags/first_dag.py
[2026-08-21T14:44:22.143+0000] {logging_mixin.py:190} INFO - [2026-08-21T14:44:22.143+0000] {dag.py:3239} INFO - Sync 1 DAGs
[2026-08-21T14:44:22.162+0000] {logging_mixin.py:190} INFO - [2026-08-21T14:44:22.161+0000] {dag.py:4180} INFO - Setting next_dagrun for first_dag to 2026-08-21 00:00:00+00:00, run_after=2026-08-22 00:00:00+00:00
[2026-08-21T14:44:22.176+0000] {processor.py:208} INFO - Processing /opt/airflow/dags/first_dag.py took 0.068 seconds
[2026-08-21T14:44:52.290+0000] {processor.py:186} INFO - Started process (PID=2097) to work on /opt/airflow/dags/first_dag.py
[2026-08-21T14:44:52.297+0000] {processor.py:914} INFO - Processing file /opt/airflow/dags/first_dag.py for tasks to queue
[2026-08-21T14:44:52.298+0000] {logging_mixin.py:190} INFO - [2026-08-21T14:44:52.298+0000] {dagbag.py:588} INFO - Filling up the DagBag from /opt/airflow/dags/first_dag.py
[2026-08-21T14:44:52.306+0000] {processor.py:925} INFO - DAG(s) 'first_dag' retrieved from /opt/airflow/dags/first_dag.py
[2026-08-21T14:44:52.326+0000] {logging_mixin.py:190} INFO - [2026-08-21T14:44:52.326+0000] {dag.py:3239} INFO - Sync 1 DAGs
[2026-08-21T14:44:52.346+0000] {logging_mixin.py:190} INFO - [2026-08-21T14:44:52.346+0000] {dag.py:4180} INFO - Setting next_dagrun for first_dag to 2026-08-21 00:00:00+00:00, run_after=2026-08-22 00:00:00+00:00
[2026-08-21T14:44:52.360+0000] {processor.py:208} INFO - Processing /opt/airflow/dags/first_dag.py took 0.074 seconds
[2026-08-21T14:45:22.438+0000] {processor.py:186} INFO - Started process (PID=2104) to work on /opt/airflow/dags/first_dag.py
[2026-08-21T14:45:22.438+0000] {processor.py:914} INFO - Processing file /opt/airflow/dags/first_dag.py for tasks to queue
[2026-08-21T14:45:22.439+0000] {logging_mixin.py:190} INFO - [2026-08-21T14:45:22.439+0000] {dagbag.py:588} INFO - Filling up the DagBag from /opt/airflow/dags/first_dag.py
[2026-08-21T14:45:22.447+0000] {processor.py:925} INFO - DAG(s) 'first_dag' retrieved from /opt/airflow/dags/first_dag.py
[2026-08-21T14:45:22.468+0000] {logging_mixin.py:190} INFO - [2026-08-21T14:45:22.467+0000] {dag.py:3239} INFO - Sync 1 DAGs
[2026-08-21T14:45:22.490+0000] {logging_mixin.py:190} INFO - [2026-08-21T14:45:22.490+0000] {dag.py:4180} INFO - Setting next_dagrun for first_dag to 2026-08-21 00:00:00+00:00, run_after=2026-08-22 00:00:00+00:00
[2026-08-21T14:45:22.506+0000] {processor.py:208} INFO - Processing /opt/airflow/dags/first_dag.py took 0.074 seconds
[2026-08-21T14:45:47.593+0000] {processor.py:186} INFO - Started process (PID=2111) to work on /opt/airflow/dags/first_dag.py
[2026-08-21T14:45:47.594+0000] {processor.py:914} INFO - Processing file /opt/airflow/dags/first_dag.py for tasks to queue
[2026-08-21T14:45:47.595+0000] {logging_mixin.py:190} INFO - [2026-08-21T14:45:47.595+0000] {dagbag.py:588} INFO - Filling up the DagBag from /opt/airflow/dags/first_dag.py
[2026-08-21T14:45:47.603+0000] {processor.py:925} INFO - DAG(s) 'first_dag' retrieved from /opt/airflow/dags/first_dag.py
[2026-08-21T14:45:47.627+0000] {logging_mixin.py:190} INFO - [2026-08-21T14:45:47.627+0000] {dag.py:3239} INFO - Sync 1 DAGs
[2026-08-21T14:45:47.648+0000] {logging_mixin.py:190} INFO - [2026-08-21T14:45:47.648+0000] {dag.py:4180} INFO - Setting next_dagrun for first_dag to 2026-08-21 00:00:00+00:00, run_after=2026-08-22 00:00:00+00:00
[2026-08-21T14:45:47.665+0000] {processor.py:208} INFO - Processing /opt/airflow/dags/first_dag.py took 0.076 seconds
[2026-08-21T14:45:50.634+0000] {processor.py:186} INFO - Started process (PID=2112) to work on /opt/airflow/dags/first_dag.py
[2026-08-21T14:45:50.634+0000] {processor.py:914} INFO - Processing file /opt/airflow/dags/first_dag.py for tasks to queue
[2026-08-21T14:45:50.635+0000] {logging_mixin.py:190} INFO - [2026-08-21T14:45:50.635+0000] {dagbag.py:588} INFO - Filling up the DagBag from /opt/airflow/dags/first_dag.py
[2026-08-21T14:45:50.638+0000] {logging_mixin.py:190} INFO - [2026-08-21T14:45:50.637+0000] {dagbag.py:387} ERROR - Failed to import: /opt/airflow/dags/first_dag.py
Traceback (most recent call last):
  File "/home/airflow/.local/lib/python3.12/site-packages/airflow/models/dagbag.py", line 383, in parse
    loader.exec_module(new_module)
  File "<frozen importlib._bootstrap_external>", line 995, in exec_module
  File "<frozen importlib._bootstrap_external>", line 1133, in get_code
  File "<frozen importlib._bootstrap_external>", line 1063, in source_to_code
  File "<frozen importlib._bootstrap>", line 488, in _call_with_frames_removed
  File "/opt/airflow/dags/first_dag.py", line 5
    dag1 = DAG(dag_id = "first_dag", start_date = datetime(2026,8,21), catchup = False, Schedule )
                                                                                                 ^
SyntaxError: positional argument follows keyword argument
[2026-08-21T14:45:50.638+0000] {processor.py:927} WARNING - No viable dags retrieved from /opt/airflow/dags/first_dag.py
[2026-08-21T14:45:50.654+0000] {processor.py:208} INFO - Processing /opt/airflow/dags/first_dag.py took 0.025 seconds
[2026-08-21T14:46:04.696+0000] {processor.py:186} INFO - Started process (PID=2113) to work on /opt/airflow/dags/first_dag.py
[2026-08-21T14:46:04.697+0000] {processor.py:914} INFO - Processing file /opt/airflow/dags/first_dag.py for tasks to queue
[2026-08-21T14:46:04.697+0000] {logging_mixin.py:190} INFO - [2026-08-21T14:46:04.697+0000] {dagbag.py:588} INFO - Filling up the DagBag from /opt/airflow/dags/first_dag.py
[2026-08-21T14:46:04.700+0000] {logging_mixin.py:190} INFO - [2026-08-21T14:46:04.699+0000] {dagbag.py:387} ERROR - Failed to import: /opt/airflow/dags/first_dag.py
Traceback (most recent call last):
  File "/home/airflow/.local/lib/python3.12/site-packages/airflow/models/dagbag.py", line 383, in parse
    loader.exec_module(new_module)
  File "<frozen importlib._bootstrap_external>", line 995, in exec_module
  File "<frozen importlib._bootstrap_external>", line 1133, in get_code
  File "<frozen importlib._bootstrap_external>", line 1063, in source_to_code
  File "<frozen importlib._bootstrap>", line 488, in _call_with_frames_removed
  File "/opt/airflow/dags/first_dag.py", line 5
    dag1 = DAG(dag_id = "first_dag", start_date = datetime(2026,8,21), catchup = False, schedule )
                                                                                                 ^
SyntaxError: positional argument follows keyword argument
[2026-08-21T14:46:04.701+0000] {processor.py:927} WARNING - No viable dags retrieved from /opt/airflow/dags/first_dag.py
[2026-08-21T14:46:04.715+0000] {processor.py:208} INFO - Processing /opt/airflow/dags/first_dag.py took 0.023 seconds
[2026-08-21T14:46:07.747+0000] {processor.py:186} INFO - Started process (PID=2120) to work on /opt/airflow/dags/first_dag.py
[2026-08-21T14:46:07.747+0000] {processor.py:914} INFO - Processing file /opt/airflow/dags/first_dag.py for tasks to queue
[2026-08-21T14:46:07.748+0000] {logging_mixin.py:190} INFO - [2026-08-21T14:46:07.748+0000] {dagbag.py:588} INFO - Filling up the DagBag from /opt/airflow/dags/first_dag.py
[2026-08-21T14:46:07.751+0000] {logging_mixin.py:190} INFO - [2026-08-21T14:46:07.750+0000] {dagbag.py:387} ERROR - Failed to import: /opt/airflow/dags/first_dag.py
Traceback (most recent call last):
  File "/home/airflow/.local/lib/python3.12/site-packages/airflow/models/dagbag.py", line 383, in parse
    loader.exec_module(new_module)
  File "<frozen importlib._bootstrap_external>", line 995, in exec_module
  File "<frozen importlib._bootstrap_external>", line 1133, in get_code
  File "<frozen importlib._bootstrap_external>", line 1063, in source_to_code
  File "<frozen importlib._bootstrap>", line 488, in _call_with_frames_removed
  File "/opt/airflow/dags/first_dag.py", line 5
    dag1 = DAG(dag_id = "first_dag", start_date = datetime(2026,8,21), catchup = False, schedule =  )
                                                                                        ^^^^^^^^^^
SyntaxError: expected argument value expression
[2026-08-21T14:46:07.751+0000] {processor.py:927} WARNING - No viable dags retrieved from /opt/airflow/dags/first_dag.py
[2026-08-21T14:46:07.764+0000] {processor.py:208} INFO - Processing /opt/airflow/dags/first_dag.py took 0.022 seconds
[2026-08-21T14:46:19.809+0000] {processor.py:186} INFO - Started process (PID=2121) to work on /opt/airflow/dags/first_dag.py
[2026-08-21T14:46:19.809+0000] {processor.py:914} INFO - Processing file /opt/airflow/dags/first_dag.py for tasks to queue
[2026-08-21T14:46:19.810+0000] {logging_mixin.py:190} INFO - [2026-08-21T14:46:19.810+0000] {dagbag.py:588} INFO - Filling up the DagBag from /opt/airflow/dags/first_dag.py
[2026-08-21T14:46:19.813+0000] {logging_mixin.py:190} INFO - [2026-08-21T14:46:19.812+0000] {dagbag.py:387} ERROR - Failed to import: /opt/airflow/dags/first_dag.py
Traceback (most recent call last):
  File "/home/airflow/.local/lib/python3.12/site-packages/airflow/models/dagbag.py", line 383, in parse
    loader.exec_module(new_module)
  File "<frozen importlib._bootstrap_external>", line 995, in exec_module
  File "<frozen importlib._bootstrap_external>", line 1133, in get_code
  File "<frozen importlib._bootstrap_external>", line 1063, in source_to_code
  File "<frozen importlib._bootstrap>", line 488, in _call_with_frames_removed
  File "/opt/airflow/dags/first_dag.py", line 5
    dag1 = DAG(dag_id = "first_dag", start_date = datetime(2026,8,21), catchup = False, schedule =  )
                                                                                        ^^^^^^^^^^
SyntaxError: expected argument value expression
[2026-08-21T14:46:19.814+0000] {processor.py:927} WARNING - No viable dags retrieved from /opt/airflow/dags/first_dag.py
[2026-08-21T14:46:19.828+0000] {processor.py:208} INFO - Processing /opt/airflow/dags/first_dag.py took 0.024 seconds
[2026-08-21T14:46:27.869+0000] {processor.py:186} INFO - Started process (PID=2122) to work on /opt/airflow/dags/first_dag.py
[2026-08-21T14:46:27.870+0000] {processor.py:914} INFO - Processing file /opt/airflow/dags/first_dag.py for tasks to queue
[2026-08-21T14:46:27.871+0000] {logging_mixin.py:190} INFO - [2026-08-21T14:46:27.871+0000] {dagbag.py:588} INFO - Filling up the DagBag from /opt/airflow/dags/first_dag.py
[2026-08-21T14:46:27.877+0000] {logging_mixin.py:190} INFO - [2026-08-21T14:46:27.875+0000] {dagbag.py:387} ERROR - Failed to import: /opt/airflow/dags/first_dag.py
Traceback (most recent call last):
  File "/home/airflow/.local/lib/python3.12/site-packages/airflow/models/dagbag.py", line 383, in parse
    loader.exec_module(new_module)
  File "<frozen importlib._bootstrap_external>", line 999, in exec_module
  File "<frozen importlib._bootstrap>", line 488, in _call_with_frames_removed
  File "/opt/airflow/dags/first_dag.py", line 5, in <module>
    dag1 = DAG(dag_id = "first_dag", start_date = datetime(2026,8,21), catchup = False, schedule = timedelta )
           ^^^^^^^^^^^^^^^^^^^^^^^^^^^^^^^^^^^^^^^^^^^^^^^^^^^^^^^^^^^^^^^^^^^^^^^^^^^^^^^^^^^^^^^^^^^^^^^^^^^
  File "/home/airflow/.local/lib/python3.12/site-packages/airflow/models/dag.py", line 698, in __init__
    self.timetable = create_timetable(schedule, self.timezone)
                     ^^^^^^^^^^^^^^^^^^^^^^^^^^^^^^^^^^^^^^^^^
  File "/home/airflow/.local/lib/python3.12/site-packages/airflow/models/dag.py", line 249, in create_timetable
    raise ValueError(f"{interval!r} is not a valid schedule_interval.")
ValueError: <class 'datetime.timedelta'> is not a valid schedule_interval.
[2026-08-21T14:46:27.877+0000] {processor.py:927} WARNING - No viable dags retrieved from /opt/airflow/dags/first_dag.py
[2026-08-21T14:46:27.891+0000] {processor.py:208} INFO - Processing /opt/airflow/dags/first_dag.py took 0.027 seconds
[2026-08-21T14:46:42.950+0000] {processor.py:186} INFO - Started process (PID=2129) to work on /opt/airflow/dags/first_dag.py
[2026-08-21T14:46:42.950+0000] {processor.py:914} INFO - Processing file /opt/airflow/dags/first_dag.py for tasks to queue
[2026-08-21T14:46:42.951+0000] {logging_mixin.py:190} INFO - [2026-08-21T14:46:42.951+0000] {dagbag.py:588} INFO - Filling up the DagBag from /opt/airflow/dags/first_dag.py
[2026-08-21T14:46:42.959+0000] {logging_mixin.py:190} INFO - [2026-08-21T14:46:42.957+0000] {dagbag.py:484} ERROR - Failed to bag_dag: /opt/airflow/dags/first_dag.py
Traceback (most recent call last):
  File "/home/airflow/.local/lib/python3.12/site-packages/airflow/models/dagbag.py", line 479, in _process_modules
    dag.validate()
  File "/home/airflow/.local/lib/python3.12/site-packages/airflow/models/dag.py", line 845, in validate
    self.timetable.validate()
  File "/home/airflow/.local/lib/python3.12/site-packages/airflow/timetables/_delta.py", line 44, in validate
    raise AirflowTimetableInvalid(f"schedule interval must be positive, not {self._delta!r}")
airflow.exceptions.AirflowTimetableInvalid: schedule interval must be positive, not datetime.timedelta(0)
[2026-08-21T14:46:42.959+0000] {processor.py:927} WARNING - No viable dags retrieved from /opt/airflow/dags/first_dag.py
[2026-08-21T14:46:42.972+0000] {processor.py:208} INFO - Processing /opt/airflow/dags/first_dag.py took 0.027 seconds
[2026-08-21T14:46:46.986+0000] {processor.py:186} INFO - Started process (PID=2130) to work on /opt/airflow/dags/first_dag.py
[2026-08-21T14:46:46.987+0000] {processor.py:914} INFO - Processing file /opt/airflow/dags/first_dag.py for tasks to queue
[2026-08-21T14:46:46.988+0000] {logging_mixin.py:190} INFO - [2026-08-21T14:46:46.988+0000] {dagbag.py:588} INFO - Filling up the DagBag from /opt/airflow/dags/first_dag.py
[2026-08-21T14:46:46.991+0000] {logging_mixin.py:190} INFO - [2026-08-21T14:46:46.990+0000] {dagbag.py:387} ERROR - Failed to import: /opt/airflow/dags/first_dag.py
Traceback (most recent call last):
  File "/home/airflow/.local/lib/python3.12/site-packages/airflow/models/dagbag.py", line 383, in parse
    loader.exec_module(new_module)
  File "<frozen importlib._bootstrap_external>", line 999, in exec_module
  File "<frozen importlib._bootstrap>", line 488, in _call_with_frames_removed
  File "/opt/airflow/dags/first_dag.py", line 5, in <module>
    dag1 = DAG(dag_id = "first_dag", start_date = datetime(2026,8,21), catchup = False, schedule = timedelta(min) )
                                                                                                   ^^^^^^^^^^^^^^
TypeError: unsupported type for timedelta days component: builtin_function_or_method
[2026-08-21T14:46:46.992+0000] {processor.py:927} WARNING - No viable dags retrieved from /opt/airflow/dags/first_dag.py
[2026-08-21T14:46:47.007+0000] {processor.py:208} INFO - Processing /opt/airflow/dags/first_dag.py took 0.026 seconds
[2026-08-21T14:46:51.029+0000] {processor.py:186} INFO - Started process (PID=2131) to work on /opt/airflow/dags/first_dag.py
[2026-08-21T14:46:51.030+0000] {processor.py:914} INFO - Processing file /opt/airflow/dags/first_dag.py for tasks to queue
[2026-08-21T14:46:51.030+0000] {logging_mixin.py:190} INFO - [2026-08-21T14:46:51.030+0000] {dagbag.py:588} INFO - Filling up the DagBag from /opt/airflow/dags/first_dag.py
[2026-08-21T14:46:51.034+0000] {logging_mixin.py:190} INFO - [2026-08-21T14:46:51.032+0000] {dagbag.py:387} ERROR - Failed to import: /opt/airflow/dags/first_dag.py
Traceback (most recent call last):
  File "/home/airflow/.local/lib/python3.12/site-packages/airflow/models/dagbag.py", line 383, in parse
    loader.exec_module(new_module)
  File "<frozen importlib._bootstrap_external>", line 999, in exec_module
  File "<frozen importlib._bootstrap>", line 488, in _call_with_frames_removed
  File "/opt/airflow/dags/first_dag.py", line 5, in <module>
    dag1 = DAG(dag_id = "first_dag", start_date = datetime(2026,8,21), catchup = False, schedule = timedelta(minutes) )
                                                                                                             ^^^^^^^
NameError: name 'minutes' is not defined
[2026-08-21T14:46:51.036+0000] {processor.py:927} WARNING - No viable dags retrieved from /opt/airflow/dags/first_dag.py
[2026-08-21T14:46:51.051+0000] {processor.py:208} INFO - Processing /opt/airflow/dags/first_dag.py took 0.027 seconds
[2026-08-21T14:46:57.072+0000] {processor.py:186} INFO - Started process (PID=2132) to work on /opt/airflow/dags/first_dag.py
[2026-08-21T14:46:57.073+0000] {processor.py:914} INFO - Processing file /opt/airflow/dags/first_dag.py for tasks to queue
[2026-08-21T14:46:57.074+0000] {logging_mixin.py:190} INFO - [2026-08-21T14:46:57.073+0000] {dagbag.py:588} INFO - Filling up the DagBag from /opt/airflow/dags/first_dag.py
[2026-08-21T14:46:57.083+0000] {processor.py:925} INFO - DAG(s) 'first_dag' retrieved from /opt/airflow/dags/first_dag.py
[2026-08-21T14:46:57.171+0000] {logging_mixin.py:190} INFO - [2026-08-21T14:46:57.171+0000] {dag.py:3239} INFO - Sync 1 DAGs
[2026-08-21T14:46:57.187+0000] {logging_mixin.py:190} INFO - [2026-08-21T14:46:57.187+0000] {dag.py:4180} INFO - Setting next_dagrun for first_dag to 2026-08-21 14:45:00+00:00, run_after=2026-08-21 14:46:00+00:00
[2026-08-21T14:46:57.213+0000] {processor.py:208} INFO - Processing /opt/airflow/dags/first_dag.py took 0.145 seconds
[2026-08-21T14:47:08.278+0000] {processor.py:186} INFO - Started process (PID=2139) to work on /opt/airflow/dags/first_dag.py
[2026-08-21T14:47:08.279+0000] {processor.py:914} INFO - Processing file /opt/airflow/dags/first_dag.py for tasks to queue
[2026-08-21T14:47:08.280+0000] {logging_mixin.py:190} INFO - [2026-08-21T14:47:08.280+0000] {dagbag.py:588} INFO - Filling up the DagBag from /opt/airflow/dags/first_dag.py
[2026-08-21T14:47:08.289+0000] {processor.py:925} INFO - DAG(s) 'first_dag' retrieved from /opt/airflow/dags/first_dag.py
[2026-08-21T14:47:08.299+0000] {logging_mixin.py:190} INFO - [2026-08-21T14:47:08.299+0000] {dag.py:3239} INFO - Sync 1 DAGs
[2026-08-21T14:47:08.319+0000] {logging_mixin.py:190} INFO - [2026-08-21T14:47:08.319+0000] {dag.py:4180} INFO - Setting next_dagrun for first_dag to 2026-08-21 14:47:00+00:00, run_after=2026-08-21 14:48:00+00:00
[2026-08-21T14:47:08.336+0000] {processor.py:208} INFO - Processing /opt/airflow/dags/first_dag.py took 0.063 seconds
[2026-08-21T14:47:38.400+0000] {processor.py:186} INFO - Started process (PID=2146) to work on /opt/airflow/dags/first_dag.py
[2026-08-21T14:47:38.401+0000] {processor.py:914} INFO - Processing file /opt/airflow/dags/first_dag.py for tasks to queue
[2026-08-21T14:47:38.402+0000] {logging_mixin.py:190} INFO - [2026-08-21T14:47:38.401+0000] {dagbag.py:588} INFO - Filling up the DagBag from /opt/airflow/dags/first_dag.py
[2026-08-21T14:47:38.410+0000] {processor.py:925} INFO - DAG(s) 'first_dag' retrieved from /opt/airflow/dags/first_dag.py
[2026-08-21T14:47:38.430+0000] {logging_mixin.py:190} INFO - [2026-08-21T14:47:38.430+0000] {dag.py:3239} INFO - Sync 1 DAGs
[2026-08-21T14:47:38.452+0000] {logging_mixin.py:190} INFO - [2026-08-21T14:47:38.451+0000] {dag.py:4180} INFO - Setting next_dagrun for first_dag to 2026-08-21 14:47:00+00:00, run_after=2026-08-21 14:48:00+00:00
[2026-08-21T14:47:38.465+0000] {processor.py:208} INFO - Processing /opt/airflow/dags/first_dag.py took 0.069 seconds
[2026-08-21T14:48:08.582+0000] {processor.py:186} INFO - Started process (PID=2153) to work on /opt/airflow/dags/first_dag.py
[2026-08-21T14:48:08.588+0000] {processor.py:914} INFO - Processing file /opt/airflow/dags/first_dag.py for tasks to queue
[2026-08-21T14:48:08.589+0000] {logging_mixin.py:190} INFO - [2026-08-21T14:48:08.589+0000] {dagbag.py:588} INFO - Filling up the DagBag from /opt/airflow/dags/first_dag.py
[2026-08-21T14:48:08.599+0000] {processor.py:925} INFO - DAG(s) 'first_dag' retrieved from /opt/airflow/dags/first_dag.py
[2026-08-21T14:48:08.619+0000] {logging_mixin.py:190} INFO - [2026-08-21T14:48:08.619+0000] {dag.py:3239} INFO - Sync 1 DAGs
[2026-08-21T14:48:08.637+0000] {logging_mixin.py:190} INFO - [2026-08-21T14:48:08.637+0000] {dag.py:4180} INFO - Setting next_dagrun for first_dag to 2026-08-21 14:48:00+00:00, run_after=2026-08-21 14:49:00+00:00
[2026-08-21T14:48:08.651+0000] {processor.py:208} INFO - Processing /opt/airflow/dags/first_dag.py took 0.074 seconds
[2026-08-21T14:48:38.705+0000] {processor.py:186} INFO - Started process (PID=2160) to work on /opt/airflow/dags/first_dag.py
[2026-08-21T14:48:38.706+0000] {processor.py:914} INFO - Processing file /opt/airflow/dags/first_dag.py for tasks to queue
[2026-08-21T14:48:38.707+0000] {logging_mixin.py:190} INFO - [2026-08-21T14:48:38.707+0000] {dagbag.py:588} INFO - Filling up the DagBag from /opt/airflow/dags/first_dag.py
[2026-08-21T14:48:38.715+0000] {processor.py:925} INFO - DAG(s) 'first_dag' retrieved from /opt/airflow/dags/first_dag.py
[2026-08-21T14:48:38.735+0000] {logging_mixin.py:190} INFO - [2026-08-21T14:48:38.735+0000] {dag.py:3239} INFO - Sync 1 DAGs
[2026-08-21T14:48:38.754+0000] {logging_mixin.py:190} INFO - [2026-08-21T14:48:38.754+0000] {dag.py:4180} INFO - Setting next_dagrun for first_dag to 2026-08-21 14:48:00+00:00, run_after=2026-08-21 14:49:00+00:00
[2026-08-21T14:48:38.769+0000] {processor.py:208} INFO - Processing /opt/airflow/dags/first_dag.py took 0.068 seconds
[2026-08-21T14:49:08.899+0000] {processor.py:186} INFO - Started process (PID=2167) to work on /opt/airflow/dags/first_dag.py
[2026-08-21T14:49:08.906+0000] {processor.py:914} INFO - Processing file /opt/airflow/dags/first_dag.py for tasks to queue
[2026-08-21T14:49:08.906+0000] {logging_mixin.py:190} INFO - [2026-08-21T14:49:08.906+0000] {dagbag.py:588} INFO - Filling up the DagBag from /opt/airflow/dags/first_dag.py
[2026-08-21T14:49:08.916+0000] {processor.py:925} INFO - DAG(s) 'first_dag' retrieved from /opt/airflow/dags/first_dag.py
[2026-08-21T14:49:08.935+0000] {logging_mixin.py:190} INFO - [2026-08-21T14:49:08.935+0000] {dag.py:3239} INFO - Sync 1 DAGs
[2026-08-21T14:49:08.954+0000] {logging_mixin.py:190} INFO - [2026-08-21T14:49:08.953+0000] {dag.py:4180} INFO - Setting next_dagrun for first_dag to 2026-08-21 14:49:00+00:00, run_after=2026-08-21 14:50:00+00:00
[2026-08-21T14:49:08.968+0000] {processor.py:208} INFO - Processing /opt/airflow/dags/first_dag.py took 0.073 seconds
[2026-08-21T14:49:39.026+0000] {processor.py:186} INFO - Started process (PID=2174) to work on /opt/airflow/dags/first_dag.py
[2026-08-21T14:49:39.026+0000] {processor.py:914} INFO - Processing file /opt/airflow/dags/first_dag.py for tasks to queue
[2026-08-21T14:49:39.027+0000] {logging_mixin.py:190} INFO - [2026-08-21T14:49:39.027+0000] {dagbag.py:588} INFO - Filling up the DagBag from /opt/airflow/dags/first_dag.py
[2026-08-21T14:49:39.035+0000] {processor.py:925} INFO - DAG(s) 'first_dag' retrieved from /opt/airflow/dags/first_dag.py
[2026-08-21T14:49:39.057+0000] {logging_mixin.py:190} INFO - [2026-08-21T14:49:39.057+0000] {dag.py:3239} INFO - Sync 1 DAGs
[2026-08-21T14:49:39.076+0000] {logging_mixin.py:190} INFO - [2026-08-21T14:49:39.076+0000] {dag.py:4180} INFO - Setting next_dagrun for first_dag to 2026-08-21 14:49:00+00:00, run_after=2026-08-21 14:50:00+00:00
[2026-08-21T14:49:39.090+0000] {processor.py:208} INFO - Processing /opt/airflow/dags/first_dag.py took 0.069 seconds
[2026-08-21T14:50:09.220+0000] {processor.py:186} INFO - Started process (PID=2181) to work on /opt/airflow/dags/first_dag.py
[2026-08-21T14:50:09.227+0000] {processor.py:914} INFO - Processing file /opt/airflow/dags/first_dag.py for tasks to queue
[2026-08-21T14:50:09.228+0000] {logging_mixin.py:190} INFO - [2026-08-21T14:50:09.228+0000] {dagbag.py:588} INFO - Filling up the DagBag from /opt/airflow/dags/first_dag.py
[2026-08-21T14:50:09.236+0000] {processor.py:925} INFO - DAG(s) 'first_dag' retrieved from /opt/airflow/dags/first_dag.py
[2026-08-21T14:50:09.259+0000] {logging_mixin.py:190} INFO - [2026-08-21T14:50:09.259+0000] {dag.py:3239} INFO - Sync 1 DAGs
[2026-08-21T14:50:09.282+0000] {logging_mixin.py:190} INFO - [2026-08-21T14:50:09.281+0000] {dag.py:4180} INFO - Setting next_dagrun for first_dag to 2026-08-21 14:50:00+00:00, run_after=2026-08-21 14:51:00+00:00
[2026-08-21T14:50:09.300+0000] {processor.py:208} INFO - Processing /opt/airflow/dags/first_dag.py took 0.085 seconds
[2026-08-21T14:50:39.347+0000] {processor.py:186} INFO - Started process (PID=2188) to work on /opt/airflow/dags/first_dag.py
[2026-08-21T14:50:39.348+0000] {processor.py:914} INFO - Processing file /opt/airflow/dags/first_dag.py for tasks to queue
[2026-08-21T14:50:39.349+0000] {logging_mixin.py:190} INFO - [2026-08-21T14:50:39.349+0000] {dagbag.py:588} INFO - Filling up the DagBag from /opt/airflow/dags/first_dag.py
[2026-08-21T14:50:39.357+0000] {processor.py:925} INFO - DAG(s) 'first_dag' retrieved from /opt/airflow/dags/first_dag.py
[2026-08-21T14:50:39.377+0000] {logging_mixin.py:190} INFO - [2026-08-21T14:50:39.377+0000] {dag.py:3239} INFO - Sync 1 DAGs
[2026-08-21T14:50:39.396+0000] {logging_mixin.py:190} INFO - [2026-08-21T14:50:39.396+0000] {dag.py:4180} INFO - Setting next_dagrun for first_dag to 2026-08-21 14:50:00+00:00, run_after=2026-08-21 14:51:00+00:00
[2026-08-21T14:50:39.409+0000] {processor.py:208} INFO - Processing /opt/airflow/dags/first_dag.py took 0.068 seconds
[2026-08-21T14:51:09.562+0000] {processor.py:186} INFO - Started process (PID=2195) to work on /opt/airflow/dags/first_dag.py
[2026-08-21T14:51:09.563+0000] {processor.py:914} INFO - Processing file /opt/airflow/dags/first_dag.py for tasks to queue
[2026-08-21T14:51:09.564+0000] {logging_mixin.py:190} INFO - [2026-08-21T14:51:09.564+0000] {dagbag.py:588} INFO - Filling up the DagBag from /opt/airflow/dags/first_dag.py
[2026-08-21T14:51:09.576+0000] {processor.py:925} INFO - DAG(s) 'first_dag' retrieved from /opt/airflow/dags/first_dag.py
[2026-08-21T14:51:09.600+0000] {logging_mixin.py:190} INFO - [2026-08-21T14:51:09.599+0000] {dag.py:3239} INFO - Sync 1 DAGs
[2026-08-21T14:51:09.622+0000] {logging_mixin.py:190} INFO - [2026-08-21T14:51:09.622+0000] {dag.py:4180} INFO - Setting next_dagrun for first_dag to 2026-08-21 14:51:00+00:00, run_after=2026-08-21 14:52:00+00:00
[2026-08-21T14:51:09.640+0000] {processor.py:208} INFO - Processing /opt/airflow/dags/first_dag.py took 0.083 seconds
[2026-08-21T14:51:39.696+0000] {processor.py:186} INFO - Started process (PID=2202) to work on /opt/airflow/dags/first_dag.py
[2026-08-21T14:51:39.696+0000] {processor.py:914} INFO - Processing file /opt/airflow/dags/first_dag.py for tasks to queue
[2026-08-21T14:51:39.697+0000] {logging_mixin.py:190} INFO - [2026-08-21T14:51:39.697+0000] {dagbag.py:588} INFO - Filling up the DagBag from /opt/airflow/dags/first_dag.py
[2026-08-21T14:51:39.706+0000] {processor.py:925} INFO - DAG(s) 'first_dag' retrieved from /opt/airflow/dags/first_dag.py
[2026-08-21T14:51:39.727+0000] {logging_mixin.py:190} INFO - [2026-08-21T14:51:39.727+0000] {dag.py:3239} INFO - Sync 1 DAGs
[2026-08-21T14:51:39.747+0000] {logging_mixin.py:190} INFO - [2026-08-21T14:51:39.746+0000] {dag.py:4180} INFO - Setting next_dagrun for first_dag to 2026-08-21 14:51:00+00:00, run_after=2026-08-21 14:52:00+00:00
[2026-08-21T14:51:39.762+0000] {processor.py:208} INFO - Processing /opt/airflow/dags/first_dag.py took 0.071 seconds
[2026-08-21T14:52:09.896+0000] {processor.py:186} INFO - Started process (PID=2209) to work on /opt/airflow/dags/first_dag.py
[2026-08-21T14:52:09.903+0000] {processor.py:914} INFO - Processing file /opt/airflow/dags/first_dag.py for tasks to queue
[2026-08-21T14:52:09.904+0000] {logging_mixin.py:190} INFO - [2026-08-21T14:52:09.903+0000] {dagbag.py:588} INFO - Filling up the DagBag from /opt/airflow/dags/first_dag.py
[2026-08-21T14:52:09.912+0000] {processor.py:925} INFO - DAG(s) 'first_dag' retrieved from /opt/airflow/dags/first_dag.py
[2026-08-21T14:52:09.933+0000] {logging_mixin.py:190} INFO - [2026-08-21T14:52:09.932+0000] {dag.py:3239} INFO - Sync 1 DAGs
[2026-08-21T14:52:09.954+0000] {logging_mixin.py:190} INFO - [2026-08-21T14:52:09.953+0000] {dag.py:4180} INFO - Setting next_dagrun for first_dag to 2026-08-21 14:52:00+00:00, run_after=2026-08-21 14:53:00+00:00
[2026-08-21T14:52:09.969+0000] {processor.py:208} INFO - Processing /opt/airflow/dags/first_dag.py took 0.078 seconds
[2026-08-21T14:52:10.913+0000] {processor.py:186} INFO - Started process (PID=2210) to work on /opt/airflow/dags/first_dag.py
[2026-08-21T14:52:10.913+0000] {processor.py:914} INFO - Processing file /opt/airflow/dags/first_dag.py for tasks to queue
[2026-08-21T14:52:10.914+0000] {logging_mixin.py:190} INFO - [2026-08-21T14:52:10.914+0000] {dagbag.py:588} INFO - Filling up the DagBag from /opt/airflow/dags/first_dag.py
[2026-08-21T14:52:10.916+0000] {logging_mixin.py:190} INFO - [2026-08-21T14:52:10.915+0000] {dagbag.py:387} ERROR - Failed to import: /opt/airflow/dags/first_dag.py
Traceback (most recent call last):
  File "/home/airflow/.local/lib/python3.12/site-packages/airflow/models/dagbag.py", line 383, in parse
    loader.exec_module(new_module)
  File "<frozen importlib._bootstrap_external>", line 995, in exec_module
  File "<frozen importlib._bootstrap_external>", line 1133, in get_code
  File "<frozen importlib._bootstrap_external>", line 1063, in source_to_code
  File "<frozen importlib._bootstrap>", line 488, in _call_with_frames_removed
  File "/opt/airflow/dags/first_dag.py", line 5
    dag1 = DAG(dag_id = "first_dag", start_date = datetime(2026,8,21), catchup = False, schedule =  )
                                                                                        ^^^^^^^^^^
SyntaxError: expected argument value expression
[2026-08-21T14:52:10.917+0000] {processor.py:927} WARNING - No viable dags retrieved from /opt/airflow/dags/first_dag.py
[2026-08-21T14:52:10.933+0000] {processor.py:208} INFO - Processing /opt/airflow/dags/first_dag.py took 0.025 seconds
[2026-08-21T14:52:12.931+0000] {processor.py:186} INFO - Started process (PID=2211) to work on /opt/airflow/dags/first_dag.py
[2026-08-21T14:52:12.931+0000] {processor.py:914} INFO - Processing file /opt/airflow/dags/first_dag.py for tasks to queue
[2026-08-21T14:52:12.932+0000] {logging_mixin.py:190} INFO - [2026-08-21T14:52:12.932+0000] {dagbag.py:588} INFO - Filling up the DagBag from /opt/airflow/dags/first_dag.py
[2026-08-21T14:52:12.935+0000] {logging_mixin.py:190} INFO - [2026-08-21T14:52:12.934+0000] {dagbag.py:387} ERROR - Failed to import: /opt/airflow/dags/first_dag.py
Traceback (most recent call last):
  File "/home/airflow/.local/lib/python3.12/site-packages/airflow/models/dagbag.py", line 383, in parse
    loader.exec_module(new_module)
  File "<frozen importlib._bootstrap_external>", line 995, in exec_module
  File "<frozen importlib._bootstrap_external>", line 1133, in get_code
  File "<frozen importlib._bootstrap_external>", line 1063, in source_to_code
  File "<frozen importlib._bootstrap>", line 488, in _call_with_frames_removed
  File "/opt/airflow/dags/first_dag.py", line 5
    dag1 = DAG(dag_id = "first_dag", start_date = datetime(2026,8,21), catchup = False, schedule = @ )
                                                                                                   ^
SyntaxError: invalid syntax
[2026-08-21T14:52:12.935+0000] {processor.py:927} WARNING - No viable dags retrieved from /opt/airflow/dags/first_dag.py
[2026-08-21T14:52:12.951+0000] {processor.py:208} INFO - Processing /opt/airflow/dags/first_dag.py took 0.026 seconds
[2026-08-21T14:52:13.973+0000] {processor.py:186} INFO - Started process (PID=2212) to work on /opt/airflow/dags/first_dag.py
[2026-08-21T14:52:13.973+0000] {processor.py:914} INFO - Processing file /opt/airflow/dags/first_dag.py for tasks to queue
[2026-08-21T14:52:13.974+0000] {logging_mixin.py:190} INFO - [2026-08-21T14:52:13.974+0000] {dagbag.py:588} INFO - Filling up the DagBag from /opt/airflow/dags/first_dag.py
[2026-08-21T14:52:13.978+0000] {logging_mixin.py:190} INFO - [2026-08-21T14:52:13.976+0000] {dagbag.py:387} ERROR - Failed to import: /opt/airflow/dags/first_dag.py
Traceback (most recent call last):
  File "/home/airflow/.local/lib/python3.12/site-packages/airflow/models/dagbag.py", line 383, in parse
    loader.exec_module(new_module)
  File "<frozen importlib._bootstrap_external>", line 995, in exec_module
  File "<frozen importlib._bootstrap_external>", line 1133, in get_code
  File "<frozen importlib._bootstrap_external>", line 1063, in source_to_code
  File "<frozen importlib._bootstrap>", line 488, in _call_with_frames_removed
  File "/opt/airflow/dags/first_dag.py", line 5
    dag1 = DAG(dag_id = "first_dag", start_date = datetime(2026,8,21), catchup = False, schedule = @h )
                                                                                                   ^
SyntaxError: invalid syntax
[2026-08-21T14:52:13.979+0000] {processor.py:927} WARNING - No viable dags retrieved from /opt/airflow/dags/first_dag.py
[2026-08-21T14:52:13.994+0000] {processor.py:208} INFO - Processing /opt/airflow/dags/first_dag.py took 0.026 seconds
[2026-08-21T14:52:20.012+0000] {processor.py:186} INFO - Started process (PID=2213) to work on /opt/airflow/dags/first_dag.py
[2026-08-21T14:52:20.013+0000] {processor.py:914} INFO - Processing file /opt/airflow/dags/first_dag.py for tasks to queue
[2026-08-21T14:52:20.013+0000] {logging_mixin.py:190} INFO - [2026-08-21T14:52:20.013+0000] {dagbag.py:588} INFO - Filling up the DagBag from /opt/airflow/dags/first_dag.py
[2026-08-21T14:52:20.017+0000] {logging_mixin.py:190} INFO - [2026-08-21T14:52:20.015+0000] {dagbag.py:387} ERROR - Failed to import: /opt/airflow/dags/first_dag.py
Traceback (most recent call last):
  File "/home/airflow/.local/lib/python3.12/site-packages/airflow/models/dagbag.py", line 383, in parse
    loader.exec_module(new_module)
  File "<frozen importlib._bootstrap_external>", line 999, in exec_module
  File "<frozen importlib._bootstrap>", line 488, in _call_with_frames_removed
  File "/opt/airflow/dags/first_dag.py", line 5, in <module>
    dag1 = DAG(dag_id = "first_dag", start_date = datetime(2026,8,21), catchup = False, schedule = hour )
                                                                                                   ^^^^
NameError: name 'hour' is not defined
[2026-08-21T14:52:20.018+0000] {processor.py:927} WARNING - No viable dags retrieved from /opt/airflow/dags/first_dag.py
[2026-08-21T14:52:20.033+0000] {processor.py:208} INFO - Processing /opt/airflow/dags/first_dag.py took 0.027 seconds
[2026-08-21T14:52:22.057+0000] {processor.py:186} INFO - Started process (PID=2214) to work on /opt/airflow/dags/first_dag.py
[2026-08-21T14:52:22.058+0000] {processor.py:914} INFO - Processing file /opt/airflow/dags/first_dag.py for tasks to queue
[2026-08-21T14:52:22.059+0000] {logging_mixin.py:190} INFO - [2026-08-21T14:52:22.059+0000] {dagbag.py:588} INFO - Filling up the DagBag from /opt/airflow/dags/first_dag.py
[2026-08-21T14:52:22.063+0000] {logging_mixin.py:190} INFO - [2026-08-21T14:52:22.061+0000] {dagbag.py:387} ERROR - Failed to import: /opt/airflow/dags/first_dag.py
Traceback (most recent call last):
  File "/home/airflow/.local/lib/python3.12/site-packages/airflow/models/dagbag.py", line 383, in parse
    loader.exec_module(new_module)
  File "<frozen importlib._bootstrap_external>", line 999, in exec_module
  File "<frozen importlib._bootstrap>", line 488, in _call_with_frames_removed
  File "/opt/airflow/dags/first_dag.py", line 5, in <module>
    dag1 = DAG(dag_id = "first_dag", start_date = datetime(2026,8,21), catchup = False, schedule = hourl )
                                                                                                   ^^^^^
NameError: name 'hourl' is not defined
[2026-08-21T14:52:22.064+0000] {processor.py:927} WARNING - No viable dags retrieved from /opt/airflow/dags/first_dag.py
[2026-08-21T14:52:22.080+0000] {processor.py:208} INFO - Processing /opt/airflow/dags/first_dag.py took 0.029 seconds
[2026-08-21T14:52:52.192+0000] {processor.py:186} INFO - Started process (PID=2221) to work on /opt/airflow/dags/first_dag.py
[2026-08-21T14:52:52.199+0000] {processor.py:914} INFO - Processing file /opt/airflow/dags/first_dag.py for tasks to queue
[2026-08-21T14:52:52.201+0000] {logging_mixin.py:190} INFO - [2026-08-21T14:52:52.200+0000] {dagbag.py:588} INFO - Filling up the DagBag from /opt/airflow/dags/first_dag.py
[2026-08-21T14:52:52.204+0000] {logging_mixin.py:190} INFO - [2026-08-21T14:52:52.203+0000] {dagbag.py:387} ERROR - Failed to import: /opt/airflow/dags/first_dag.py
Traceback (most recent call last):
  File "/home/airflow/.local/lib/python3.12/site-packages/airflow/models/dagbag.py", line 383, in parse
    loader.exec_module(new_module)
  File "<frozen importlib._bootstrap_external>", line 999, in exec_module
  File "<frozen importlib._bootstrap>", line 488, in _call_with_frames_removed
  File "/opt/airflow/dags/first_dag.py", line 5, in <module>
    dag1 = DAG(dag_id = "first_dag", start_date = datetime(2026,8,21), catchup = False, schedule = hourl )
                                                                                                   ^^^^^
NameError: name 'hourl' is not defined
[2026-08-21T14:52:52.205+0000] {processor.py:927} WARNING - No viable dags retrieved from /opt/airflow/dags/first_dag.py
[2026-08-21T14:52:52.221+0000] {processor.py:208} INFO - Processing /opt/airflow/dags/first_dag.py took 0.032 seconds
[2026-08-21T14:53:22.332+0000] {processor.py:186} INFO - Started process (PID=2228) to work on /opt/airflow/dags/first_dag.py
[2026-08-21T14:53:22.332+0000] {processor.py:914} INFO - Processing file /opt/airflow/dags/first_dag.py for tasks to queue
[2026-08-21T14:53:22.333+0000] {logging_mixin.py:190} INFO - [2026-08-21T14:53:22.333+0000] {dagbag.py:588} INFO - Filling up the DagBag from /opt/airflow/dags/first_dag.py
[2026-08-21T14:53:22.336+0000] {logging_mixin.py:190} INFO - [2026-08-21T14:53:22.335+0000] {dagbag.py:387} ERROR - Failed to import: /opt/airflow/dags/first_dag.py
Traceback (most recent call last):
  File "/home/airflow/.local/lib/python3.12/site-packages/airflow/models/dagbag.py", line 383, in parse
    loader.exec_module(new_module)
  File "<frozen importlib._bootstrap_external>", line 999, in exec_module
  File "<frozen importlib._bootstrap>", line 488, in _call_with_frames_removed
  File "/opt/airflow/dags/first_dag.py", line 5, in <module>
    dag1 = DAG(dag_id = "first_dag", start_date = datetime(2026,8,21), catchup = False, schedule = hourl )
                                                                                                   ^^^^^
NameError: name 'hourl' is not defined
[2026-08-21T14:53:22.337+0000] {processor.py:927} WARNING - No viable dags retrieved from /opt/airflow/dags/first_dag.py
[2026-08-21T14:53:22.352+0000] {processor.py:208} INFO - Processing /opt/airflow/dags/first_dag.py took 0.025 seconds
[2026-08-21T14:53:52.486+0000] {processor.py:186} INFO - Started process (PID=2235) to work on /opt/airflow/dags/first_dag.py
[2026-08-21T14:53:52.492+0000] {processor.py:914} INFO - Processing file /opt/airflow/dags/first_dag.py for tasks to queue
[2026-08-21T14:53:52.494+0000] {logging_mixin.py:190} INFO - [2026-08-21T14:53:52.493+0000] {dagbag.py:588} INFO - Filling up the DagBag from /opt/airflow/dags/first_dag.py
[2026-08-21T14:53:52.497+0000] {logging_mixin.py:190} INFO - [2026-08-21T14:53:52.495+0000] {dagbag.py:387} ERROR - Failed to import: /opt/airflow/dags/first_dag.py
Traceback (most recent call last):
  File "/home/airflow/.local/lib/python3.12/site-packages/airflow/models/dagbag.py", line 383, in parse
    loader.exec_module(new_module)
  File "<frozen importlib._bootstrap_external>", line 999, in exec_module
  File "<frozen importlib._bootstrap>", line 488, in _call_with_frames_removed
  File "/opt/airflow/dags/first_dag.py", line 5, in <module>
    dag1 = DAG(dag_id = "first_dag", start_date = datetime(2026,8,21), catchup = False, schedule = hourl )
                                                                                                   ^^^^^
NameError: name 'hourl' is not defined
[2026-08-21T14:53:52.498+0000] {processor.py:927} WARNING - No viable dags retrieved from /opt/airflow/dags/first_dag.py
[2026-08-21T14:53:52.514+0000] {processor.py:208} INFO - Processing /opt/airflow/dags/first_dag.py took 0.033 seconds
[2026-08-21T14:54:22.616+0000] {processor.py:186} INFO - Started process (PID=2242) to work on /opt/airflow/dags/first_dag.py
[2026-08-21T14:54:22.617+0000] {processor.py:914} INFO - Processing file /opt/airflow/dags/first_dag.py for tasks to queue
[2026-08-21T14:54:22.619+0000] {logging_mixin.py:190} INFO - [2026-08-21T14:54:22.618+0000] {dagbag.py:588} INFO - Filling up the DagBag from /opt/airflow/dags/first_dag.py
[2026-08-21T14:54:22.622+0000] {logging_mixin.py:190} INFO - [2026-08-21T14:54:22.620+0000] {dagbag.py:387} ERROR - Failed to import: /opt/airflow/dags/first_dag.py
Traceback (most recent call last):
  File "/home/airflow/.local/lib/python3.12/site-packages/airflow/models/dagbag.py", line 383, in parse
    loader.exec_module(new_module)
  File "<frozen importlib._bootstrap_external>", line 999, in exec_module
  File "<frozen importlib._bootstrap>", line 488, in _call_with_frames_removed
  File "/opt/airflow/dags/first_dag.py", line 5, in <module>
    dag1 = DAG(dag_id = "first_dag", start_date = datetime(2026,8,21), catchup = False, schedule = hourl )
                                                                                                   ^^^^^
NameError: name 'hourl' is not defined
[2026-08-21T14:54:22.623+0000] {processor.py:927} WARNING - No viable dags retrieved from /opt/airflow/dags/first_dag.py
[2026-08-21T14:54:22.638+0000] {processor.py:208} INFO - Processing /opt/airflow/dags/first_dag.py took 0.026 seconds
[2026-08-21T14:54:52.773+0000] {processor.py:186} INFO - Started process (PID=2249) to work on /opt/airflow/dags/first_dag.py
[2026-08-21T14:54:52.780+0000] {processor.py:914} INFO - Processing file /opt/airflow/dags/first_dag.py for tasks to queue
[2026-08-21T14:54:52.782+0000] {logging_mixin.py:190} INFO - [2026-08-21T14:54:52.782+0000] {dagbag.py:588} INFO - Filling up the DagBag from /opt/airflow/dags/first_dag.py
[2026-08-21T14:54:52.785+0000] {logging_mixin.py:190} INFO - [2026-08-21T14:54:52.784+0000] {dagbag.py:387} ERROR - Failed to import: /opt/airflow/dags/first_dag.py
Traceback (most recent call last):
  File "/home/airflow/.local/lib/python3.12/site-packages/airflow/models/dagbag.py", line 383, in parse
    loader.exec_module(new_module)
  File "<frozen importlib._bootstrap_external>", line 999, in exec_module
  File "<frozen importlib._bootstrap>", line 488, in _call_with_frames_removed
  File "/opt/airflow/dags/first_dag.py", line 5, in <module>
    dag1 = DAG(dag_id = "first_dag", start_date = datetime(2026,8,21), catchup = False, schedule = hourl )
                                                                                                   ^^^^^
NameError: name 'hourl' is not defined
[2026-08-21T14:54:52.786+0000] {processor.py:927} WARNING - No viable dags retrieved from /opt/airflow/dags/first_dag.py
[2026-08-21T14:54:52.800+0000] {processor.py:208} INFO - Processing /opt/airflow/dags/first_dag.py took 0.032 seconds
[2026-08-21T14:55:22.906+0000] {processor.py:186} INFO - Started process (PID=2256) to work on /opt/airflow/dags/first_dag.py
[2026-08-21T14:55:22.907+0000] {processor.py:914} INFO - Processing file /opt/airflow/dags/first_dag.py for tasks to queue
[2026-08-21T14:55:22.908+0000] {logging_mixin.py:190} INFO - [2026-08-21T14:55:22.907+0000] {dagbag.py:588} INFO - Filling up the DagBag from /opt/airflow/dags/first_dag.py
[2026-08-21T14:55:22.911+0000] {logging_mixin.py:190} INFO - [2026-08-21T14:55:22.910+0000] {dagbag.py:387} ERROR - Failed to import: /opt/airflow/dags/first_dag.py
Traceback (most recent call last):
  File "/home/airflow/.local/lib/python3.12/site-packages/airflow/models/dagbag.py", line 383, in parse
    loader.exec_module(new_module)
  File "<frozen importlib._bootstrap_external>", line 999, in exec_module
  File "<frozen importlib._bootstrap>", line 488, in _call_with_frames_removed
  File "/opt/airflow/dags/first_dag.py", line 5, in <module>
    dag1 = DAG(dag_id = "first_dag", start_date = datetime(2026,8,21), catchup = False, schedule = hourl )
                                                                                                   ^^^^^
NameError: name 'hourl' is not defined
[2026-08-21T14:55:22.912+0000] {processor.py:927} WARNING - No viable dags retrieved from /opt/airflow/dags/first_dag.py
[2026-08-21T14:55:22.926+0000] {processor.py:208} INFO - Processing /opt/airflow/dags/first_dag.py took 0.025 seconds
[2026-08-21T14:55:41.003+0000] {processor.py:186} INFO - Started process (PID=2263) to work on /opt/airflow/dags/first_dag.py
[2026-08-21T14:55:41.004+0000] {processor.py:914} INFO - Processing file /opt/airflow/dags/first_dag.py for tasks to queue
[2026-08-21T14:55:41.005+0000] {logging_mixin.py:190} INFO - [2026-08-21T14:55:41.005+0000] {dagbag.py:588} INFO - Filling up the DagBag from /opt/airflow/dags/first_dag.py
[2026-08-21T14:55:41.011+0000] {logging_mixin.py:190} INFO - [2026-08-21T14:55:41.010+0000] {dagbag.py:484} ERROR - Failed to bag_dag: /opt/airflow/dags/first_dag.py
Traceback (most recent call last):
  File "/home/airflow/.local/lib/python3.12/site-packages/airflow/timetables/_cron.py", line 102, in validate
    croniter(self._expression)
  File "/home/airflow/.local/lib/python3.12/site-packages/croniter/croniter.py", line 268, in __init__
    self.expanded, self.nth_weekday_of_month = self.expand(
                                               ^^^^^^^^^^^^
  File "/home/airflow/.local/lib/python3.12/site-packages/croniter/croniter.py", line 1113, in expand
    return cls._expand(
           ^^^^^^^^^^^^
  File "/home/airflow/.local/lib/python3.12/site-packages/croniter/croniter.py", line 852, in _expand
    raise CroniterBadCronError("Exactly 5, 6 or 7 columns has to be specified for iterator expression.")
croniter.croniter.CroniterBadCronError: Exactly 5, 6 or 7 columns has to be specified for iterator expression.

During handling of the above exception, another exception occurred:

Traceback (most recent call last):
  File "/home/airflow/.local/lib/python3.12/site-packages/airflow/models/dagbag.py", line 479, in _process_modules
    dag.validate()
  File "/home/airflow/.local/lib/python3.12/site-packages/airflow/models/dag.py", line 845, in validate
    self.timetable.validate()
  File "/home/airflow/.local/lib/python3.12/site-packages/airflow/timetables/_cron.py", line 104, in validate
    raise AirflowTimetableInvalid(str(e))
airflow.exceptions.AirflowTimetableInvalid: Exactly 5, 6 or 7 columns has to be specified for iterator expression.
[2026-08-21T14:55:41.012+0000] {processor.py:927} WARNING - No viable dags retrieved from /opt/airflow/dags/first_dag.py
[2026-08-21T14:55:41.025+0000] {processor.py:208} INFO - Processing /opt/airflow/dags/first_dag.py took 0.027 seconds
[2026-08-21T14:55:44.030+0000] {processor.py:186} INFO - Started process (PID=2264) to work on /opt/airflow/dags/first_dag.py
[2026-08-21T14:55:44.031+0000] {processor.py:914} INFO - Processing file /opt/airflow/dags/first_dag.py for tasks to queue
[2026-08-21T14:55:44.032+0000] {logging_mixin.py:190} INFO - [2026-08-21T14:55:44.031+0000] {dagbag.py:588} INFO - Filling up the DagBag from /opt/airflow/dags/first_dag.py
[2026-08-21T14:55:44.039+0000] {logging_mixin.py:190} INFO - [2026-08-21T14:55:44.037+0000] {dagbag.py:484} ERROR - Failed to bag_dag: /opt/airflow/dags/first_dag.py
Traceback (most recent call last):
  File "/home/airflow/.local/lib/python3.12/site-packages/airflow/timetables/_cron.py", line 102, in validate
    croniter(self._expression)
  File "/home/airflow/.local/lib/python3.12/site-packages/croniter/croniter.py", line 268, in __init__
    self.expanded, self.nth_weekday_of_month = self.expand(
                                               ^^^^^^^^^^^^
  File "/home/airflow/.local/lib/python3.12/site-packages/croniter/croniter.py", line 1113, in expand
    return cls._expand(
           ^^^^^^^^^^^^
  File "/home/airflow/.local/lib/python3.12/site-packages/croniter/croniter.py", line 852, in _expand
    raise CroniterBadCronError("Exactly 5, 6 or 7 columns has to be specified for iterator expression.")
croniter.croniter.CroniterBadCronError: Exactly 5, 6 or 7 columns has to be specified for iterator expression.

During handling of the above exception, another exception occurred:

Traceback (most recent call last):
  File "/home/airflow/.local/lib/python3.12/site-packages/airflow/models/dagbag.py", line 479, in _process_modules
    dag.validate()
  File "/home/airflow/.local/lib/python3.12/site-packages/airflow/models/dag.py", line 845, in validate
    self.timetable.validate()
  File "/home/airflow/.local/lib/python3.12/site-packages/airflow/timetables/_cron.py", line 104, in validate
    raise AirflowTimetableInvalid(str(e))
airflow.exceptions.AirflowTimetableInvalid: Exactly 5, 6 or 7 columns has to be specified for iterator expression.
[2026-08-21T14:55:44.039+0000] {processor.py:927} WARNING - No viable dags retrieved from /opt/airflow/dags/first_dag.py
[2026-08-21T14:55:44.053+0000] {processor.py:208} INFO - Processing /opt/airflow/dags/first_dag.py took 0.027 seconds
[2026-08-21T14:55:48.077+0000] {processor.py:186} INFO - Started process (PID=2265) to work on /opt/airflow/dags/first_dag.py
[2026-08-21T14:55:48.078+0000] {processor.py:914} INFO - Processing file /opt/airflow/dags/first_dag.py for tasks to queue
[2026-08-21T14:55:48.079+0000] {logging_mixin.py:190} INFO - [2026-08-21T14:55:48.079+0000] {dagbag.py:588} INFO - Filling up the DagBag from /opt/airflow/dags/first_dag.py
[2026-08-21T14:55:48.089+0000] {processor.py:925} INFO - DAG(s) 'first_dag' retrieved from /opt/airflow/dags/first_dag.py
[2026-08-21T14:55:48.216+0000] {logging_mixin.py:190} INFO - [2026-08-21T14:55:48.215+0000] {dag.py:3239} INFO - Sync 1 DAGs
[2026-08-21T14:55:48.235+0000] {logging_mixin.py:190} INFO - [2026-08-21T14:55:48.235+0000] {dag.py:4180} INFO - Setting next_dagrun for first_dag to 2026-08-21 14:00:00+00:00, run_after=2026-08-21 15:00:00+00:00
[2026-08-21T14:55:48.258+0000] {processor.py:208} INFO - Processing /opt/airflow/dags/first_dag.py took 0.185 seconds
[2026-08-21T14:55:59.325+0000] {processor.py:186} INFO - Started process (PID=2266) to work on /opt/airflow/dags/first_dag.py
[2026-08-21T14:55:59.326+0000] {processor.py:914} INFO - Processing file /opt/airflow/dags/first_dag.py for tasks to queue
[2026-08-21T14:55:59.326+0000] {logging_mixin.py:190} INFO - [2026-08-21T14:55:59.326+0000] {dagbag.py:588} INFO - Filling up the DagBag from /opt/airflow/dags/first_dag.py
[2026-08-21T14:55:59.337+0000] {processor.py:925} INFO - DAG(s) 'first_dag' retrieved from /opt/airflow/dags/first_dag.py
[2026-08-21T14:55:59.346+0000] {logging_mixin.py:190} INFO - [2026-08-21T14:55:59.346+0000] {dag.py:3239} INFO - Sync 1 DAGs
[2026-08-21T14:55:59.368+0000] {logging_mixin.py:190} INFO - [2026-08-21T14:55:59.367+0000] {dag.py:4180} INFO - Setting next_dagrun for first_dag to 2026-08-21 14:00:00+00:00, run_after=2026-08-21 15:00:00+00:00
[2026-08-21T14:55:59.383+0000] {processor.py:208} INFO - Processing /opt/airflow/dags/first_dag.py took 0.063 seconds
[2026-08-21T14:56:29.460+0000] {processor.py:186} INFO - Started process (PID=2273) to work on /opt/airflow/dags/first_dag.py
[2026-08-21T14:56:29.467+0000] {processor.py:914} INFO - Processing file /opt/airflow/dags/first_dag.py for tasks to queue
[2026-08-21T14:56:29.468+0000] {logging_mixin.py:190} INFO - [2026-08-21T14:56:29.468+0000] {dagbag.py:588} INFO - Filling up the DagBag from /opt/airflow/dags/first_dag.py
[2026-08-21T14:56:29.477+0000] {processor.py:925} INFO - DAG(s) 'first_dag' retrieved from /opt/airflow/dags/first_dag.py
[2026-08-21T14:56:29.499+0000] {logging_mixin.py:190} INFO - [2026-08-21T14:56:29.498+0000] {dag.py:3239} INFO - Sync 1 DAGs
[2026-08-21T14:56:29.520+0000] {logging_mixin.py:190} INFO - [2026-08-21T14:56:29.520+0000] {dag.py:4180} INFO - Setting next_dagrun for first_dag to 2026-08-21 14:00:00+00:00, run_after=2026-08-21 15:00:00+00:00
[2026-08-21T14:56:29.535+0000] {processor.py:208} INFO - Processing /opt/airflow/dags/first_dag.py took 0.080 seconds
[2026-08-21T14:56:59.630+0000] {processor.py:186} INFO - Started process (PID=2280) to work on /opt/airflow/dags/first_dag.py
[2026-08-21T14:56:59.631+0000] {processor.py:914} INFO - Processing file /opt/airflow/dags/first_dag.py for tasks to queue
[2026-08-21T14:56:59.632+0000] {logging_mixin.py:190} INFO - [2026-08-21T14:56:59.631+0000] {dagbag.py:588} INFO - Filling up the DagBag from /opt/airflow/dags/first_dag.py
[2026-08-21T14:56:59.642+0000] {processor.py:925} INFO - DAG(s) 'first_dag' retrieved from /opt/airflow/dags/first_dag.py
[2026-08-21T14:56:59.662+0000] {logging_mixin.py:190} INFO - [2026-08-21T14:56:59.661+0000] {dag.py:3239} INFO - Sync 1 DAGs
[2026-08-21T14:56:59.682+0000] {logging_mixin.py:190} INFO - [2026-08-21T14:56:59.682+0000] {dag.py:4180} INFO - Setting next_dagrun for first_dag to 2026-08-21 14:00:00+00:00, run_after=2026-08-21 15:00:00+00:00
[2026-08-21T14:56:59.696+0000] {processor.py:208} INFO - Processing /opt/airflow/dags/first_dag.py took 0.070 seconds
[2026-08-21T14:57:29.778+0000] {processor.py:186} INFO - Started process (PID=2287) to work on /opt/airflow/dags/first_dag.py
[2026-08-21T14:57:29.780+0000] {processor.py:914} INFO - Processing file /opt/airflow/dags/first_dag.py for tasks to queue
[2026-08-21T14:57:29.780+0000] {logging_mixin.py:190} INFO - [2026-08-21T14:57:29.780+0000] {dagbag.py:588} INFO - Filling up the DagBag from /opt/airflow/dags/first_dag.py
[2026-08-21T14:57:29.790+0000] {processor.py:925} INFO - DAG(s) 'first_dag' retrieved from /opt/airflow/dags/first_dag.py
[2026-08-21T14:57:29.810+0000] {logging_mixin.py:190} INFO - [2026-08-21T14:57:29.810+0000] {dag.py:3239} INFO - Sync 1 DAGs
[2026-08-21T14:57:29.831+0000] {logging_mixin.py:190} INFO - [2026-08-21T14:57:29.830+0000] {dag.py:4180} INFO - Setting next_dagrun for first_dag to 2026-08-21 14:00:00+00:00, run_after=2026-08-21 15:00:00+00:00
[2026-08-21T14:57:29.844+0000] {processor.py:208} INFO - Processing /opt/airflow/dags/first_dag.py took 0.071 seconds
[2026-08-21T14:57:59.948+0000] {processor.py:186} INFO - Started process (PID=2294) to work on /opt/airflow/dags/first_dag.py
[2026-08-21T14:57:59.949+0000] {processor.py:914} INFO - Processing file /opt/airflow/dags/first_dag.py for tasks to queue
[2026-08-21T14:57:59.949+0000] {logging_mixin.py:190} INFO - [2026-08-21T14:57:59.949+0000] {dagbag.py:588} INFO - Filling up the DagBag from /opt/airflow/dags/first_dag.py
[2026-08-21T14:57:59.958+0000] {processor.py:925} INFO - DAG(s) 'first_dag' retrieved from /opt/airflow/dags/first_dag.py
[2026-08-21T14:57:59.979+0000] {logging_mixin.py:190} INFO - [2026-08-21T14:57:59.978+0000] {dag.py:3239} INFO - Sync 1 DAGs
[2026-08-21T14:58:00.000+0000] {logging_mixin.py:190} INFO - [2026-08-21T14:58:00.000+0000] {dag.py:4180} INFO - Setting next_dagrun for first_dag to 2026-08-21 14:00:00+00:00, run_after=2026-08-21 15:00:00+00:00
[2026-08-21T14:58:00.014+0000] {processor.py:208} INFO - Processing /opt/airflow/dags/first_dag.py took 0.071 seconds
[2026-08-21T14:58:30.090+0000] {processor.py:186} INFO - Started process (PID=2301) to work on /opt/airflow/dags/first_dag.py
[2026-08-21T14:58:30.097+0000] {processor.py:914} INFO - Processing file /opt/airflow/dags/first_dag.py for tasks to queue
[2026-08-21T14:58:30.099+0000] {logging_mixin.py:190} INFO - [2026-08-21T14:58:30.098+0000] {dagbag.py:588} INFO - Filling up the DagBag from /opt/airflow/dags/first_dag.py
[2026-08-21T14:58:30.109+0000] {processor.py:925} INFO - DAG(s) 'first_dag' retrieved from /opt/airflow/dags/first_dag.py
[2026-08-21T14:58:30.129+0000] {logging_mixin.py:190} INFO - [2026-08-21T14:58:30.129+0000] {dag.py:3239} INFO - Sync 1 DAGs
[2026-08-21T14:58:30.150+0000] {logging_mixin.py:190} INFO - [2026-08-21T14:58:30.149+0000] {dag.py:4180} INFO - Setting next_dagrun for first_dag to 2026-08-21 14:00:00+00:00, run_after=2026-08-21 15:00:00+00:00
[2026-08-21T14:58:30.163+0000] {processor.py:208} INFO - Processing /opt/airflow/dags/first_dag.py took 0.078 seconds
[2026-08-21T14:59:00.263+0000] {processor.py:186} INFO - Started process (PID=2308) to work on /opt/airflow/dags/first_dag.py
[2026-08-21T14:59:00.264+0000] {processor.py:914} INFO - Processing file /opt/airflow/dags/first_dag.py for tasks to queue
[2026-08-21T14:59:00.265+0000] {logging_mixin.py:190} INFO - [2026-08-21T14:59:00.265+0000] {dagbag.py:588} INFO - Filling up the DagBag from /opt/airflow/dags/first_dag.py
[2026-08-21T14:59:00.275+0000] {processor.py:925} INFO - DAG(s) 'first_dag' retrieved from /opt/airflow/dags/first_dag.py
[2026-08-21T14:59:00.296+0000] {logging_mixin.py:190} INFO - [2026-08-21T14:59:00.296+0000] {dag.py:3239} INFO - Sync 1 DAGs
[2026-08-21T14:59:00.318+0000] {logging_mixin.py:190} INFO - [2026-08-21T14:59:00.318+0000] {dag.py:4180} INFO - Setting next_dagrun for first_dag to 2026-08-21 14:00:00+00:00, run_after=2026-08-21 15:00:00+00:00
[2026-08-21T14:59:00.331+0000] {processor.py:208} INFO - Processing /opt/airflow/dags/first_dag.py took 0.073 seconds
[2026-08-21T14:59:30.413+0000] {processor.py:186} INFO - Started process (PID=2315) to work on /opt/airflow/dags/first_dag.py
[2026-08-21T14:59:30.420+0000] {processor.py:914} INFO - Processing file /opt/airflow/dags/first_dag.py for tasks to queue
[2026-08-21T14:59:30.421+0000] {logging_mixin.py:190} INFO - [2026-08-21T14:59:30.421+0000] {dagbag.py:588} INFO - Filling up the DagBag from /opt/airflow/dags/first_dag.py
[2026-08-21T14:59:30.430+0000] {processor.py:925} INFO - DAG(s) 'first_dag' retrieved from /opt/airflow/dags/first_dag.py
[2026-08-21T14:59:30.450+0000] {logging_mixin.py:190} INFO - [2026-08-21T14:59:30.449+0000] {dag.py:3239} INFO - Sync 1 DAGs
[2026-08-21T14:59:30.471+0000] {logging_mixin.py:190} INFO - [2026-08-21T14:59:30.471+0000] {dag.py:4180} INFO - Setting next_dagrun for first_dag to 2026-08-21 14:00:00+00:00, run_after=2026-08-21 15:00:00+00:00
[2026-08-21T14:59:30.485+0000] {processor.py:208} INFO - Processing /opt/airflow/dags/first_dag.py took 0.077 seconds
[2026-08-21T15:00:00.578+0000] {processor.py:186} INFO - Started process (PID=2322) to work on /opt/airflow/dags/first_dag.py
[2026-08-21T15:00:00.579+0000] {processor.py:914} INFO - Processing file /opt/airflow/dags/first_dag.py for tasks to queue
[2026-08-21T15:00:00.580+0000] {logging_mixin.py:190} INFO - [2026-08-21T15:00:00.579+0000] {dagbag.py:588} INFO - Filling up the DagBag from /opt/airflow/dags/first_dag.py
[2026-08-21T15:00:00.589+0000] {processor.py:925} INFO - DAG(s) 'first_dag' retrieved from /opt/airflow/dags/first_dag.py
[2026-08-21T15:00:00.612+0000] {logging_mixin.py:190} INFO - [2026-08-21T15:00:00.611+0000] {dag.py:3239} INFO - Sync 1 DAGs
[2026-08-21T15:00:00.635+0000] {logging_mixin.py:190} INFO - [2026-08-21T15:00:00.635+0000] {dag.py:4180} INFO - Setting next_dagrun for first_dag to 2026-08-21 14:00:00+00:00, run_after=2026-08-21 15:00:00+00:00
[2026-08-21T15:00:00.651+0000] {processor.py:208} INFO - Processing /opt/airflow/dags/first_dag.py took 0.077 seconds
[2026-08-21T15:00:30.737+0000] {processor.py:186} INFO - Started process (PID=2329) to work on /opt/airflow/dags/first_dag.py
[2026-08-21T15:00:30.745+0000] {processor.py:914} INFO - Processing file /opt/airflow/dags/first_dag.py for tasks to queue
[2026-08-21T15:00:30.747+0000] {logging_mixin.py:190} INFO - [2026-08-21T15:00:30.747+0000] {dagbag.py:588} INFO - Filling up the DagBag from /opt/airflow/dags/first_dag.py
[2026-08-21T15:00:30.756+0000] {processor.py:925} INFO - DAG(s) 'first_dag' retrieved from /opt/airflow/dags/first_dag.py
[2026-08-21T15:00:30.776+0000] {logging_mixin.py:190} INFO - [2026-08-21T15:00:30.775+0000] {dag.py:3239} INFO - Sync 1 DAGs
[2026-08-21T15:00:30.795+0000] {logging_mixin.py:190} INFO - [2026-08-21T15:00:30.795+0000] {dag.py:4180} INFO - Setting next_dagrun for first_dag to 2026-08-21 14:00:00+00:00, run_after=2026-08-21 15:00:00+00:00
[2026-08-21T15:00:30.810+0000] {processor.py:208} INFO - Processing /opt/airflow/dags/first_dag.py took 0.077 seconds
[2026-08-21T15:01:00.904+0000] {processor.py:186} INFO - Started process (PID=2336) to work on /opt/airflow/dags/first_dag.py
[2026-08-21T15:01:00.904+0000] {processor.py:914} INFO - Processing file /opt/airflow/dags/first_dag.py for tasks to queue
[2026-08-21T15:01:00.906+0000] {logging_mixin.py:190} INFO - [2026-08-21T15:01:00.906+0000] {dagbag.py:588} INFO - Filling up the DagBag from /opt/airflow/dags/first_dag.py
[2026-08-21T15:01:00.915+0000] {processor.py:925} INFO - DAG(s) 'first_dag' retrieved from /opt/airflow/dags/first_dag.py
[2026-08-21T15:01:00.938+0000] {logging_mixin.py:190} INFO - [2026-08-21T15:01:00.938+0000] {dag.py:3239} INFO - Sync 1 DAGs
[2026-08-21T15:01:00.961+0000] {logging_mixin.py:190} INFO - [2026-08-21T15:01:00.961+0000] {dag.py:4180} INFO - Setting next_dagrun for first_dag to 2026-08-21 14:00:00+00:00, run_after=2026-08-21 15:00:00+00:00
[2026-08-21T15:01:00.976+0000] {processor.py:208} INFO - Processing /opt/airflow/dags/first_dag.py took 0.077 seconds
[2026-08-21T15:01:31.069+0000] {processor.py:186} INFO - Started process (PID=2343) to work on /opt/airflow/dags/first_dag.py
[2026-08-21T15:01:31.076+0000] {processor.py:914} INFO - Processing file /opt/airflow/dags/first_dag.py for tasks to queue
[2026-08-21T15:01:31.077+0000] {logging_mixin.py:190} INFO - [2026-08-21T15:01:31.077+0000] {dagbag.py:588} INFO - Filling up the DagBag from /opt/airflow/dags/first_dag.py
[2026-08-21T15:01:31.087+0000] {processor.py:925} INFO - DAG(s) 'first_dag' retrieved from /opt/airflow/dags/first_dag.py
[2026-08-21T15:01:31.110+0000] {logging_mixin.py:190} INFO - [2026-08-21T15:01:31.109+0000] {dag.py:3239} INFO - Sync 1 DAGs
[2026-08-21T15:01:31.132+0000] {logging_mixin.py:190} INFO - [2026-08-21T15:01:31.132+0000] {dag.py:4180} INFO - Setting next_dagrun for first_dag to 2026-08-21 14:00:00+00:00, run_after=2026-08-21 15:00:00+00:00
[2026-08-21T15:01:31.150+0000] {processor.py:208} INFO - Processing /opt/airflow/dags/first_dag.py took 0.086 seconds
[2026-08-21T15:02:01.225+0000] {processor.py:186} INFO - Started process (PID=2350) to work on /opt/airflow/dags/first_dag.py
[2026-08-21T15:02:01.226+0000] {processor.py:914} INFO - Processing file /opt/airflow/dags/first_dag.py for tasks to queue
[2026-08-21T15:02:01.227+0000] {logging_mixin.py:190} INFO - [2026-08-21T15:02:01.227+0000] {dagbag.py:588} INFO - Filling up the DagBag from /opt/airflow/dags/first_dag.py
[2026-08-21T15:02:01.236+0000] {processor.py:925} INFO - DAG(s) 'first_dag' retrieved from /opt/airflow/dags/first_dag.py
[2026-08-21T15:02:01.257+0000] {logging_mixin.py:190} INFO - [2026-08-21T15:02:01.257+0000] {dag.py:3239} INFO - Sync 1 DAGs
[2026-08-21T15:02:01.279+0000] {logging_mixin.py:190} INFO - [2026-08-21T15:02:01.278+0000] {dag.py:4180} INFO - Setting next_dagrun for first_dag to 2026-08-21 14:00:00+00:00, run_after=2026-08-21 15:00:00+00:00
[2026-08-21T15:02:01.294+0000] {processor.py:208} INFO - Processing /opt/airflow/dags/first_dag.py took 0.073 seconds
[2026-08-21T15:02:31.404+0000] {processor.py:186} INFO - Started process (PID=2357) to work on /opt/airflow/dags/first_dag.py
[2026-08-21T15:02:31.411+0000] {processor.py:914} INFO - Processing file /opt/airflow/dags/first_dag.py for tasks to queue
[2026-08-21T15:02:31.413+0000] {logging_mixin.py:190} INFO - [2026-08-21T15:02:31.412+0000] {dagbag.py:588} INFO - Filling up the DagBag from /opt/airflow/dags/first_dag.py
[2026-08-21T15:02:31.422+0000] {processor.py:925} INFO - DAG(s) 'first_dag' retrieved from /opt/airflow/dags/first_dag.py
[2026-08-21T15:02:31.442+0000] {logging_mixin.py:190} INFO - [2026-08-21T15:02:31.442+0000] {dag.py:3239} INFO - Sync 1 DAGs
[2026-08-21T15:02:31.464+0000] {logging_mixin.py:190} INFO - [2026-08-21T15:02:31.464+0000] {dag.py:4180} INFO - Setting next_dagrun for first_dag to 2026-08-21 14:00:00+00:00, run_after=2026-08-21 15:00:00+00:00
[2026-08-21T15:02:31.479+0000] {processor.py:208} INFO - Processing /opt/airflow/dags/first_dag.py took 0.079 seconds
[2026-08-21T15:03:01.556+0000] {processor.py:186} INFO - Started process (PID=2364) to work on /opt/airflow/dags/first_dag.py
[2026-08-21T15:03:01.557+0000] {processor.py:914} INFO - Processing file /opt/airflow/dags/first_dag.py for tasks to queue
[2026-08-21T15:03:01.558+0000] {logging_mixin.py:190} INFO - [2026-08-21T15:03:01.557+0000] {dagbag.py:588} INFO - Filling up the DagBag from /opt/airflow/dags/first_dag.py
[2026-08-21T15:03:01.567+0000] {processor.py:925} INFO - DAG(s) 'first_dag' retrieved from /opt/airflow/dags/first_dag.py
[2026-08-21T15:03:01.588+0000] {logging_mixin.py:190} INFO - [2026-08-21T15:03:01.588+0000] {dag.py:3239} INFO - Sync 1 DAGs
[2026-08-21T15:03:01.609+0000] {logging_mixin.py:190} INFO - [2026-08-21T15:03:01.609+0000] {dag.py:4180} INFO - Setting next_dagrun for first_dag to 2026-08-21 14:00:00+00:00, run_after=2026-08-21 15:00:00+00:00
[2026-08-21T15:03:01.623+0000] {processor.py:208} INFO - Processing /opt/airflow/dags/first_dag.py took 0.072 seconds
[2026-08-21T15:03:31.784+0000] {processor.py:186} INFO - Started process (PID=2372) to work on /opt/airflow/dags/first_dag.py
[2026-08-21T15:03:31.791+0000] {processor.py:914} INFO - Processing file /opt/airflow/dags/first_dag.py for tasks to queue
[2026-08-21T15:03:31.792+0000] {logging_mixin.py:190} INFO - [2026-08-21T15:03:31.792+0000] {dagbag.py:588} INFO - Filling up the DagBag from /opt/airflow/dags/first_dag.py
[2026-08-21T15:03:31.801+0000] {processor.py:925} INFO - DAG(s) 'first_dag' retrieved from /opt/airflow/dags/first_dag.py
[2026-08-21T15:03:31.822+0000] {logging_mixin.py:190} INFO - [2026-08-21T15:03:31.822+0000] {dag.py:3239} INFO - Sync 1 DAGs
[2026-08-21T15:03:31.843+0000] {logging_mixin.py:190} INFO - [2026-08-21T15:03:31.843+0000] {dag.py:4180} INFO - Setting next_dagrun for first_dag to 2026-08-21 14:00:00+00:00, run_after=2026-08-21 15:00:00+00:00
[2026-08-21T15:03:31.859+0000] {processor.py:208} INFO - Processing /opt/airflow/dags/first_dag.py took 0.079 seconds
[2026-08-21T15:04:01.921+0000] {processor.py:186} INFO - Started process (PID=2379) to work on /opt/airflow/dags/first_dag.py
[2026-08-21T15:04:01.922+0000] {processor.py:914} INFO - Processing file /opt/airflow/dags/first_dag.py for tasks to queue
[2026-08-21T15:04:01.923+0000] {logging_mixin.py:190} INFO - [2026-08-21T15:04:01.922+0000] {dagbag.py:588} INFO - Filling up the DagBag from /opt/airflow/dags/first_dag.py
[2026-08-21T15:04:01.932+0000] {processor.py:925} INFO - DAG(s) 'first_dag' retrieved from /opt/airflow/dags/first_dag.py
[2026-08-21T15:04:01.952+0000] {logging_mixin.py:190} INFO - [2026-08-21T15:04:01.952+0000] {dag.py:3239} INFO - Sync 1 DAGs
[2026-08-21T15:04:01.973+0000] {logging_mixin.py:190} INFO - [2026-08-21T15:04:01.973+0000] {dag.py:4180} INFO - Setting next_dagrun for first_dag to 2026-08-21 14:00:00+00:00, run_after=2026-08-21 15:00:00+00:00
[2026-08-21T15:04:01.987+0000] {processor.py:208} INFO - Processing /opt/airflow/dags/first_dag.py took 0.071 seconds
[2026-08-21T15:04:32.103+0000] {processor.py:186} INFO - Started process (PID=2386) to work on /opt/airflow/dags/first_dag.py
[2026-08-21T15:04:32.110+0000] {processor.py:914} INFO - Processing file /opt/airflow/dags/first_dag.py for tasks to queue
[2026-08-21T15:04:32.111+0000] {logging_mixin.py:190} INFO - [2026-08-21T15:04:32.111+0000] {dagbag.py:588} INFO - Filling up the DagBag from /opt/airflow/dags/first_dag.py
[2026-08-21T15:04:32.120+0000] {processor.py:925} INFO - DAG(s) 'first_dag' retrieved from /opt/airflow/dags/first_dag.py
[2026-08-21T15:04:32.141+0000] {logging_mixin.py:190} INFO - [2026-08-21T15:04:32.141+0000] {dag.py:3239} INFO - Sync 1 DAGs
[2026-08-21T15:04:32.163+0000] {logging_mixin.py:190} INFO - [2026-08-21T15:04:32.163+0000] {dag.py:4180} INFO - Setting next_dagrun for first_dag to 2026-08-21 14:00:00+00:00, run_after=2026-08-21 15:00:00+00:00
[2026-08-21T15:04:32.179+0000] {processor.py:208} INFO - Processing /opt/airflow/dags/first_dag.py took 0.081 seconds
[2026-08-21T15:05:02.239+0000] {processor.py:186} INFO - Started process (PID=2393) to work on /opt/airflow/dags/first_dag.py
[2026-08-21T15:05:02.239+0000] {processor.py:914} INFO - Processing file /opt/airflow/dags/first_dag.py for tasks to queue
[2026-08-21T15:05:02.240+0000] {logging_mixin.py:190} INFO - [2026-08-21T15:05:02.240+0000] {dagbag.py:588} INFO - Filling up the DagBag from /opt/airflow/dags/first_dag.py
[2026-08-21T15:05:02.249+0000] {processor.py:925} INFO - DAG(s) 'first_dag' retrieved from /opt/airflow/dags/first_dag.py
[2026-08-21T15:05:02.272+0000] {logging_mixin.py:190} INFO - [2026-08-21T15:05:02.271+0000] {dag.py:3239} INFO - Sync 1 DAGs
[2026-08-21T15:05:02.293+0000] {logging_mixin.py:190} INFO - [2026-08-21T15:05:02.293+0000] {dag.py:4180} INFO - Setting next_dagrun for first_dag to 2026-08-21 14:00:00+00:00, run_after=2026-08-21 15:00:00+00:00
[2026-08-21T15:05:02.309+0000] {processor.py:208} INFO - Processing /opt/airflow/dags/first_dag.py took 0.076 seconds
[2026-08-21T15:05:32.427+0000] {processor.py:186} INFO - Started process (PID=2400) to work on /opt/airflow/dags/first_dag.py
[2026-08-21T15:05:32.428+0000] {processor.py:914} INFO - Processing file /opt/airflow/dags/first_dag.py for tasks to queue
[2026-08-21T15:05:32.429+0000] {logging_mixin.py:190} INFO - [2026-08-21T15:05:32.428+0000] {dagbag.py:588} INFO - Filling up the DagBag from /opt/airflow/dags/first_dag.py
[2026-08-21T15:05:32.438+0000] {processor.py:925} INFO - DAG(s) 'first_dag' retrieved from /opt/airflow/dags/first_dag.py
[2026-08-21T15:05:32.458+0000] {logging_mixin.py:190} INFO - [2026-08-21T15:05:32.458+0000] {dag.py:3239} INFO - Sync 1 DAGs
[2026-08-21T15:05:32.479+0000] {logging_mixin.py:190} INFO - [2026-08-21T15:05:32.479+0000] {dag.py:4180} INFO - Setting next_dagrun for first_dag to 2026-08-21 14:00:00+00:00, run_after=2026-08-21 15:00:00+00:00
[2026-08-21T15:05:32.494+0000] {processor.py:208} INFO - Processing /opt/airflow/dags/first_dag.py took 0.072 seconds
[2026-08-21T15:06:02.558+0000] {processor.py:186} INFO - Started process (PID=2407) to work on /opt/airflow/dags/first_dag.py
[2026-08-21T15:06:02.559+0000] {processor.py:914} INFO - Processing file /opt/airflow/dags/first_dag.py for tasks to queue
[2026-08-21T15:06:02.560+0000] {logging_mixin.py:190} INFO - [2026-08-21T15:06:02.560+0000] {dagbag.py:588} INFO - Filling up the DagBag from /opt/airflow/dags/first_dag.py
[2026-08-21T15:06:02.570+0000] {processor.py:925} INFO - DAG(s) 'first_dag' retrieved from /opt/airflow/dags/first_dag.py
[2026-08-21T15:06:02.594+0000] {logging_mixin.py:190} INFO - [2026-08-21T15:06:02.593+0000] {dag.py:3239} INFO - Sync 1 DAGs
[2026-08-21T15:06:02.618+0000] {logging_mixin.py:190} INFO - [2026-08-21T15:06:02.617+0000] {dag.py:4180} INFO - Setting next_dagrun for first_dag to 2026-08-21 14:00:00+00:00, run_after=2026-08-21 15:00:00+00:00
[2026-08-21T15:06:02.634+0000] {processor.py:208} INFO - Processing /opt/airflow/dags/first_dag.py took 0.081 seconds
[2026-08-21T15:06:32.741+0000] {processor.py:186} INFO - Started process (PID=2414) to work on /opt/airflow/dags/first_dag.py
[2026-08-21T15:06:32.748+0000] {processor.py:914} INFO - Processing file /opt/airflow/dags/first_dag.py for tasks to queue
[2026-08-21T15:06:32.749+0000] {logging_mixin.py:190} INFO - [2026-08-21T15:06:32.749+0000] {dagbag.py:588} INFO - Filling up the DagBag from /opt/airflow/dags/first_dag.py
[2026-08-21T15:06:32.758+0000] {processor.py:925} INFO - DAG(s) 'first_dag' retrieved from /opt/airflow/dags/first_dag.py
[2026-08-21T15:06:32.779+0000] {logging_mixin.py:190} INFO - [2026-08-21T15:06:32.779+0000] {dag.py:3239} INFO - Sync 1 DAGs
[2026-08-21T15:06:32.802+0000] {logging_mixin.py:190} INFO - [2026-08-21T15:06:32.802+0000] {dag.py:4180} INFO - Setting next_dagrun for first_dag to 2026-08-21 14:00:00+00:00, run_after=2026-08-21 15:00:00+00:00
[2026-08-21T15:06:32.816+0000] {processor.py:208} INFO - Processing /opt/airflow/dags/first_dag.py took 0.080 seconds
[2026-08-21T15:07:02.877+0000] {processor.py:186} INFO - Started process (PID=2421) to work on /opt/airflow/dags/first_dag.py
[2026-08-21T15:07:02.878+0000] {processor.py:914} INFO - Processing file /opt/airflow/dags/first_dag.py for tasks to queue
[2026-08-21T15:07:02.879+0000] {logging_mixin.py:190} INFO - [2026-08-21T15:07:02.878+0000] {dagbag.py:588} INFO - Filling up the DagBag from /opt/airflow/dags/first_dag.py
[2026-08-21T15:07:02.888+0000] {processor.py:925} INFO - DAG(s) 'first_dag' retrieved from /opt/airflow/dags/first_dag.py
[2026-08-21T15:07:02.909+0000] {logging_mixin.py:190} INFO - [2026-08-21T15:07:02.908+0000] {dag.py:3239} INFO - Sync 1 DAGs
[2026-08-21T15:07:02.931+0000] {logging_mixin.py:190} INFO - [2026-08-21T15:07:02.930+0000] {dag.py:4180} INFO - Setting next_dagrun for first_dag to 2026-08-21 14:00:00+00:00, run_after=2026-08-21 15:00:00+00:00
[2026-08-21T15:07:02.947+0000] {processor.py:208} INFO - Processing /opt/airflow/dags/first_dag.py took 0.075 seconds
[2026-08-21T15:07:33.060+0000] {processor.py:186} INFO - Started process (PID=2428) to work on /opt/airflow/dags/first_dag.py
[2026-08-21T15:07:33.067+0000] {processor.py:914} INFO - Processing file /opt/airflow/dags/first_dag.py for tasks to queue
[2026-08-21T15:07:33.068+0000] {logging_mixin.py:190} INFO - [2026-08-21T15:07:33.068+0000] {dagbag.py:588} INFO - Filling up the DagBag from /opt/airflow/dags/first_dag.py
[2026-08-21T15:07:33.078+0000] {processor.py:925} INFO - DAG(s) 'first_dag' retrieved from /opt/airflow/dags/first_dag.py
[2026-08-21T15:07:33.101+0000] {logging_mixin.py:190} INFO - [2026-08-21T15:07:33.100+0000] {dag.py:3239} INFO - Sync 1 DAGs
[2026-08-21T15:07:33.123+0000] {logging_mixin.py:190} INFO - [2026-08-21T15:07:33.123+0000] {dag.py:4180} INFO - Setting next_dagrun for first_dag to 2026-08-21 14:00:00+00:00, run_after=2026-08-21 15:00:00+00:00
[2026-08-21T15:07:33.139+0000] {processor.py:208} INFO - Processing /opt/airflow/dags/first_dag.py took 0.084 seconds
[2026-08-21T15:08:03.200+0000] {processor.py:186} INFO - Started process (PID=2435) to work on /opt/airflow/dags/first_dag.py
[2026-08-21T15:08:03.200+0000] {processor.py:914} INFO - Processing file /opt/airflow/dags/first_dag.py for tasks to queue
[2026-08-21T15:08:03.202+0000] {logging_mixin.py:190} INFO - [2026-08-21T15:08:03.201+0000] {dagbag.py:588} INFO - Filling up the DagBag from /opt/airflow/dags/first_dag.py
[2026-08-21T15:08:03.211+0000] {processor.py:925} INFO - DAG(s) 'first_dag' retrieved from /opt/airflow/dags/first_dag.py
[2026-08-21T15:08:03.231+0000] {logging_mixin.py:190} INFO - [2026-08-21T15:08:03.231+0000] {dag.py:3239} INFO - Sync 1 DAGs
[2026-08-21T15:08:03.252+0000] {logging_mixin.py:190} INFO - [2026-08-21T15:08:03.251+0000] {dag.py:4180} INFO - Setting next_dagrun for first_dag to 2026-08-21 14:00:00+00:00, run_after=2026-08-21 15:00:00+00:00
[2026-08-21T15:08:03.265+0000] {processor.py:208} INFO - Processing /opt/airflow/dags/first_dag.py took 0.070 seconds
[2026-08-21T15:08:33.398+0000] {processor.py:186} INFO - Started process (PID=2442) to work on /opt/airflow/dags/first_dag.py
[2026-08-21T15:08:33.398+0000] {processor.py:914} INFO - Processing file /opt/airflow/dags/first_dag.py for tasks to queue
[2026-08-21T15:08:33.399+0000] {logging_mixin.py:190} INFO - [2026-08-21T15:08:33.399+0000] {dagbag.py:588} INFO - Filling up the DagBag from /opt/airflow/dags/first_dag.py
[2026-08-21T15:08:33.408+0000] {processor.py:925} INFO - DAG(s) 'first_dag' retrieved from /opt/airflow/dags/first_dag.py
[2026-08-21T15:08:33.428+0000] {logging_mixin.py:190} INFO - [2026-08-21T15:08:33.427+0000] {dag.py:3239} INFO - Sync 1 DAGs
[2026-08-21T15:08:33.448+0000] {logging_mixin.py:190} INFO - [2026-08-21T15:08:33.448+0000] {dag.py:4180} INFO - Setting next_dagrun for first_dag to 2026-08-21 14:00:00+00:00, run_after=2026-08-21 15:00:00+00:00
[2026-08-21T15:08:33.462+0000] {processor.py:208} INFO - Processing /opt/airflow/dags/first_dag.py took 0.069 seconds
[2026-08-21T15:09:03.529+0000] {processor.py:186} INFO - Started process (PID=2449) to work on /opt/airflow/dags/first_dag.py
[2026-08-21T15:09:03.529+0000] {processor.py:914} INFO - Processing file /opt/airflow/dags/first_dag.py for tasks to queue
[2026-08-21T15:09:03.530+0000] {logging_mixin.py:190} INFO - [2026-08-21T15:09:03.530+0000] {dagbag.py:588} INFO - Filling up the DagBag from /opt/airflow/dags/first_dag.py
[2026-08-21T15:09:03.540+0000] {processor.py:925} INFO - DAG(s) 'first_dag' retrieved from /opt/airflow/dags/first_dag.py
[2026-08-21T15:09:03.561+0000] {logging_mixin.py:190} INFO - [2026-08-21T15:09:03.560+0000] {dag.py:3239} INFO - Sync 1 DAGs
[2026-08-21T15:09:03.582+0000] {logging_mixin.py:190} INFO - [2026-08-21T15:09:03.581+0000] {dag.py:4180} INFO - Setting next_dagrun for first_dag to 2026-08-21 14:00:00+00:00, run_after=2026-08-21 15:00:00+00:00
[2026-08-21T15:09:03.596+0000] {processor.py:208} INFO - Processing /opt/airflow/dags/first_dag.py took 0.072 seconds
[2026-08-21T15:09:33.707+0000] {processor.py:186} INFO - Started process (PID=2456) to work on /opt/airflow/dags/first_dag.py
[2026-08-21T15:09:33.714+0000] {processor.py:914} INFO - Processing file /opt/airflow/dags/first_dag.py for tasks to queue
[2026-08-21T15:09:33.715+0000] {logging_mixin.py:190} INFO - [2026-08-21T15:09:33.715+0000] {dagbag.py:588} INFO - Filling up the DagBag from /opt/airflow/dags/first_dag.py
[2026-08-21T15:09:33.725+0000] {processor.py:925} INFO - DAG(s) 'first_dag' retrieved from /opt/airflow/dags/first_dag.py
[2026-08-21T15:09:33.743+0000] {logging_mixin.py:190} INFO - [2026-08-21T15:09:33.743+0000] {dag.py:3239} INFO - Sync 1 DAGs
[2026-08-21T15:09:33.765+0000] {logging_mixin.py:190} INFO - [2026-08-21T15:09:33.764+0000] {dag.py:4180} INFO - Setting next_dagrun for first_dag to 2026-08-21 14:00:00+00:00, run_after=2026-08-21 15:00:00+00:00
[2026-08-21T15:09:33.778+0000] {processor.py:208} INFO - Processing /opt/airflow/dags/first_dag.py took 0.075 seconds
[2026-08-21T15:10:03.845+0000] {processor.py:186} INFO - Started process (PID=2463) to work on /opt/airflow/dags/first_dag.py
[2026-08-21T15:10:03.846+0000] {processor.py:914} INFO - Processing file /opt/airflow/dags/first_dag.py for tasks to queue
[2026-08-21T15:10:03.846+0000] {logging_mixin.py:190} INFO - [2026-08-21T15:10:03.846+0000] {dagbag.py:588} INFO - Filling up the DagBag from /opt/airflow/dags/first_dag.py
[2026-08-21T15:10:03.860+0000] {processor.py:925} INFO - DAG(s) 'first_dag' retrieved from /opt/airflow/dags/first_dag.py
[2026-08-21T15:10:03.881+0000] {logging_mixin.py:190} INFO - [2026-08-21T15:10:03.881+0000] {dag.py:3239} INFO - Sync 1 DAGs
[2026-08-21T15:10:03.902+0000] {logging_mixin.py:190} INFO - [2026-08-21T15:10:03.902+0000] {dag.py:4180} INFO - Setting next_dagrun for first_dag to 2026-08-21 14:00:00+00:00, run_after=2026-08-21 15:00:00+00:00
[2026-08-21T15:10:03.917+0000] {processor.py:208} INFO - Processing /opt/airflow/dags/first_dag.py took 0.076 seconds
[2026-08-21T15:10:34.035+0000] {processor.py:186} INFO - Started process (PID=2470) to work on /opt/airflow/dags/first_dag.py
[2026-08-21T15:10:34.042+0000] {processor.py:914} INFO - Processing file /opt/airflow/dags/first_dag.py for tasks to queue
[2026-08-21T15:10:34.043+0000] {logging_mixin.py:190} INFO - [2026-08-21T15:10:34.043+0000] {dagbag.py:588} INFO - Filling up the DagBag from /opt/airflow/dags/first_dag.py
[2026-08-21T15:10:34.054+0000] {processor.py:925} INFO - DAG(s) 'first_dag' retrieved from /opt/airflow/dags/first_dag.py
[2026-08-21T15:10:34.075+0000] {logging_mixin.py:190} INFO - [2026-08-21T15:10:34.075+0000] {dag.py:3239} INFO - Sync 1 DAGs
[2026-08-21T15:10:34.098+0000] {logging_mixin.py:190} INFO - [2026-08-21T15:10:34.098+0000] {dag.py:4180} INFO - Setting next_dagrun for first_dag to 2026-08-21 14:00:00+00:00, run_after=2026-08-21 15:00:00+00:00
[2026-08-21T15:10:34.113+0000] {processor.py:208} INFO - Processing /opt/airflow/dags/first_dag.py took 0.084 seconds
[2026-08-21T15:11:04.169+0000] {processor.py:186} INFO - Started process (PID=2477) to work on /opt/airflow/dags/first_dag.py
[2026-08-21T15:11:04.170+0000] {processor.py:914} INFO - Processing file /opt/airflow/dags/first_dag.py for tasks to queue
[2026-08-21T15:11:04.171+0000] {logging_mixin.py:190} INFO - [2026-08-21T15:11:04.171+0000] {dagbag.py:588} INFO - Filling up the DagBag from /opt/airflow/dags/first_dag.py
[2026-08-21T15:11:04.181+0000] {processor.py:925} INFO - DAG(s) 'first_dag' retrieved from /opt/airflow/dags/first_dag.py
[2026-08-21T15:11:04.202+0000] {logging_mixin.py:190} INFO - [2026-08-21T15:11:04.202+0000] {dag.py:3239} INFO - Sync 1 DAGs
[2026-08-21T15:11:04.225+0000] {logging_mixin.py:190} INFO - [2026-08-21T15:11:04.225+0000] {dag.py:4180} INFO - Setting next_dagrun for first_dag to 2026-08-21 14:00:00+00:00, run_after=2026-08-21 15:00:00+00:00
[2026-08-21T15:11:04.240+0000] {processor.py:208} INFO - Processing /opt/airflow/dags/first_dag.py took 0.075 seconds
[2026-08-21T15:11:34.375+0000] {processor.py:186} INFO - Started process (PID=2484) to work on /opt/airflow/dags/first_dag.py
[2026-08-21T15:11:34.382+0000] {processor.py:914} INFO - Processing file /opt/airflow/dags/first_dag.py for tasks to queue
[2026-08-21T15:11:34.383+0000] {logging_mixin.py:190} INFO - [2026-08-21T15:11:34.383+0000] {dagbag.py:588} INFO - Filling up the DagBag from /opt/airflow/dags/first_dag.py
[2026-08-21T15:11:34.392+0000] {processor.py:925} INFO - DAG(s) 'first_dag' retrieved from /opt/airflow/dags/first_dag.py
[2026-08-21T15:11:34.412+0000] {logging_mixin.py:190} INFO - [2026-08-21T15:11:34.411+0000] {dag.py:3239} INFO - Sync 1 DAGs
[2026-08-21T15:11:34.432+0000] {logging_mixin.py:190} INFO - [2026-08-21T15:11:34.432+0000] {dag.py:4180} INFO - Setting next_dagrun for first_dag to 2026-08-21 14:00:00+00:00, run_after=2026-08-21 15:00:00+00:00
[2026-08-21T15:11:34.447+0000] {processor.py:208} INFO - Processing /opt/airflow/dags/first_dag.py took 0.075 seconds
[2026-08-21T15:12:04.516+0000] {processor.py:186} INFO - Started process (PID=2491) to work on /opt/airflow/dags/first_dag.py
[2026-08-21T15:12:04.517+0000] {processor.py:914} INFO - Processing file /opt/airflow/dags/first_dag.py for tasks to queue
[2026-08-21T15:12:04.518+0000] {logging_mixin.py:190} INFO - [2026-08-21T15:12:04.518+0000] {dagbag.py:588} INFO - Filling up the DagBag from /opt/airflow/dags/first_dag.py
[2026-08-21T15:12:04.527+0000] {processor.py:925} INFO - DAG(s) 'first_dag' retrieved from /opt/airflow/dags/first_dag.py
[2026-08-21T15:12:04.549+0000] {logging_mixin.py:190} INFO - [2026-08-21T15:12:04.548+0000] {dag.py:3239} INFO - Sync 1 DAGs
[2026-08-21T15:12:04.570+0000] {logging_mixin.py:190} INFO - [2026-08-21T15:12:04.570+0000] {dag.py:4180} INFO - Setting next_dagrun for first_dag to 2026-08-21 14:00:00+00:00, run_after=2026-08-21 15:00:00+00:00
[2026-08-21T15:12:04.585+0000] {processor.py:208} INFO - Processing /opt/airflow/dags/first_dag.py took 0.073 seconds
[2026-08-21T15:12:34.692+0000] {processor.py:186} INFO - Started process (PID=2498) to work on /opt/airflow/dags/first_dag.py
[2026-08-21T15:12:34.699+0000] {processor.py:914} INFO - Processing file /opt/airflow/dags/first_dag.py for tasks to queue
[2026-08-21T15:12:34.700+0000] {logging_mixin.py:190} INFO - [2026-08-21T15:12:34.700+0000] {dagbag.py:588} INFO - Filling up the DagBag from /opt/airflow/dags/first_dag.py
[2026-08-21T15:12:34.709+0000] {processor.py:925} INFO - DAG(s) 'first_dag' retrieved from /opt/airflow/dags/first_dag.py
[2026-08-21T15:12:34.731+0000] {logging_mixin.py:190} INFO - [2026-08-21T15:12:34.731+0000] {dag.py:3239} INFO - Sync 1 DAGs
[2026-08-21T15:12:34.752+0000] {logging_mixin.py:190} INFO - [2026-08-21T15:12:34.752+0000] {dag.py:4180} INFO - Setting next_dagrun for first_dag to 2026-08-21 14:00:00+00:00, run_after=2026-08-21 15:00:00+00:00
[2026-08-21T15:12:34.767+0000] {processor.py:208} INFO - Processing /opt/airflow/dags/first_dag.py took 0.080 seconds
[2026-08-21T15:13:04.832+0000] {processor.py:186} INFO - Started process (PID=2505) to work on /opt/airflow/dags/first_dag.py
[2026-08-21T15:13:04.833+0000] {processor.py:914} INFO - Processing file /opt/airflow/dags/first_dag.py for tasks to queue
[2026-08-21T15:13:04.834+0000] {logging_mixin.py:190} INFO - [2026-08-21T15:13:04.833+0000] {dagbag.py:588} INFO - Filling up the DagBag from /opt/airflow/dags/first_dag.py
[2026-08-21T15:13:04.842+0000] {processor.py:925} INFO - DAG(s) 'first_dag' retrieved from /opt/airflow/dags/first_dag.py
[2026-08-21T15:13:04.864+0000] {logging_mixin.py:190} INFO - [2026-08-21T15:13:04.863+0000] {dag.py:3239} INFO - Sync 1 DAGs
[2026-08-21T15:13:04.886+0000] {logging_mixin.py:190} INFO - [2026-08-21T15:13:04.885+0000] {dag.py:4180} INFO - Setting next_dagrun for first_dag to 2026-08-21 14:00:00+00:00, run_after=2026-08-21 15:00:00+00:00
[2026-08-21T15:13:04.901+0000] {processor.py:208} INFO - Processing /opt/airflow/dags/first_dag.py took 0.075 seconds
[2026-08-21T15:13:35.008+0000] {processor.py:186} INFO - Started process (PID=2512) to work on /opt/airflow/dags/first_dag.py
[2026-08-21T15:13:35.009+0000] {processor.py:914} INFO - Processing file /opt/airflow/dags/first_dag.py for tasks to queue
[2026-08-21T15:13:35.010+0000] {logging_mixin.py:190} INFO - [2026-08-21T15:13:35.009+0000] {dagbag.py:588} INFO - Filling up the DagBag from /opt/airflow/dags/first_dag.py
[2026-08-21T15:13:35.019+0000] {processor.py:925} INFO - DAG(s) 'first_dag' retrieved from /opt/airflow/dags/first_dag.py
[2026-08-21T15:13:35.038+0000] {logging_mixin.py:190} INFO - [2026-08-21T15:13:35.038+0000] {dag.py:3239} INFO - Sync 1 DAGs
[2026-08-21T15:13:35.059+0000] {logging_mixin.py:190} INFO - [2026-08-21T15:13:35.059+0000] {dag.py:4180} INFO - Setting next_dagrun for first_dag to 2026-08-21 14:00:00+00:00, run_after=2026-08-21 15:00:00+00:00
[2026-08-21T15:13:35.073+0000] {processor.py:208} INFO - Processing /opt/airflow/dags/first_dag.py took 0.069 seconds
[2026-08-21T15:14:05.148+0000] {processor.py:186} INFO - Started process (PID=2519) to work on /opt/airflow/dags/first_dag.py
[2026-08-21T15:14:05.148+0000] {processor.py:914} INFO - Processing file /opt/airflow/dags/first_dag.py for tasks to queue
[2026-08-21T15:14:05.149+0000] {logging_mixin.py:190} INFO - [2026-08-21T15:14:05.149+0000] {dagbag.py:588} INFO - Filling up the DagBag from /opt/airflow/dags/first_dag.py
[2026-08-21T15:14:05.159+0000] {processor.py:925} INFO - DAG(s) 'first_dag' retrieved from /opt/airflow/dags/first_dag.py
[2026-08-21T15:14:05.180+0000] {logging_mixin.py:190} INFO - [2026-08-21T15:14:05.180+0000] {dag.py:3239} INFO - Sync 1 DAGs
[2026-08-21T15:14:05.201+0000] {logging_mixin.py:190} INFO - [2026-08-21T15:14:05.201+0000] {dag.py:4180} INFO - Setting next_dagrun for first_dag to 2026-08-21 14:00:00+00:00, run_after=2026-08-21 15:00:00+00:00
[2026-08-21T15:14:05.215+0000] {processor.py:208} INFO - Processing /opt/airflow/dags/first_dag.py took 0.072 seconds
[2026-08-21T15:14:35.325+0000] {processor.py:186} INFO - Started process (PID=2526) to work on /opt/airflow/dags/first_dag.py
[2026-08-21T15:14:35.326+0000] {processor.py:914} INFO - Processing file /opt/airflow/dags/first_dag.py for tasks to queue
[2026-08-21T15:14:35.326+0000] {logging_mixin.py:190} INFO - [2026-08-21T15:14:35.326+0000] {dagbag.py:588} INFO - Filling up the DagBag from /opt/airflow/dags/first_dag.py
[2026-08-21T15:14:35.336+0000] {processor.py:925} INFO - DAG(s) 'first_dag' retrieved from /opt/airflow/dags/first_dag.py
[2026-08-21T15:14:35.358+0000] {logging_mixin.py:190} INFO - [2026-08-21T15:14:35.358+0000] {dag.py:3239} INFO - Sync 1 DAGs
[2026-08-21T15:14:35.378+0000] {logging_mixin.py:190} INFO - [2026-08-21T15:14:35.378+0000] {dag.py:4180} INFO - Setting next_dagrun for first_dag to 2026-08-21 14:00:00+00:00, run_after=2026-08-21 15:00:00+00:00
[2026-08-21T15:14:35.393+0000] {processor.py:208} INFO - Processing /opt/airflow/dags/first_dag.py took 0.073 seconds
[2026-08-21T15:15:05.468+0000] {processor.py:186} INFO - Started process (PID=2533) to work on /opt/airflow/dags/first_dag.py
[2026-08-21T15:15:05.469+0000] {processor.py:914} INFO - Processing file /opt/airflow/dags/first_dag.py for tasks to queue
[2026-08-21T15:15:05.470+0000] {logging_mixin.py:190} INFO - [2026-08-21T15:15:05.470+0000] {dagbag.py:588} INFO - Filling up the DagBag from /opt/airflow/dags/first_dag.py
[2026-08-21T15:15:05.480+0000] {processor.py:925} INFO - DAG(s) 'first_dag' retrieved from /opt/airflow/dags/first_dag.py
[2026-08-21T15:15:05.501+0000] {logging_mixin.py:190} INFO - [2026-08-21T15:15:05.501+0000] {dag.py:3239} INFO - Sync 1 DAGs
[2026-08-21T15:15:05.524+0000] {logging_mixin.py:190} INFO - [2026-08-21T15:15:05.524+0000] {dag.py:4180} INFO - Setting next_dagrun for first_dag to 2026-08-21 14:00:00+00:00, run_after=2026-08-21 15:00:00+00:00
[2026-08-21T15:15:05.538+0000] {processor.py:208} INFO - Processing /opt/airflow/dags/first_dag.py took 0.074 seconds
[2026-08-21T15:15:35.645+0000] {processor.py:186} INFO - Started process (PID=2540) to work on /opt/airflow/dags/first_dag.py
[2026-08-21T15:15:35.652+0000] {processor.py:914} INFO - Processing file /opt/airflow/dags/first_dag.py for tasks to queue
[2026-08-21T15:15:35.653+0000] {logging_mixin.py:190} INFO - [2026-08-21T15:15:35.653+0000] {dagbag.py:588} INFO - Filling up the DagBag from /opt/airflow/dags/first_dag.py
[2026-08-21T15:15:35.663+0000] {processor.py:925} INFO - DAG(s) 'first_dag' retrieved from /opt/airflow/dags/first_dag.py
[2026-08-21T15:15:35.683+0000] {logging_mixin.py:190} INFO - [2026-08-21T15:15:35.683+0000] {dag.py:3239} INFO - Sync 1 DAGs
[2026-08-21T15:15:35.706+0000] {logging_mixin.py:190} INFO - [2026-08-21T15:15:35.706+0000] {dag.py:4180} INFO - Setting next_dagrun for first_dag to 2026-08-21 14:00:00+00:00, run_after=2026-08-21 15:00:00+00:00
[2026-08-21T15:15:35.721+0000] {processor.py:208} INFO - Processing /opt/airflow/dags/first_dag.py took 0.081 seconds
[2026-08-21T15:16:05.803+0000] {processor.py:186} INFO - Started process (PID=2548) to work on /opt/airflow/dags/first_dag.py
[2026-08-21T15:16:05.803+0000] {processor.py:914} INFO - Processing file /opt/airflow/dags/first_dag.py for tasks to queue
[2026-08-21T15:16:05.804+0000] {logging_mixin.py:190} INFO - [2026-08-21T15:16:05.804+0000] {dagbag.py:588} INFO - Filling up the DagBag from /opt/airflow/dags/first_dag.py
[2026-08-21T15:16:05.814+0000] {processor.py:925} INFO - DAG(s) 'first_dag' retrieved from /opt/airflow/dags/first_dag.py
[2026-08-21T15:16:05.835+0000] {logging_mixin.py:190} INFO - [2026-08-21T15:16:05.834+0000] {dag.py:3239} INFO - Sync 1 DAGs
[2026-08-21T15:16:05.856+0000] {logging_mixin.py:190} INFO - [2026-08-21T15:16:05.856+0000] {dag.py:4180} INFO - Setting next_dagrun for first_dag to 2026-08-21 14:00:00+00:00, run_after=2026-08-21 15:00:00+00:00
[2026-08-21T15:16:05.870+0000] {processor.py:208} INFO - Processing /opt/airflow/dags/first_dag.py took 0.072 seconds
[2026-08-21T15:16:35.981+0000] {processor.py:186} INFO - Started process (PID=2555) to work on /opt/airflow/dags/first_dag.py
[2026-08-21T15:16:35.988+0000] {processor.py:914} INFO - Processing file /opt/airflow/dags/first_dag.py for tasks to queue
[2026-08-21T15:16:35.990+0000] {logging_mixin.py:190} INFO - [2026-08-21T15:16:35.989+0000] {dagbag.py:588} INFO - Filling up the DagBag from /opt/airflow/dags/first_dag.py
[2026-08-21T15:16:35.999+0000] {processor.py:925} INFO - DAG(s) 'first_dag' retrieved from /opt/airflow/dags/first_dag.py
[2026-08-21T15:16:36.018+0000] {logging_mixin.py:190} INFO - [2026-08-21T15:16:36.018+0000] {dag.py:3239} INFO - Sync 1 DAGs
[2026-08-21T15:16:36.040+0000] {logging_mixin.py:190} INFO - [2026-08-21T15:16:36.040+0000] {dag.py:4180} INFO - Setting next_dagrun for first_dag to 2026-08-21 14:00:00+00:00, run_after=2026-08-21 15:00:00+00:00
[2026-08-21T15:16:36.055+0000] {processor.py:208} INFO - Processing /opt/airflow/dags/first_dag.py took 0.078 seconds
[2026-08-21T15:17:06.119+0000] {processor.py:186} INFO - Started process (PID=2562) to work on /opt/airflow/dags/first_dag.py
[2026-08-21T15:17:06.120+0000] {processor.py:914} INFO - Processing file /opt/airflow/dags/first_dag.py for tasks to queue
[2026-08-21T15:17:06.120+0000] {logging_mixin.py:190} INFO - [2026-08-21T15:17:06.120+0000] {dagbag.py:588} INFO - Filling up the DagBag from /opt/airflow/dags/first_dag.py
[2026-08-21T15:17:06.130+0000] {processor.py:925} INFO - DAG(s) 'first_dag' retrieved from /opt/airflow/dags/first_dag.py
[2026-08-21T15:17:06.150+0000] {logging_mixin.py:190} INFO - [2026-08-21T15:17:06.150+0000] {dag.py:3239} INFO - Sync 1 DAGs
[2026-08-21T15:17:06.171+0000] {logging_mixin.py:190} INFO - [2026-08-21T15:17:06.171+0000] {dag.py:4180} INFO - Setting next_dagrun for first_dag to 2026-08-21 14:00:00+00:00, run_after=2026-08-21 15:00:00+00:00
[2026-08-21T15:17:06.185+0000] {processor.py:208} INFO - Processing /opt/airflow/dags/first_dag.py took 0.070 seconds
[2026-08-21T15:17:36.308+0000] {processor.py:186} INFO - Started process (PID=2569) to work on /opt/airflow/dags/first_dag.py
[2026-08-21T15:17:36.314+0000] {processor.py:914} INFO - Processing file /opt/airflow/dags/first_dag.py for tasks to queue
[2026-08-21T15:17:36.316+0000] {logging_mixin.py:190} INFO - [2026-08-21T15:17:36.315+0000] {dagbag.py:588} INFO - Filling up the DagBag from /opt/airflow/dags/first_dag.py
[2026-08-21T15:17:36.325+0000] {processor.py:925} INFO - DAG(s) 'first_dag' retrieved from /opt/airflow/dags/first_dag.py
[2026-08-21T15:17:36.346+0000] {logging_mixin.py:190} INFO - [2026-08-21T15:17:36.346+0000] {dag.py:3239} INFO - Sync 1 DAGs
[2026-08-21T15:17:36.367+0000] {logging_mixin.py:190} INFO - [2026-08-21T15:17:36.367+0000] {dag.py:4180} INFO - Setting next_dagrun for first_dag to 2026-08-21 14:00:00+00:00, run_after=2026-08-21 15:00:00+00:00
[2026-08-21T15:17:36.383+0000] {processor.py:208} INFO - Processing /opt/airflow/dags/first_dag.py took 0.080 seconds
[2026-08-21T15:18:06.446+0000] {processor.py:186} INFO - Started process (PID=2576) to work on /opt/airflow/dags/first_dag.py
[2026-08-21T15:18:06.446+0000] {processor.py:914} INFO - Processing file /opt/airflow/dags/first_dag.py for tasks to queue
[2026-08-21T15:18:06.447+0000] {logging_mixin.py:190} INFO - [2026-08-21T15:18:06.447+0000] {dagbag.py:588} INFO - Filling up the DagBag from /opt/airflow/dags/first_dag.py
[2026-08-21T15:18:06.457+0000] {processor.py:925} INFO - DAG(s) 'first_dag' retrieved from /opt/airflow/dags/first_dag.py
[2026-08-21T15:18:06.477+0000] {logging_mixin.py:190} INFO - [2026-08-21T15:18:06.477+0000] {dag.py:3239} INFO - Sync 1 DAGs
[2026-08-21T15:18:06.498+0000] {logging_mixin.py:190} INFO - [2026-08-21T15:18:06.498+0000] {dag.py:4180} INFO - Setting next_dagrun for first_dag to 2026-08-21 14:00:00+00:00, run_after=2026-08-21 15:00:00+00:00
[2026-08-21T15:18:06.512+0000] {processor.py:208} INFO - Processing /opt/airflow/dags/first_dag.py took 0.070 seconds
[2026-08-21T15:18:36.632+0000] {processor.py:186} INFO - Started process (PID=2583) to work on /opt/airflow/dags/first_dag.py
[2026-08-21T15:18:36.638+0000] {processor.py:914} INFO - Processing file /opt/airflow/dags/first_dag.py for tasks to queue
[2026-08-21T15:18:36.640+0000] {logging_mixin.py:190} INFO - [2026-08-21T15:18:36.639+0000] {dagbag.py:588} INFO - Filling up the DagBag from /opt/airflow/dags/first_dag.py
[2026-08-21T15:18:36.650+0000] {processor.py:925} INFO - DAG(s) 'first_dag' retrieved from /opt/airflow/dags/first_dag.py
[2026-08-21T15:18:36.670+0000] {logging_mixin.py:190} INFO - [2026-08-21T15:18:36.669+0000] {dag.py:3239} INFO - Sync 1 DAGs
[2026-08-21T15:18:36.691+0000] {logging_mixin.py:190} INFO - [2026-08-21T15:18:36.691+0000] {dag.py:4180} INFO - Setting next_dagrun for first_dag to 2026-08-21 14:00:00+00:00, run_after=2026-08-21 15:00:00+00:00
[2026-08-21T15:18:36.706+0000] {processor.py:208} INFO - Processing /opt/airflow/dags/first_dag.py took 0.079 seconds
[2026-08-21T15:19:06.762+0000] {processor.py:186} INFO - Started process (PID=2590) to work on /opt/airflow/dags/first_dag.py
[2026-08-21T15:19:06.762+0000] {processor.py:914} INFO - Processing file /opt/airflow/dags/first_dag.py for tasks to queue
[2026-08-21T15:19:06.763+0000] {logging_mixin.py:190} INFO - [2026-08-21T15:19:06.763+0000] {dagbag.py:588} INFO - Filling up the DagBag from /opt/airflow/dags/first_dag.py
[2026-08-21T15:19:06.773+0000] {processor.py:925} INFO - DAG(s) 'first_dag' retrieved from /opt/airflow/dags/first_dag.py
[2026-08-21T15:19:06.794+0000] {logging_mixin.py:190} INFO - [2026-08-21T15:19:06.794+0000] {dag.py:3239} INFO - Sync 1 DAGs
[2026-08-21T15:19:06.817+0000] {logging_mixin.py:190} INFO - [2026-08-21T15:19:06.816+0000] {dag.py:4180} INFO - Setting next_dagrun for first_dag to 2026-08-21 14:00:00+00:00, run_after=2026-08-21 15:00:00+00:00
[2026-08-21T15:19:06.833+0000] {processor.py:208} INFO - Processing /opt/airflow/dags/first_dag.py took 0.075 seconds
[2026-08-21T15:19:36.953+0000] {processor.py:186} INFO - Started process (PID=2597) to work on /opt/airflow/dags/first_dag.py
[2026-08-21T15:19:36.960+0000] {processor.py:914} INFO - Processing file /opt/airflow/dags/first_dag.py for tasks to queue
[2026-08-21T15:19:36.961+0000] {logging_mixin.py:190} INFO - [2026-08-21T15:19:36.961+0000] {dagbag.py:588} INFO - Filling up the DagBag from /opt/airflow/dags/first_dag.py
[2026-08-21T15:19:36.971+0000] {processor.py:925} INFO - DAG(s) 'first_dag' retrieved from /opt/airflow/dags/first_dag.py
[2026-08-21T15:19:36.991+0000] {logging_mixin.py:190} INFO - [2026-08-21T15:19:36.991+0000] {dag.py:3239} INFO - Sync 1 DAGs
[2026-08-21T15:19:37.013+0000] {logging_mixin.py:190} INFO - [2026-08-21T15:19:37.012+0000] {dag.py:4180} INFO - Setting next_dagrun for first_dag to 2026-08-21 14:00:00+00:00, run_after=2026-08-21 15:00:00+00:00
[2026-08-21T15:19:37.027+0000] {processor.py:208} INFO - Processing /opt/airflow/dags/first_dag.py took 0.078 seconds
[2026-08-21T15:20:07.085+0000] {processor.py:186} INFO - Started process (PID=2604) to work on /opt/airflow/dags/first_dag.py
[2026-08-21T15:20:07.086+0000] {processor.py:914} INFO - Processing file /opt/airflow/dags/first_dag.py for tasks to queue
[2026-08-21T15:20:07.087+0000] {logging_mixin.py:190} INFO - [2026-08-21T15:20:07.087+0000] {dagbag.py:588} INFO - Filling up the DagBag from /opt/airflow/dags/first_dag.py
[2026-08-21T15:20:07.096+0000] {processor.py:925} INFO - DAG(s) 'first_dag' retrieved from /opt/airflow/dags/first_dag.py
[2026-08-21T15:20:07.116+0000] {logging_mixin.py:190} INFO - [2026-08-21T15:20:07.116+0000] {dag.py:3239} INFO - Sync 1 DAGs
[2026-08-21T15:20:07.137+0000] {logging_mixin.py:190} INFO - [2026-08-21T15:20:07.137+0000] {dag.py:4180} INFO - Setting next_dagrun for first_dag to 2026-08-21 14:00:00+00:00, run_after=2026-08-21 15:00:00+00:00
[2026-08-21T15:20:07.151+0000] {processor.py:208} INFO - Processing /opt/airflow/dags/first_dag.py took 0.071 seconds
[2026-08-21T15:20:37.285+0000] {processor.py:186} INFO - Started process (PID=2611) to work on /opt/airflow/dags/first_dag.py
[2026-08-21T15:20:37.292+0000] {processor.py:914} INFO - Processing file /opt/airflow/dags/first_dag.py for tasks to queue
[2026-08-21T15:20:37.293+0000] {logging_mixin.py:190} INFO - [2026-08-21T15:20:37.293+0000] {dagbag.py:588} INFO - Filling up the DagBag from /opt/airflow/dags/first_dag.py
[2026-08-21T15:20:37.302+0000] {processor.py:925} INFO - DAG(s) 'first_dag' retrieved from /opt/airflow/dags/first_dag.py
[2026-08-21T15:20:37.321+0000] {logging_mixin.py:190} INFO - [2026-08-21T15:20:37.321+0000] {dag.py:3239} INFO - Sync 1 DAGs
[2026-08-21T15:20:37.343+0000] {logging_mixin.py:190} INFO - [2026-08-21T15:20:37.343+0000] {dag.py:4180} INFO - Setting next_dagrun for first_dag to 2026-08-21 14:00:00+00:00, run_after=2026-08-21 15:00:00+00:00
[2026-08-21T15:20:37.357+0000] {processor.py:208} INFO - Processing /opt/airflow/dags/first_dag.py took 0.076 seconds
[2026-08-21T15:21:07.420+0000] {processor.py:186} INFO - Started process (PID=2618) to work on /opt/airflow/dags/first_dag.py
[2026-08-21T15:21:07.421+0000] {processor.py:914} INFO - Processing file /opt/airflow/dags/first_dag.py for tasks to queue
[2026-08-21T15:21:07.422+0000] {logging_mixin.py:190} INFO - [2026-08-21T15:21:07.422+0000] {dagbag.py:588} INFO - Filling up the DagBag from /opt/airflow/dags/first_dag.py
[2026-08-21T15:21:07.431+0000] {processor.py:925} INFO - DAG(s) 'first_dag' retrieved from /opt/airflow/dags/first_dag.py
[2026-08-21T15:21:07.452+0000] {logging_mixin.py:190} INFO - [2026-08-21T15:21:07.452+0000] {dag.py:3239} INFO - Sync 1 DAGs
[2026-08-21T15:21:07.473+0000] {logging_mixin.py:190} INFO - [2026-08-21T15:21:07.473+0000] {dag.py:4180} INFO - Setting next_dagrun for first_dag to 2026-08-21 14:00:00+00:00, run_after=2026-08-21 15:00:00+00:00
[2026-08-21T15:21:07.488+0000] {processor.py:208} INFO - Processing /opt/airflow/dags/first_dag.py took 0.073 seconds
[2026-08-21T15:21:37.639+0000] {processor.py:186} INFO - Started process (PID=2625) to work on /opt/airflow/dags/first_dag.py
[2026-08-21T15:21:37.646+0000] {processor.py:914} INFO - Processing file /opt/airflow/dags/first_dag.py for tasks to queue
[2026-08-21T15:21:37.647+0000] {logging_mixin.py:190} INFO - [2026-08-21T15:21:37.647+0000] {dagbag.py:588} INFO - Filling up the DagBag from /opt/airflow/dags/first_dag.py
[2026-08-21T15:21:37.657+0000] {processor.py:925} INFO - DAG(s) 'first_dag' retrieved from /opt/airflow/dags/first_dag.py
[2026-08-21T15:21:37.680+0000] {logging_mixin.py:190} INFO - [2026-08-21T15:21:37.679+0000] {dag.py:3239} INFO - Sync 1 DAGs
[2026-08-21T15:21:37.702+0000] {logging_mixin.py:190} INFO - [2026-08-21T15:21:37.701+0000] {dag.py:4180} INFO - Setting next_dagrun for first_dag to 2026-08-21 14:00:00+00:00, run_after=2026-08-21 15:00:00+00:00
[2026-08-21T15:21:37.718+0000] {processor.py:208} INFO - Processing /opt/airflow/dags/first_dag.py took 0.084 seconds
[2026-08-21T15:22:07.964+0000] {processor.py:186} INFO - Started process (PID=2634) to work on /opt/airflow/dags/first_dag.py
[2026-08-21T15:22:07.965+0000] {processor.py:914} INFO - Processing file /opt/airflow/dags/first_dag.py for tasks to queue
[2026-08-21T15:22:07.966+0000] {logging_mixin.py:190} INFO - [2026-08-21T15:22:07.966+0000] {dagbag.py:588} INFO - Filling up the DagBag from /opt/airflow/dags/first_dag.py
[2026-08-21T15:22:07.976+0000] {processor.py:925} INFO - DAG(s) 'first_dag' retrieved from /opt/airflow/dags/first_dag.py
[2026-08-21T15:22:07.997+0000] {logging_mixin.py:190} INFO - [2026-08-21T15:22:07.997+0000] {dag.py:3239} INFO - Sync 1 DAGs
[2026-08-21T15:22:08.018+0000] {logging_mixin.py:190} INFO - [2026-08-21T15:22:08.018+0000] {dag.py:4180} INFO - Setting next_dagrun for first_dag to 2026-08-21 14:00:00+00:00, run_after=2026-08-21 15:00:00+00:00
[2026-08-21T15:22:08.032+0000] {processor.py:208} INFO - Processing /opt/airflow/dags/first_dag.py took 0.072 seconds
[2026-08-21T15:22:38.174+0000] {processor.py:186} INFO - Started process (PID=2642) to work on /opt/airflow/dags/first_dag.py
[2026-08-21T15:22:38.180+0000] {processor.py:914} INFO - Processing file /opt/airflow/dags/first_dag.py for tasks to queue
[2026-08-21T15:22:38.182+0000] {logging_mixin.py:190} INFO - [2026-08-21T15:22:38.181+0000] {dagbag.py:588} INFO - Filling up the DagBag from /opt/airflow/dags/first_dag.py
[2026-08-21T15:22:38.190+0000] {processor.py:925} INFO - DAG(s) 'first_dag' retrieved from /opt/airflow/dags/first_dag.py
[2026-08-21T15:22:38.211+0000] {logging_mixin.py:190} INFO - [2026-08-21T15:22:38.211+0000] {dag.py:3239} INFO - Sync 1 DAGs
[2026-08-21T15:22:38.231+0000] {logging_mixin.py:190} INFO - [2026-08-21T15:22:38.231+0000] {dag.py:4180} INFO - Setting next_dagrun for first_dag to 2026-08-21 14:00:00+00:00, run_after=2026-08-21 15:00:00+00:00
[2026-08-21T15:22:38.245+0000] {processor.py:208} INFO - Processing /opt/airflow/dags/first_dag.py took 0.076 seconds
[2026-08-21T15:23:08.390+0000] {processor.py:186} INFO - Started process (PID=2650) to work on /opt/airflow/dags/first_dag.py
[2026-08-21T15:23:08.391+0000] {processor.py:914} INFO - Processing file /opt/airflow/dags/first_dag.py for tasks to queue
[2026-08-21T15:23:08.392+0000] {logging_mixin.py:190} INFO - [2026-08-21T15:23:08.391+0000] {dagbag.py:588} INFO - Filling up the DagBag from /opt/airflow/dags/first_dag.py
[2026-08-21T15:23:08.401+0000] {processor.py:925} INFO - DAG(s) 'first_dag' retrieved from /opt/airflow/dags/first_dag.py
[2026-08-21T15:23:08.419+0000] {logging_mixin.py:190} INFO - [2026-08-21T15:23:08.419+0000] {dag.py:3239} INFO - Sync 1 DAGs
[2026-08-21T15:23:08.440+0000] {logging_mixin.py:190} INFO - [2026-08-21T15:23:08.440+0000] {dag.py:4180} INFO - Setting next_dagrun for first_dag to 2026-08-21 14:00:00+00:00, run_after=2026-08-21 15:00:00+00:00
[2026-08-21T15:23:08.454+0000] {processor.py:208} INFO - Processing /opt/airflow/dags/first_dag.py took 0.068 seconds
[2026-08-21T15:23:38.597+0000] {processor.py:186} INFO - Started process (PID=2658) to work on /opt/airflow/dags/first_dag.py
[2026-08-21T15:23:38.603+0000] {processor.py:914} INFO - Processing file /opt/airflow/dags/first_dag.py for tasks to queue
[2026-08-21T15:23:38.605+0000] {logging_mixin.py:190} INFO - [2026-08-21T15:23:38.604+0000] {dagbag.py:588} INFO - Filling up the DagBag from /opt/airflow/dags/first_dag.py
[2026-08-21T15:23:38.614+0000] {processor.py:925} INFO - DAG(s) 'first_dag' retrieved from /opt/airflow/dags/first_dag.py
[2026-08-21T15:23:38.633+0000] {logging_mixin.py:190} INFO - [2026-08-21T15:23:38.633+0000] {dag.py:3239} INFO - Sync 1 DAGs
[2026-08-21T15:23:38.657+0000] {logging_mixin.py:190} INFO - [2026-08-21T15:23:38.657+0000] {dag.py:4180} INFO - Setting next_dagrun for first_dag to 2026-08-21 14:00:00+00:00, run_after=2026-08-21 15:00:00+00:00
[2026-08-21T15:23:38.672+0000] {processor.py:208} INFO - Processing /opt/airflow/dags/first_dag.py took 0.080 seconds
[2026-08-21T15:24:08.811+0000] {processor.py:186} INFO - Started process (PID=2666) to work on /opt/airflow/dags/first_dag.py
[2026-08-21T15:24:08.812+0000] {processor.py:914} INFO - Processing file /opt/airflow/dags/first_dag.py for tasks to queue
[2026-08-21T15:24:08.813+0000] {logging_mixin.py:190} INFO - [2026-08-21T15:24:08.813+0000] {dagbag.py:588} INFO - Filling up the DagBag from /opt/airflow/dags/first_dag.py
[2026-08-21T15:24:08.822+0000] {processor.py:925} INFO - DAG(s) 'first_dag' retrieved from /opt/airflow/dags/first_dag.py
[2026-08-21T15:24:08.844+0000] {logging_mixin.py:190} INFO - [2026-08-21T15:24:08.843+0000] {dag.py:3239} INFO - Sync 1 DAGs
[2026-08-21T15:24:08.867+0000] {logging_mixin.py:190} INFO - [2026-08-21T15:24:08.866+0000] {dag.py:4180} INFO - Setting next_dagrun for first_dag to 2026-08-21 14:00:00+00:00, run_after=2026-08-21 15:00:00+00:00
[2026-08-21T15:24:08.883+0000] {processor.py:208} INFO - Processing /opt/airflow/dags/first_dag.py took 0.076 seconds
[2026-08-21T15:24:39.029+0000] {processor.py:186} INFO - Started process (PID=2674) to work on /opt/airflow/dags/first_dag.py
[2026-08-21T15:24:39.037+0000] {processor.py:914} INFO - Processing file /opt/airflow/dags/first_dag.py for tasks to queue
[2026-08-21T15:24:39.038+0000] {logging_mixin.py:190} INFO - [2026-08-21T15:24:39.038+0000] {dagbag.py:588} INFO - Filling up the DagBag from /opt/airflow/dags/first_dag.py
[2026-08-21T15:24:39.048+0000] {processor.py:925} INFO - DAG(s) 'first_dag' retrieved from /opt/airflow/dags/first_dag.py
[2026-08-21T15:24:39.069+0000] {logging_mixin.py:190} INFO - [2026-08-21T15:24:39.069+0000] {dag.py:3239} INFO - Sync 1 DAGs
[2026-08-21T15:24:39.090+0000] {logging_mixin.py:190} INFO - [2026-08-21T15:24:39.090+0000] {dag.py:4180} INFO - Setting next_dagrun for first_dag to 2026-08-21 14:00:00+00:00, run_after=2026-08-21 15:00:00+00:00
[2026-08-21T15:24:39.105+0000] {processor.py:208} INFO - Processing /opt/airflow/dags/first_dag.py took 0.081 seconds
[2026-08-21T15:25:09.247+0000] {processor.py:186} INFO - Started process (PID=2682) to work on /opt/airflow/dags/first_dag.py
[2026-08-21T15:25:09.248+0000] {processor.py:914} INFO - Processing file /opt/airflow/dags/first_dag.py for tasks to queue
[2026-08-21T15:25:09.249+0000] {logging_mixin.py:190} INFO - [2026-08-21T15:25:09.249+0000] {dagbag.py:588} INFO - Filling up the DagBag from /opt/airflow/dags/first_dag.py
[2026-08-21T15:25:09.258+0000] {processor.py:925} INFO - DAG(s) 'first_dag' retrieved from /opt/airflow/dags/first_dag.py
[2026-08-21T15:25:09.278+0000] {logging_mixin.py:190} INFO - [2026-08-21T15:25:09.277+0000] {dag.py:3239} INFO - Sync 1 DAGs
[2026-08-21T15:25:09.300+0000] {logging_mixin.py:190} INFO - [2026-08-21T15:25:09.300+0000] {dag.py:4180} INFO - Setting next_dagrun for first_dag to 2026-08-21 14:00:00+00:00, run_after=2026-08-21 15:00:00+00:00
[2026-08-21T15:25:09.316+0000] {processor.py:208} INFO - Processing /opt/airflow/dags/first_dag.py took 0.073 seconds
[2026-08-21T15:25:39.460+0000] {processor.py:186} INFO - Started process (PID=2690) to work on /opt/airflow/dags/first_dag.py
[2026-08-21T15:25:39.467+0000] {processor.py:914} INFO - Processing file /opt/airflow/dags/first_dag.py for tasks to queue
[2026-08-21T15:25:39.468+0000] {logging_mixin.py:190} INFO - [2026-08-21T15:25:39.468+0000] {dagbag.py:588} INFO - Filling up the DagBag from /opt/airflow/dags/first_dag.py
[2026-08-21T15:25:39.477+0000] {processor.py:925} INFO - DAG(s) 'first_dag' retrieved from /opt/airflow/dags/first_dag.py
[2026-08-21T15:25:39.498+0000] {logging_mixin.py:190} INFO - [2026-08-21T15:25:39.498+0000] {dag.py:3239} INFO - Sync 1 DAGs
[2026-08-21T15:25:39.518+0000] {logging_mixin.py:190} INFO - [2026-08-21T15:25:39.518+0000] {dag.py:4180} INFO - Setting next_dagrun for first_dag to 2026-08-21 14:00:00+00:00, run_after=2026-08-21 15:00:00+00:00
[2026-08-21T15:25:39.534+0000] {processor.py:208} INFO - Processing /opt/airflow/dags/first_dag.py took 0.079 seconds
[2026-08-21T15:26:09.686+0000] {processor.py:186} INFO - Started process (PID=2698) to work on /opt/airflow/dags/first_dag.py
[2026-08-21T15:26:09.686+0000] {processor.py:914} INFO - Processing file /opt/airflow/dags/first_dag.py for tasks to queue
[2026-08-21T15:26:09.687+0000] {logging_mixin.py:190} INFO - [2026-08-21T15:26:09.687+0000] {dagbag.py:588} INFO - Filling up the DagBag from /opt/airflow/dags/first_dag.py
[2026-08-21T15:26:09.696+0000] {processor.py:925} INFO - DAG(s) 'first_dag' retrieved from /opt/airflow/dags/first_dag.py
[2026-08-21T15:26:09.716+0000] {logging_mixin.py:190} INFO - [2026-08-21T15:26:09.716+0000] {dag.py:3239} INFO - Sync 1 DAGs
[2026-08-21T15:26:09.738+0000] {logging_mixin.py:190} INFO - [2026-08-21T15:26:09.738+0000] {dag.py:4180} INFO - Setting next_dagrun for first_dag to 2026-08-21 14:00:00+00:00, run_after=2026-08-21 15:00:00+00:00
[2026-08-21T15:26:09.752+0000] {processor.py:208} INFO - Processing /opt/airflow/dags/first_dag.py took 0.072 seconds
[2026-08-21T15:26:39.897+0000] {processor.py:186} INFO - Started process (PID=2706) to work on /opt/airflow/dags/first_dag.py
[2026-08-21T15:26:39.903+0000] {processor.py:914} INFO - Processing file /opt/airflow/dags/first_dag.py for tasks to queue
[2026-08-21T15:26:39.905+0000] {logging_mixin.py:190} INFO - [2026-08-21T15:26:39.904+0000] {dagbag.py:588} INFO - Filling up the DagBag from /opt/airflow/dags/first_dag.py
[2026-08-21T15:26:39.914+0000] {processor.py:925} INFO - DAG(s) 'first_dag' retrieved from /opt/airflow/dags/first_dag.py
[2026-08-21T15:26:39.933+0000] {logging_mixin.py:190} INFO - [2026-08-21T15:26:39.933+0000] {dag.py:3239} INFO - Sync 1 DAGs
[2026-08-21T15:26:39.953+0000] {logging_mixin.py:190} INFO - [2026-08-21T15:26:39.953+0000] {dag.py:4180} INFO - Setting next_dagrun for first_dag to 2026-08-21 14:00:00+00:00, run_after=2026-08-21 15:00:00+00:00
[2026-08-21T15:26:39.967+0000] {processor.py:208} INFO - Processing /opt/airflow/dags/first_dag.py took 0.075 seconds
[2026-08-21T15:27:10.109+0000] {processor.py:186} INFO - Started process (PID=2714) to work on /opt/airflow/dags/first_dag.py
[2026-08-21T15:27:10.109+0000] {processor.py:914} INFO - Processing file /opt/airflow/dags/first_dag.py for tasks to queue
[2026-08-21T15:27:10.110+0000] {logging_mixin.py:190} INFO - [2026-08-21T15:27:10.110+0000] {dagbag.py:588} INFO - Filling up the DagBag from /opt/airflow/dags/first_dag.py
[2026-08-21T15:27:10.120+0000] {processor.py:925} INFO - DAG(s) 'first_dag' retrieved from /opt/airflow/dags/first_dag.py
[2026-08-21T15:27:10.140+0000] {logging_mixin.py:190} INFO - [2026-08-21T15:27:10.140+0000] {dag.py:3239} INFO - Sync 1 DAGs
[2026-08-21T15:27:10.162+0000] {logging_mixin.py:190} INFO - [2026-08-21T15:27:10.162+0000] {dag.py:4180} INFO - Setting next_dagrun for first_dag to 2026-08-21 14:00:00+00:00, run_after=2026-08-21 15:00:00+00:00
[2026-08-21T15:27:10.176+0000] {processor.py:208} INFO - Processing /opt/airflow/dags/first_dag.py took 0.071 seconds
[2026-08-21T15:27:40.323+0000] {processor.py:186} INFO - Started process (PID=2722) to work on /opt/airflow/dags/first_dag.py
[2026-08-21T15:27:40.329+0000] {processor.py:914} INFO - Processing file /opt/airflow/dags/first_dag.py for tasks to queue
[2026-08-21T15:27:40.330+0000] {logging_mixin.py:190} INFO - [2026-08-21T15:27:40.330+0000] {dagbag.py:588} INFO - Filling up the DagBag from /opt/airflow/dags/first_dag.py
[2026-08-21T15:27:40.339+0000] {processor.py:925} INFO - DAG(s) 'first_dag' retrieved from /opt/airflow/dags/first_dag.py
[2026-08-21T15:27:40.358+0000] {logging_mixin.py:190} INFO - [2026-08-21T15:27:40.358+0000] {dag.py:3239} INFO - Sync 1 DAGs
[2026-08-21T15:27:40.379+0000] {logging_mixin.py:190} INFO - [2026-08-21T15:27:40.379+0000] {dag.py:4180} INFO - Setting next_dagrun for first_dag to 2026-08-21 14:00:00+00:00, run_after=2026-08-21 15:00:00+00:00
[2026-08-21T15:27:40.393+0000] {processor.py:208} INFO - Processing /opt/airflow/dags/first_dag.py took 0.075 seconds
[2026-08-21T15:28:10.536+0000] {processor.py:186} INFO - Started process (PID=2730) to work on /opt/airflow/dags/first_dag.py
[2026-08-21T15:28:10.537+0000] {processor.py:914} INFO - Processing file /opt/airflow/dags/first_dag.py for tasks to queue
[2026-08-21T15:28:10.538+0000] {logging_mixin.py:190} INFO - [2026-08-21T15:28:10.537+0000] {dagbag.py:588} INFO - Filling up the DagBag from /opt/airflow/dags/first_dag.py
[2026-08-21T15:28:10.547+0000] {processor.py:925} INFO - DAG(s) 'first_dag' retrieved from /opt/airflow/dags/first_dag.py
[2026-08-21T15:28:10.567+0000] {logging_mixin.py:190} INFO - [2026-08-21T15:28:10.567+0000] {dag.py:3239} INFO - Sync 1 DAGs
[2026-08-21T15:28:10.587+0000] {logging_mixin.py:190} INFO - [2026-08-21T15:28:10.587+0000] {dag.py:4180} INFO - Setting next_dagrun for first_dag to 2026-08-21 14:00:00+00:00, run_after=2026-08-21 15:00:00+00:00
[2026-08-21T15:28:10.601+0000] {processor.py:208} INFO - Processing /opt/airflow/dags/first_dag.py took 0.070 seconds
[2026-08-21T15:28:40.744+0000] {processor.py:186} INFO - Started process (PID=2738) to work on /opt/airflow/dags/first_dag.py
[2026-08-21T15:28:40.751+0000] {processor.py:914} INFO - Processing file /opt/airflow/dags/first_dag.py for tasks to queue
[2026-08-21T15:28:40.752+0000] {logging_mixin.py:190} INFO - [2026-08-21T15:28:40.752+0000] {dagbag.py:588} INFO - Filling up the DagBag from /opt/airflow/dags/first_dag.py
[2026-08-21T15:28:40.761+0000] {processor.py:925} INFO - DAG(s) 'first_dag' retrieved from /opt/airflow/dags/first_dag.py
[2026-08-21T15:28:40.781+0000] {logging_mixin.py:190} INFO - [2026-08-21T15:28:40.781+0000] {dag.py:3239} INFO - Sync 1 DAGs
[2026-08-21T15:28:40.801+0000] {logging_mixin.py:190} INFO - [2026-08-21T15:28:40.801+0000] {dag.py:4180} INFO - Setting next_dagrun for first_dag to 2026-08-21 14:00:00+00:00, run_after=2026-08-21 15:00:00+00:00
[2026-08-21T15:28:40.815+0000] {processor.py:208} INFO - Processing /opt/airflow/dags/first_dag.py took 0.076 seconds
[2026-08-21T15:29:10.962+0000] {processor.py:186} INFO - Started process (PID=2746) to work on /opt/airflow/dags/first_dag.py
[2026-08-21T15:29:10.963+0000] {processor.py:914} INFO - Processing file /opt/airflow/dags/first_dag.py for tasks to queue
[2026-08-21T15:29:10.964+0000] {logging_mixin.py:190} INFO - [2026-08-21T15:29:10.964+0000] {dagbag.py:588} INFO - Filling up the DagBag from /opt/airflow/dags/first_dag.py
[2026-08-21T15:29:10.973+0000] {processor.py:925} INFO - DAG(s) 'first_dag' retrieved from /opt/airflow/dags/first_dag.py
[2026-08-21T15:29:10.994+0000] {logging_mixin.py:190} INFO - [2026-08-21T15:29:10.994+0000] {dag.py:3239} INFO - Sync 1 DAGs
[2026-08-21T15:29:11.017+0000] {logging_mixin.py:190} INFO - [2026-08-21T15:29:11.017+0000] {dag.py:4180} INFO - Setting next_dagrun for first_dag to 2026-08-21 14:00:00+00:00, run_after=2026-08-21 15:00:00+00:00
[2026-08-21T15:29:11.031+0000] {processor.py:208} INFO - Processing /opt/airflow/dags/first_dag.py took 0.073 seconds
[2026-08-21T15:29:41.176+0000] {processor.py:186} INFO - Started process (PID=2760) to work on /opt/airflow/dags/first_dag.py
[2026-08-21T15:29:41.183+0000] {processor.py:914} INFO - Processing file /opt/airflow/dags/first_dag.py for tasks to queue
[2026-08-21T15:29:41.184+0000] {logging_mixin.py:190} INFO - [2026-08-21T15:29:41.184+0000] {dagbag.py:588} INFO - Filling up the DagBag from /opt/airflow/dags/first_dag.py
[2026-08-21T15:29:41.193+0000] {processor.py:925} INFO - DAG(s) 'first_dag' retrieved from /opt/airflow/dags/first_dag.py
[2026-08-21T15:29:41.212+0000] {logging_mixin.py:190} INFO - [2026-08-21T15:29:41.212+0000] {dag.py:3239} INFO - Sync 1 DAGs
[2026-08-21T15:29:41.231+0000] {logging_mixin.py:190} INFO - [2026-08-21T15:29:41.231+0000] {dag.py:4180} INFO - Setting next_dagrun for first_dag to 2026-08-21 14:00:00+00:00, run_after=2026-08-21 15:00:00+00:00
[2026-08-21T15:29:41.246+0000] {processor.py:208} INFO - Processing /opt/airflow/dags/first_dag.py took 0.076 seconds
[2026-08-21T15:30:11.390+0000] {processor.py:186} INFO - Started process (PID=2768) to work on /opt/airflow/dags/first_dag.py
[2026-08-21T15:30:11.390+0000] {processor.py:914} INFO - Processing file /opt/airflow/dags/first_dag.py for tasks to queue
[2026-08-21T15:30:11.391+0000] {logging_mixin.py:190} INFO - [2026-08-21T15:30:11.391+0000] {dagbag.py:588} INFO - Filling up the DagBag from /opt/airflow/dags/first_dag.py
[2026-08-21T15:30:11.401+0000] {processor.py:925} INFO - DAG(s) 'first_dag' retrieved from /opt/airflow/dags/first_dag.py
[2026-08-21T15:30:11.421+0000] {logging_mixin.py:190} INFO - [2026-08-21T15:30:11.421+0000] {dag.py:3239} INFO - Sync 1 DAGs
[2026-08-21T15:30:11.442+0000] {logging_mixin.py:190} INFO - [2026-08-21T15:30:11.442+0000] {dag.py:4180} INFO - Setting next_dagrun for first_dag to 2026-08-21 14:00:00+00:00, run_after=2026-08-21 15:00:00+00:00
[2026-08-21T15:30:11.457+0000] {processor.py:208} INFO - Processing /opt/airflow/dags/first_dag.py took 0.071 seconds
[2026-08-21T15:30:41.604+0000] {processor.py:186} INFO - Started process (PID=2776) to work on /opt/airflow/dags/first_dag.py
[2026-08-21T15:30:41.611+0000] {processor.py:914} INFO - Processing file /opt/airflow/dags/first_dag.py for tasks to queue
[2026-08-21T15:30:41.613+0000] {logging_mixin.py:190} INFO - [2026-08-21T15:30:41.612+0000] {dagbag.py:588} INFO - Filling up the DagBag from /opt/airflow/dags/first_dag.py
[2026-08-21T15:30:41.622+0000] {processor.py:925} INFO - DAG(s) 'first_dag' retrieved from /opt/airflow/dags/first_dag.py
[2026-08-21T15:30:41.641+0000] {logging_mixin.py:190} INFO - [2026-08-21T15:30:41.641+0000] {dag.py:3239} INFO - Sync 1 DAGs
[2026-08-21T15:30:41.663+0000] {logging_mixin.py:190} INFO - [2026-08-21T15:30:41.663+0000] {dag.py:4180} INFO - Setting next_dagrun for first_dag to 2026-08-21 14:00:00+00:00, run_after=2026-08-21 15:00:00+00:00
[2026-08-21T15:30:41.675+0000] {processor.py:208} INFO - Processing /opt/airflow/dags/first_dag.py took 0.075 seconds
[2026-08-21T15:31:11.913+0000] {processor.py:186} INFO - Started process (PID=2784) to work on /opt/airflow/dags/first_dag.py
[2026-08-21T15:31:11.914+0000] {processor.py:914} INFO - Processing file /opt/airflow/dags/first_dag.py for tasks to queue
[2026-08-21T15:31:11.915+0000] {logging_mixin.py:190} INFO - [2026-08-21T15:31:11.914+0000] {dagbag.py:588} INFO - Filling up the DagBag from /opt/airflow/dags/first_dag.py
[2026-08-21T15:31:11.924+0000] {processor.py:925} INFO - DAG(s) 'first_dag' retrieved from /opt/airflow/dags/first_dag.py
[2026-08-21T15:31:11.945+0000] {logging_mixin.py:190} INFO - [2026-08-21T15:31:11.945+0000] {dag.py:3239} INFO - Sync 1 DAGs
[2026-08-21T15:31:11.965+0000] {logging_mixin.py:190} INFO - [2026-08-21T15:31:11.965+0000] {dag.py:4180} INFO - Setting next_dagrun for first_dag to 2026-08-21 14:00:00+00:00, run_after=2026-08-21 15:00:00+00:00
[2026-08-21T15:31:11.980+0000] {processor.py:208} INFO - Processing /opt/airflow/dags/first_dag.py took 0.071 seconds
[2026-08-21T15:31:42.122+0000] {processor.py:186} INFO - Started process (PID=2791) to work on /opt/airflow/dags/first_dag.py
[2026-08-21T15:31:42.129+0000] {processor.py:914} INFO - Processing file /opt/airflow/dags/first_dag.py for tasks to queue
[2026-08-21T15:31:42.130+0000] {logging_mixin.py:190} INFO - [2026-08-21T15:31:42.130+0000] {dagbag.py:588} INFO - Filling up the DagBag from /opt/airflow/dags/first_dag.py
[2026-08-21T15:31:42.139+0000] {processor.py:925} INFO - DAG(s) 'first_dag' retrieved from /opt/airflow/dags/first_dag.py
[2026-08-21T15:31:42.161+0000] {logging_mixin.py:190} INFO - [2026-08-21T15:31:42.160+0000] {dag.py:3239} INFO - Sync 1 DAGs
[2026-08-21T15:31:42.185+0000] {logging_mixin.py:190} INFO - [2026-08-21T15:31:42.185+0000] {dag.py:4180} INFO - Setting next_dagrun for first_dag to 2026-08-21 14:00:00+00:00, run_after=2026-08-21 15:00:00+00:00
[2026-08-21T15:31:42.204+0000] {processor.py:208} INFO - Processing /opt/airflow/dags/first_dag.py took 0.086 seconds
[2026-08-21T15:32:12.354+0000] {processor.py:186} INFO - Started process (PID=2799) to work on /opt/airflow/dags/first_dag.py
[2026-08-21T15:32:12.354+0000] {processor.py:914} INFO - Processing file /opt/airflow/dags/first_dag.py for tasks to queue
[2026-08-21T15:32:12.355+0000] {logging_mixin.py:190} INFO - [2026-08-21T15:32:12.355+0000] {dagbag.py:588} INFO - Filling up the DagBag from /opt/airflow/dags/first_dag.py
[2026-08-21T15:32:12.364+0000] {processor.py:925} INFO - DAG(s) 'first_dag' retrieved from /opt/airflow/dags/first_dag.py
[2026-08-21T15:32:12.383+0000] {logging_mixin.py:190} INFO - [2026-08-21T15:32:12.383+0000] {dag.py:3239} INFO - Sync 1 DAGs
[2026-08-21T15:32:12.404+0000] {logging_mixin.py:190} INFO - [2026-08-21T15:32:12.404+0000] {dag.py:4180} INFO - Setting next_dagrun for first_dag to 2026-08-21 14:00:00+00:00, run_after=2026-08-21 15:00:00+00:00
[2026-08-21T15:32:12.419+0000] {processor.py:208} INFO - Processing /opt/airflow/dags/first_dag.py took 0.070 seconds
