[2026-08-21T11:40:47.506+0000] {manager.py:483} INFO - Processing files using up to 2 processes at a time 
[2026-08-21T11:40:47.506+0000] {manager.py:484} INFO - Process each file at most once every 30 seconds
[2026-08-21T11:40:47.506+0000] {manager.py:485} INFO - Checking for new files in /opt/airflow/dags every 300 seconds
[2026-08-21T11:40:47.506+0000] {manager.py:821} INFO - Searching for files in /opt/airflow/dags
[2026-08-21T11:40:47.524+0000] {manager.py:824} INFO - There are 57 files in /opt/airflow/dags
[2026-08-21T11:40:47.627+0000] {manager.py:997} INFO - 
================================================================================
DAG File Processing Stats

File Path                                                                                                                            PID  Runtime      # DAGs    # Errors  Last Runtime    Last Run      Last # of DB Queries
---------------------------------------------------------------------------------------------------------------------------------  -----  ---------  --------  ----------  --------------  ----------  ----------------------
/home/airflow/.local/lib/python3.12/site-packages/airflow/example_dags/example_branch_operator.py                                     76  0.05s             0           0                                                   0
/home/airflow/.local/lib/python3.12/site-packages/airflow/example_dags/example_complex.py                                             77  0.03s             0           0                                                   0
/home/airflow/.local/lib/python3.12/site-packages/airflow/example_dags/example_bash_operator.py                                                             0           0                                                   0
/home/airflow/.local/lib/python3.12/site-packages/airflow/example_dags/example_dataset_alias_with_no_taskflow.py                                            0           0                                                   0
/home/airflow/.local/lib/python3.12/site-packages/airflow/example_dags/example_sla_dag.py                                                                   0           0                                                   0
/home/airflow/.local/lib/python3.12/site-packages/airflow/example_dags/example_bash_decorator.py                                                            0           0                                                   0
/home/airflow/.local/lib/python3.12/site-packages/airflow/example_dags/example_setup_teardown_taskflow.py                                                   0           0                                                   0
/home/airflow/.local/lib/python3.12/site-packages/airflow/example_dags/example_datasets.py                                                                  0           0                                                   0
/home/airflow/.local/lib/python3.12/site-packages/airflow/example_dags/example_subdag_operator.py                                                           0           0                                                   0
/home/airflow/.local/lib/python3.12/site-packages/airflow/example_dags/example_task_group_decorator.py                                                      0           0                                                   0
/home/airflow/.local/lib/python3.12/site-packages/airflow/example_dags/example_latest_only.py                                                               0           0                                                   0
/home/airflow/.local/lib/python3.12/site-packages/airflow/example_dags/example_branch_labels.py                                                             0           0                                                   0
/home/airflow/.local/lib/python3.12/site-packages/airflow/example_dags/example_setup_teardown.py                                                            0           0                                                   0
/home/airflow/.local/lib/python3.12/site-packages/airflow/example_dags/example_xcomargs.py                                                                  0           0                                                   0
/home/airflow/.local/lib/python3.12/site-packages/airflow/example_dags/example_sensor_decorator.py                                                          0           0                                                   0
/home/airflow/.local/lib/python3.12/site-packages/airflow/example_dags/example_dynamic_task_mapping.py                                                      0           0                                                   0
/home/airflow/.local/lib/python3.12/site-packages/airflow/example_dags/example_kubernetes_executor.py                                                       0           0                                                   0
/home/airflow/.local/lib/python3.12/site-packages/airflow/example_dags/example_python_operator.py                                                           0           0                                                   0
/home/airflow/.local/lib/python3.12/site-packages/airflow/example_dags/tutorial.py                                                                          0           0                                                   0
/home/airflow/.local/lib/python3.12/site-packages/airflow/example_dags/example_outlet_event_extra.py                                                        0           0                                                   0
/home/airflow/.local/lib/python3.12/site-packages/airflow/example_dags/example_passing_params_via_test_command.py                                           0           0                                                   0
/home/airflow/.local/lib/python3.12/site-packages/airflow/example_dags/tutorial_taskflow_api.py                                                             0           0                                                   0
/home/airflow/.local/lib/python3.12/site-packages/airflow/example_dags/example_branch_datetime_operator.py                                                  0           0                                                   0
/home/airflow/.local/lib/python3.12/site-packages/airflow/example_dags/example_short_circuit_decorator.py                                                   0           0                                                   0
/home/airflow/.local/lib/python3.12/site-packages/airflow/example_dags/example_xcom.py                                                                      0           0                                                   0
/home/airflow/.local/lib/python3.12/site-packages/airflow/example_dags/example_branch_python_dop_operator_3.py                                              0           0                                                   0
/home/airflow/.local/lib/python3.12/site-packages/airflow/example_dags/example_branch_operator_decorator.py                                                 0           0                                                   0
/home/airflow/.local/lib/python3.12/site-packages/airflow/example_dags/tutorial_objectstorage.py                                                            0           0                                                   0
/home/airflow/.local/lib/python3.12/site-packages/airflow/example_dags/example_latest_only_with_trigger.py                                                  0           0                                                   0
/home/airflow/.local/lib/python3.12/site-packages/airflow/example_dags/example_local_kubernetes_executor.py                                                 0           0                                                   0
/home/airflow/.local/lib/python3.12/site-packages/airflow/example_dags/example_trigger_target_dag.py                                                        0           0                                                   0
/home/airflow/.local/lib/python3.12/site-packages/airflow/example_dags/example_params_trigger_ui.py                                                         0           0                                                   0
/home/airflow/.local/lib/python3.12/site-packages/airflow/example_dags/example_nested_branch_dag.py                                                         0           0                                                   0
/home/airflow/.local/lib/python3.12/site-packages/airflow/example_dags/tutorial_taskflow_templates.py                                                       0           0                                                   0
/home/airflow/.local/lib/python3.12/site-packages/airflow/example_dags/example_dag_decorator.py                                                             0           0                                                   0
/home/airflow/.local/lib/python3.12/site-packages/airflow/example_dags/tutorial_dag.py                                                                      0           0                                                   0
/home/airflow/.local/lib/python3.12/site-packages/airflow/example_dags/example_task_group.py                                                                0           0                                                   0
/home/airflow/.local/lib/python3.12/site-packages/airflow/example_dags/example_display_name.py                                                              0           0                                                   0
/home/airflow/.local/lib/python3.12/site-packages/airflow/example_dags/example_trigger_controller_dag.py                                                    0           0                                                   0
/home/airflow/.local/lib/python3.12/site-packages/airflow/example_dags/example_short_circuit_operator.py                                                    0           0                                                   0
/home/airflow/.local/lib/python3.12/site-packages/airflow/example_dags/example_external_task_marker_dag.py                                                  0           0                                                   0
/home/airflow/.local/lib/python3.12/site-packages/airflow/example_dags/example_dynamic_task_mapping_with_no_taskflow_operators.py                           0           0                                                   0
/home/airflow/.local/lib/python3.12/site-packages/airflow/example_dags/example_dataset_alias.py                                                             0           0                                                   0
/home/airflow/.local/lib/python3.12/site-packages/airflow/example_dags/example_params_ui_tutorial.py                                                        0           0                                                   0
/home/airflow/.local/lib/python3.12/site-packages/airflow/example_dags/example_branch_day_of_week_operator.py                                               0           0                                                   0
/home/airflow/.local/lib/python3.12/site-packages/airflow/example_dags/example_python_decorator.py                                                          0           0                                                   0
/home/airflow/.local/lib/python3.12/site-packages/airflow/example_dags/example_sensors.py                                                                   0           0                                                   0
/home/airflow/.local/lib/python3.12/site-packages/airflow/example_dags/tutorial_taskflow_api_virtualenv.py                                                  0           0                                                   0
/home/airflow/.local/lib/python3.12/site-packages/airflow/example_dags/example_workday_timetable.py                                                         0           0                                                   0
/home/airflow/.local/lib/python3.12/site-packages/airflow/example_dags/example_skip_dag.py                                                                  0           0                                                   0
/home/airflow/.local/lib/python3.12/site-packages/airflow/example_dags/example_inlet_event_extra.py                                                         0           0                                                   0
/home/airflow/.local/lib/python3.12/site-packages/airflow/example_dags/example_time_delta_sensor_async.py                                                   0           0                                                   0
/home/airflow/.local/lib/python3.12/site-packages/airflow/example_dags/plugins/event_listener.py                                                            0           0                                                   0
/home/airflow/.local/lib/python3.12/site-packages/airflow/example_dags/plugins/workday.py                                                                   0           0                                                   0
/home/airflow/.local/lib/python3.12/site-packages/airflow/example_dags/plugins/listener_plugin.py                                                           0           0                                                   0
/home/airflow/.local/lib/python3.12/site-packages/airflow/example_dags/plugins/decreasing_priority_weight_strategy.py                                       0           0                                                   0
/home/airflow/.local/lib/python3.12/site-packages/airflow/example_dags/subdags/subdag.py                                                                    0           0                                                   0
================================================================================
[2026-08-21T11:41:18.181+0000] {manager.py:997} INFO - 
================================================================================
DAG File Processing Stats

File Path                                                                                                                            PID  Runtime      # DAGs    # Errors  Last Runtime    Last Run               Last # of DB Queries
---------------------------------------------------------------------------------------------------------------------------------  -----  ---------  --------  ----------  --------------  -------------------  ----------------------
/home/airflow/.local/lib/python3.12/site-packages/airflow/example_dags/example_dataset_alias_with_no_taskflow.py                                            4           0  6.88s           2026-08-21T11:40:55                     157
/home/airflow/.local/lib/python3.12/site-packages/airflow/example_dags/example_datasets.py                                                                 10           0  5.98s           2026-08-21T11:40:55                     379
/home/airflow/.local/lib/python3.12/site-packages/airflow/example_dags/example_dataset_alias.py                                                             4           0  5.04s           2026-08-21T11:41:06                     157
/home/airflow/.local/lib/python3.12/site-packages/airflow/example_dags/example_inlet_event_extra.py                                                         2           0  4.21s           2026-08-21T11:41:08                      81
/home/airflow/.local/lib/python3.12/site-packages/airflow/example_dags/example_outlet_event_extra.py                                                        3           0  4.19s           2026-08-21T11:41:00                     118
/home/airflow/.local/lib/python3.12/site-packages/airflow/example_dags/example_branch_operator.py                                    139  0.02s             1           0  0.56s           2026-08-21T11:40:48                      45
/home/airflow/.local/lib/python3.12/site-packages/airflow/example_dags/example_complex.py                                            140  0.01s             1           0  0.50s           2026-08-21T11:40:48                      43
/home/airflow/.local/lib/python3.12/site-packages/airflow/example_dags/example_bash_decorator.py                                                            1           0  0.40s           2026-08-21T11:40:49                      43
/home/airflow/.local/lib/python3.12/site-packages/airflow/example_dags/example_branch_datetime_operator.py                                                  3           0  0.39s           2026-08-21T11:40:57                     117
/home/airflow/.local/lib/python3.12/site-packages/airflow/example_dags/example_external_task_marker_dag.py                                                  2           0  0.36s           2026-08-21T11:41:01                      79
/home/airflow/.local/lib/python3.12/site-packages/airflow/example_dags/example_dag_decorator.py                                                             1           0  0.34s           2026-08-21T11:41:00                      43
/home/airflow/.local/lib/python3.12/site-packages/airflow/example_dags/example_params_ui_tutorial.py                                                        1           0  0.34s           2026-08-21T11:41:02                      43
/home/airflow/.local/lib/python3.12/site-packages/airflow/example_dags/example_bash_operator.py                                                             1           0  0.33s           2026-08-21T11:40:48                      45
/home/airflow/.local/lib/python3.12/site-packages/airflow/example_dags/example_xcomargs.py                                                                  2           0  0.33s           2026-08-21T11:40:56                      79
/home/airflow/.local/lib/python3.12/site-packages/airflow/example_dags/example_setup_teardown_taskflow.py                                                   1           0  0.31s           2026-08-21T11:40:49                      43
/home/airflow/.local/lib/python3.12/site-packages/airflow/example_dags/example_passing_params_via_test_command.py                                           1           0  0.31s           2026-08-21T11:40:57                      45
/home/airflow/.local/lib/python3.12/site-packages/airflow/example_dags/example_subdag_operator.py                                                           3           0  0.30s           2026-08-21T11:40:55                      53
/home/airflow/.local/lib/python3.12/site-packages/airflow/example_dags/example_workday_timetable.py                                                         1           0  0.30s           2026-08-21T11:41:03                      45
/home/airflow/.local/lib/python3.12/site-packages/airflow/example_dags/example_branch_python_dop_operator_3.py                                              1           0  0.29s           2026-08-21T11:40:58                      45
/home/airflow/.local/lib/python3.12/site-packages/airflow/example_dags/example_params_trigger_ui.py                                                         1           0  0.28s           2026-08-21T11:41:00                      43
/home/airflow/.local/lib/python3.12/site-packages/airflow/example_dags/example_sla_dag.py                                                                   1           0  0.28s           2026-08-21T11:40:48                      45
/home/airflow/.local/lib/python3.12/site-packages/airflow/example_dags/example_branch_operator_decorator.py                                                 1           0  0.27s           2026-08-21T11:40:58                      45
/home/airflow/.local/lib/python3.12/site-packages/airflow/example_dags/example_dynamic_task_mapping_with_no_taskflow_operators.py                           1           0  0.27s           2026-08-21T11:41:01                      43
/home/airflow/.local/lib/python3.12/site-packages/airflow/example_dags/example_trigger_controller_dag.py                                                    1           0  0.27s           2026-08-21T11:41:01                      45
/home/airflow/.local/lib/python3.12/site-packages/airflow/example_dags/example_python_operator.py                                                           1           0  0.26s           2026-08-21T11:40:56                      43
/home/airflow/.local/lib/python3.12/site-packages/airflow/example_dags/example_branch_day_of_week_operator.py                                               1           0  0.26s           2026-08-21T11:41:02                      45
/home/airflow/.local/lib/python3.12/site-packages/airflow/example_dags/example_latest_only_with_trigger.py                                                  1           0  0.26s           2026-08-21T11:40:59                      45
/home/airflow/.local/lib/python3.12/site-packages/airflow/example_dags/example_short_circuit_operator.py                                                    1           0  0.26s           2026-08-21T11:41:01                      43
/home/airflow/.local/lib/python3.12/site-packages/airflow/example_dags/example_display_name.py                                                              1           0  0.26s           2026-08-21T11:41:01                      43
/home/airflow/.local/lib/python3.12/site-packages/airflow/example_dags/example_task_group.py                                                                1           0  0.26s           2026-08-21T11:41:01                      43
/home/airflow/.local/lib/python3.12/site-packages/airflow/example_dags/tutorial.py                                                                          1           0  0.26s           2026-08-21T11:40:56                      45
/home/airflow/.local/lib/python3.12/site-packages/airflow/example_dags/example_dynamic_task_mapping.py                                                      1           0  0.26s           2026-08-21T11:40:56                      43
/home/airflow/.local/lib/python3.12/site-packages/airflow/example_dags/example_sensors.py                                                                   1           0  0.25s           2026-08-21T11:41:03                      43
/home/airflow/.local/lib/python3.12/site-packages/airflow/example_dags/example_task_group_decorator.py                                                      1           0  0.25s           2026-08-21T11:40:55                      43
/home/airflow/.local/lib/python3.12/site-packages/airflow/example_dags/tutorial_taskflow_templates.py                                                       1           0  0.25s           2026-08-21T11:41:00                      45
/home/airflow/.local/lib/python3.12/site-packages/airflow/example_dags/example_xcom.py                                                                      1           0  0.25s           2026-08-21T11:40:58                      45
/home/airflow/.local/lib/python3.12/site-packages/airflow/example_dags/example_branch_labels.py                                                             1           0  0.25s           2026-08-21T11:40:55                      45
/home/airflow/.local/lib/python3.12/site-packages/airflow/example_dags/tutorial_taskflow_api.py                                                             1           0  0.25s           2026-08-21T11:40:57                      43
/home/airflow/.local/lib/python3.12/site-packages/airflow/example_dags/tutorial_objectstorage.py                                                            1           0  0.25s           2026-08-21T11:40:59                      43
/home/airflow/.local/lib/python3.12/site-packages/airflow/example_dags/example_latest_only.py                                                               1           0  0.25s           2026-08-21T11:40:55                      45
/home/airflow/.local/lib/python3.12/site-packages/airflow/example_dags/example_trigger_target_dag.py                                                        1           0  0.25s           2026-08-21T11:40:59                      43
/home/airflow/.local/lib/python3.12/site-packages/airflow/example_dags/example_local_kubernetes_executor.py                                                 1           0  0.25s           2026-08-21T11:40:59                      43
/home/airflow/.local/lib/python3.12/site-packages/airflow/example_dags/tutorial_dag.py                                                                      1           0  0.24s           2026-08-21T11:41:01                      43
/home/airflow/.local/lib/python3.12/site-packages/airflow/example_dags/example_short_circuit_decorator.py                                                   1           0  0.24s           2026-08-21T11:40:57                      43
/home/airflow/.local/lib/python3.12/site-packages/airflow/example_dags/example_nested_branch_dag.py                                                         1           0  0.24s           2026-08-21T11:41:00                      45
/home/airflow/.local/lib/python3.12/site-packages/airflow/example_dags/example_skip_dag.py                                                                  1           0  0.24s           2026-08-21T11:41:03                      45
/home/airflow/.local/lib/python3.12/site-packages/airflow/example_dags/example_sensor_decorator.py                                                          1           0  0.24s           2026-08-21T11:40:56                      43
/home/airflow/.local/lib/python3.12/site-packages/airflow/example_dags/tutorial_taskflow_api_virtualenv.py                                                  1           0  0.24s           2026-08-21T11:41:03                      43
/home/airflow/.local/lib/python3.12/site-packages/airflow/example_dags/example_kubernetes_executor.py                                                       1           0  0.24s           2026-08-21T11:40:56                      43
/home/airflow/.local/lib/python3.12/site-packages/airflow/example_dags/example_python_decorator.py                                                          1           0  0.24s           2026-08-21T11:41:02                      43
/home/airflow/.local/lib/python3.12/site-packages/airflow/example_dags/example_time_delta_sensor_async.py                                                   1           0  0.23s           2026-08-21T11:41:07                      43
/home/airflow/.local/lib/python3.12/site-packages/airflow/example_dags/example_setup_teardown.py                                                            1           0  0.23s           2026-08-21T11:40:55                      43
/home/airflow/.local/lib/python3.12/site-packages/airflow/example_dags/plugins/listener_plugin.py                                                           0           0  0.05s           2026-08-21T11:41:07                       3
/home/airflow/.local/lib/python3.12/site-packages/airflow/example_dags/plugins/event_listener.py                                                            0           0  0.05s           2026-08-21T11:41:07                       3
/home/airflow/.local/lib/python3.12/site-packages/airflow/example_dags/plugins/decreasing_priority_weight_strategy.py                                       0           0  0.05s           2026-08-21T11:41:07                       3
/home/airflow/.local/lib/python3.12/site-packages/airflow/example_dags/subdags/subdag.py                                                                    0           0  0.04s           2026-08-21T11:41:07                       3
/home/airflow/.local/lib/python3.12/site-packages/airflow/example_dags/plugins/workday.py                                                                   0           0  0.04s           2026-08-21T11:41:07                       3
================================================================================
[2026-08-21T11:41:48.424+0000] {manager.py:997} INFO - 
================================================================================
DAG File Processing Stats

File Path                                                                                                                            PID  Runtime      # DAGs    # Errors  Last Runtime    Last Run               Last # of DB Queries
---------------------------------------------------------------------------------------------------------------------------------  -----  ---------  --------  ----------  --------------  -------------------  ----------------------
/home/airflow/.local/lib/python3.12/site-packages/airflow/example_dags/example_dataset_alias.py                                                             4           0  4.34s           2026-08-21T11:41:41                      27
/home/airflow/.local/lib/python3.12/site-packages/airflow/example_dags/example_datasets.py                                                                 10           0  4.30s           2026-08-21T11:41:29                      49
/home/airflow/.local/lib/python3.12/site-packages/airflow/example_dags/example_dataset_alias_with_no_taskflow.py                                            4           0  4.26s           2026-08-21T11:41:29                      27
/home/airflow/.local/lib/python3.12/site-packages/airflow/example_dags/example_inlet_event_extra.py                                                         2           0  3.79s           2026-08-21T11:41:42                      15
/home/airflow/.local/lib/python3.12/site-packages/airflow/example_dags/example_outlet_event_extra.py                                                        3           0  3.60s           2026-08-21T11:41:34                      19
/home/airflow/.local/lib/python3.12/site-packages/airflow/example_dags/example_dag_decorator.py                                                             1           0  0.22s           2026-08-21T11:41:32                      32
/home/airflow/.local/lib/python3.12/site-packages/airflow/example_dags/example_workday_timetable.py                                                         1           0  0.16s           2026-08-21T11:41:34                      12
/home/airflow/.local/lib/python3.12/site-packages/airflow/example_dags/example_bash_operator.py                                                             1           0  0.15s           2026-08-21T11:41:19                      12
/home/airflow/.local/lib/python3.12/site-packages/airflow/example_dags/example_subdag_operator.py                                                           3           0  0.14s           2026-08-21T11:41:29                      20
/home/airflow/.local/lib/python3.12/site-packages/airflow/example_dags/example_branch_operator.py                                    202  0.03s             1           0  0.13s           2026-08-21T11:41:18                      12
/home/airflow/.local/lib/python3.12/site-packages/airflow/example_dags/example_branch_operator_decorator.py                                                 1           0  0.13s           2026-08-21T11:41:30                      12
/home/airflow/.local/lib/python3.12/site-packages/airflow/example_dags/example_sla_dag.py                                                                   1           0  0.13s           2026-08-21T11:41:19                      12
/home/airflow/.local/lib/python3.12/site-packages/airflow/example_dags/example_branch_datetime_operator.py                                                  3           0  0.12s           2026-08-21T11:41:30                      18
/home/airflow/.local/lib/python3.12/site-packages/airflow/example_dags/example_complex.py                                            203  0.01s             1           0  0.12s           2026-08-21T11:41:18                      10
/home/airflow/.local/lib/python3.12/site-packages/airflow/example_dags/example_params_ui_tutorial.py                                                        1           0  0.12s           2026-08-21T11:41:33                      10
/home/airflow/.local/lib/python3.12/site-packages/airflow/example_dags/example_nested_branch_dag.py                                                         1           0  0.11s           2026-08-21T11:41:32                      12
/home/airflow/.local/lib/python3.12/site-packages/airflow/example_dags/example_params_trigger_ui.py                                                         1           0  0.11s           2026-08-21T11:41:32                      10
/home/airflow/.local/lib/python3.12/site-packages/airflow/example_dags/example_branch_labels.py                                                             1           0  0.11s           2026-08-21T11:41:30                      12
/home/airflow/.local/lib/python3.12/site-packages/airflow/example_dags/example_passing_params_via_test_command.py                                           1           0  0.11s           2026-08-21T11:41:30                      12
/home/airflow/.local/lib/python3.12/site-packages/airflow/example_dags/example_sensors.py                                                                   1           0  0.11s           2026-08-21T11:41:33                      10
/home/airflow/.local/lib/python3.12/site-packages/airflow/example_dags/example_skip_dag.py                                                                  1           0  0.11s           2026-08-21T11:41:34                      12
/home/airflow/.local/lib/python3.12/site-packages/airflow/example_dags/example_python_decorator.py                                                          1           0  0.11s           2026-08-21T11:41:33                      10
/home/airflow/.local/lib/python3.12/site-packages/airflow/example_dags/example_task_group_decorator.py                                                      1           0  0.11s           2026-08-21T11:41:30                      10
/home/airflow/.local/lib/python3.12/site-packages/airflow/example_dags/example_latest_only.py                                                               1           0  0.11s           2026-08-21T11:41:30                      12
/home/airflow/.local/lib/python3.12/site-packages/airflow/example_dags/tutorial_taskflow_templates.py                                                       1           0  0.11s           2026-08-21T11:41:32                      12
/home/airflow/.local/lib/python3.12/site-packages/airflow/example_dags/example_branch_python_dop_operator_3.py                                              1           0  0.11s           2026-08-21T11:41:30                      12
/home/airflow/.local/lib/python3.12/site-packages/airflow/example_dags/example_branch_day_of_week_operator.py                                               1           0  0.11s           2026-08-21T11:41:33                      12
/home/airflow/.local/lib/python3.12/site-packages/airflow/example_dags/example_kubernetes_executor.py                                                       1           0  0.11s           2026-08-21T11:41:30                      10
/home/airflow/.local/lib/python3.12/site-packages/airflow/example_dags/tutorial_taskflow_api_virtualenv.py                                                  1           0  0.10s           2026-08-21T11:41:33                      10
/home/airflow/.local/lib/python3.12/site-packages/airflow/example_dags/example_xcomargs.py                                                                  2           0  0.10s           2026-08-21T11:41:30                      13
/home/airflow/.local/lib/python3.12/site-packages/airflow/example_dags/example_bash_decorator.py                                                            1           0  0.10s           2026-08-21T11:41:19                      10
/home/airflow/.local/lib/python3.12/site-packages/airflow/example_dags/tutorial_objectstorage.py                                                            1           0  0.10s           2026-08-21T11:41:30                      10
/home/airflow/.local/lib/python3.12/site-packages/airflow/example_dags/example_trigger_controller_dag.py                                                    1           0  0.10s           2026-08-21T11:41:33                      12
/home/airflow/.local/lib/python3.12/site-packages/airflow/example_dags/example_setup_teardown.py                                                            1           0  0.10s           2026-08-21T11:41:30                      10
/home/airflow/.local/lib/python3.12/site-packages/airflow/example_dags/example_trigger_target_dag.py                                                        1           0  0.10s           2026-08-21T11:41:31                      10
/home/airflow/.local/lib/python3.12/site-packages/airflow/example_dags/example_xcom.py                                                                      1           0  0.10s           2026-08-21T11:41:30                      12
/home/airflow/.local/lib/python3.12/site-packages/airflow/example_dags/example_latest_only_with_trigger.py                                                  1           0  0.10s           2026-08-21T11:41:31                      12
/home/airflow/.local/lib/python3.12/site-packages/airflow/example_dags/example_time_delta_sensor_async.py                                                   1           0  0.10s           2026-08-21T11:41:37                      10
/home/airflow/.local/lib/python3.12/site-packages/airflow/example_dags/tutorial.py                                                                          1           0  0.10s           2026-08-21T11:41:30                      12
/home/airflow/.local/lib/python3.12/site-packages/airflow/example_dags/example_short_circuit_operator.py                                                    1           0  0.10s           2026-08-21T11:41:33                      10
/home/airflow/.local/lib/python3.12/site-packages/airflow/example_dags/example_local_kubernetes_executor.py                                                 1           0  0.10s           2026-08-21T11:41:31                      10
/home/airflow/.local/lib/python3.12/site-packages/airflow/example_dags/example_task_group.py                                                                1           0  0.10s           2026-08-21T11:41:32                      10
/home/airflow/.local/lib/python3.12/site-packages/airflow/example_dags/tutorial_dag.py                                                                      1           0  0.10s           2026-08-21T11:41:32                      10
/home/airflow/.local/lib/python3.12/site-packages/airflow/example_dags/example_setup_teardown_taskflow.py                                                   1           0  0.10s           2026-08-21T11:41:19                      10
/home/airflow/.local/lib/python3.12/site-packages/airflow/example_dags/example_dynamic_task_mapping_with_no_taskflow_operators.py                           1           0  0.10s           2026-08-21T11:41:33                      10
/home/airflow/.local/lib/python3.12/site-packages/airflow/example_dags/example_external_task_marker_dag.py                                                  2           0  0.10s           2026-08-21T11:41:33                      13
/home/airflow/.local/lib/python3.12/site-packages/airflow/example_dags/example_python_operator.py                                                           1           0  0.10s           2026-08-21T11:41:30                      10
/home/airflow/.local/lib/python3.12/site-packages/airflow/example_dags/example_display_name.py                                                              1           0  0.09s           2026-08-21T11:41:32                      10
/home/airflow/.local/lib/python3.12/site-packages/airflow/example_dags/tutorial_taskflow_api.py                                                             1           0  0.09s           2026-08-21T11:41:30                      10
/home/airflow/.local/lib/python3.12/site-packages/airflow/example_dags/example_short_circuit_decorator.py                                                   1           0  0.09s           2026-08-21T11:41:30                      10
/home/airflow/.local/lib/python3.12/site-packages/airflow/example_dags/example_dynamic_task_mapping.py                                                      1           0  0.09s           2026-08-21T11:41:30                      10
/home/airflow/.local/lib/python3.12/site-packages/airflow/example_dags/example_sensor_decorator.py                                                          1           0  0.09s           2026-08-21T11:41:30                      10
/home/airflow/.local/lib/python3.12/site-packages/airflow/example_dags/plugins/event_listener.py                                                            0           0  0.05s           2026-08-21T11:41:37                       3
/home/airflow/.local/lib/python3.12/site-packages/airflow/example_dags/plugins/decreasing_priority_weight_strategy.py                                       0           0  0.05s           2026-08-21T11:41:37                       3
/home/airflow/.local/lib/python3.12/site-packages/airflow/example_dags/subdags/subdag.py                                                                    0           0  0.05s           2026-08-21T11:41:37                       3
/home/airflow/.local/lib/python3.12/site-packages/airflow/example_dags/plugins/listener_plugin.py                                                           0           0  0.05s           2026-08-21T11:41:37                       3
/home/airflow/.local/lib/python3.12/site-packages/airflow/example_dags/plugins/workday.py                                                                   0           0  0.04s           2026-08-21T11:41:37                       3
================================================================================
[2026-08-21T11:42:18.926+0000] {manager.py:997} INFO - 
================================================================================
DAG File Processing Stats

File Path                                                                                                                            PID  Runtime      # DAGs    # Errors  Last Runtime    Last Run               Last # of DB Queries
---------------------------------------------------------------------------------------------------------------------------------  -----  ---------  --------  ----------  --------------  -------------------  ----------------------
/home/airflow/.local/lib/python3.12/site-packages/airflow/example_dags/example_dataset_alias.py                                                             4           0  5.25s           2026-08-21T11:42:16                      27
/home/airflow/.local/lib/python3.12/site-packages/airflow/example_dags/example_datasets.py                                                                 10           0  4.70s           2026-08-21T11:42:04                      49
/home/airflow/.local/lib/python3.12/site-packages/airflow/example_dags/example_dataset_alias_with_no_taskflow.py                                            4           0  4.69s           2026-08-21T11:42:04                      27
/home/airflow/.local/lib/python3.12/site-packages/airflow/example_dags/example_inlet_event_extra.py                                                         2           0  4.55s           2026-08-21T11:42:17                      15
/home/airflow/.local/lib/python3.12/site-packages/airflow/example_dags/example_outlet_event_extra.py                                                        3           0  4.10s           2026-08-21T11:42:09                      19
/home/airflow/.local/lib/python3.12/site-packages/airflow/example_dags/example_dag_decorator.py                                                             1           0  0.26s           2026-08-21T11:42:07                      32
/home/airflow/.local/lib/python3.12/site-packages/airflow/example_dags/example_branch_operator.py                                    265  0.02s             1           0  0.21s           2026-08-21T11:41:48                      12
/home/airflow/.local/lib/python3.12/site-packages/airflow/example_dags/example_complex.py                                            266  0.01s             1           0  0.18s           2026-08-21T11:41:48                      10
/home/airflow/.local/lib/python3.12/site-packages/airflow/example_dags/example_workday_timetable.py                                                         1           0  0.16s           2026-08-21T11:42:09                      12
/home/airflow/.local/lib/python3.12/site-packages/airflow/example_dags/example_sla_dag.py                                                                   1           0  0.16s           2026-08-21T11:41:49                      12
/home/airflow/.local/lib/python3.12/site-packages/airflow/example_dags/example_setup_teardown_taskflow.py                                                   1           0  0.16s           2026-08-21T11:41:50                      10
/home/airflow/.local/lib/python3.12/site-packages/airflow/example_dags/example_bash_operator.py                                                             1           0  0.15s           2026-08-21T11:41:49                      12
/home/airflow/.local/lib/python3.12/site-packages/airflow/example_dags/example_bash_decorator.py                                                            1           0  0.14s           2026-08-21T11:41:49                      10
/home/airflow/.local/lib/python3.12/site-packages/airflow/example_dags/example_branch_operator_decorator.py                                                 1           0  0.14s           2026-08-21T11:42:06                      12
/home/airflow/.local/lib/python3.12/site-packages/airflow/example_dags/tutorial_taskflow_templates.py                                                       1           0  0.13s           2026-08-21T11:42:07                      12
/home/airflow/.local/lib/python3.12/site-packages/airflow/example_dags/example_params_ui_tutorial.py                                                        1           0  0.13s           2026-08-21T11:42:08                      10
/home/airflow/.local/lib/python3.12/site-packages/airflow/example_dags/example_branch_datetime_operator.py                                                  3           0  0.13s           2026-08-21T11:42:05                      18
/home/airflow/.local/lib/python3.12/site-packages/airflow/example_dags/example_nested_branch_dag.py                                                         1           0  0.13s           2026-08-21T11:42:07                      12
/home/airflow/.local/lib/python3.12/site-packages/airflow/example_dags/example_external_task_marker_dag.py                                                  2           0  0.13s           2026-08-21T11:42:08                      13
/home/airflow/.local/lib/python3.12/site-packages/airflow/example_dags/example_subdag_operator.py                                                           3           0  0.13s           2026-08-21T11:42:04                      20
/home/airflow/.local/lib/python3.12/site-packages/airflow/example_dags/example_params_trigger_ui.py                                                         1           0  0.13s           2026-08-21T11:42:06                      10
/home/airflow/.local/lib/python3.12/site-packages/airflow/example_dags/example_short_circuit_operator.py                                                    1           0  0.13s           2026-08-21T11:42:08                      10
/home/airflow/.local/lib/python3.12/site-packages/airflow/example_dags/example_latest_only_with_trigger.py                                                  1           0  0.13s           2026-08-21T11:42:06                      12
/home/airflow/.local/lib/python3.12/site-packages/airflow/example_dags/example_branch_python_dop_operator_3.py                                              1           0  0.13s           2026-08-21T11:42:06                      12
/home/airflow/.local/lib/python3.12/site-packages/airflow/example_dags/example_branch_day_of_week_operator.py                                               1           0  0.12s           2026-08-21T11:42:08                      12
/home/airflow/.local/lib/python3.12/site-packages/airflow/example_dags/example_sensors.py                                                                   1           0  0.12s           2026-08-21T11:42:08                      10
/home/airflow/.local/lib/python3.12/site-packages/airflow/example_dags/example_kubernetes_executor.py                                                       1           0  0.12s           2026-08-21T11:42:05                      10
/home/airflow/.local/lib/python3.12/site-packages/airflow/example_dags/example_trigger_controller_dag.py                                                    1           0  0.12s           2026-08-21T11:42:07                      12
/home/airflow/.local/lib/python3.12/site-packages/airflow/example_dags/example_passing_params_via_test_command.py                                           1           0  0.12s           2026-08-21T11:42:05                      12
/home/airflow/.local/lib/python3.12/site-packages/airflow/example_dags/example_skip_dag.py                                                                  1           0  0.12s           2026-08-21T11:42:09                      12
/home/airflow/.local/lib/python3.12/site-packages/airflow/example_dags/example_python_operator.py                                                           1           0  0.12s           2026-08-21T11:42:05                      10
/home/airflow/.local/lib/python3.12/site-packages/airflow/example_dags/example_xcomargs.py                                                                  2           0  0.12s           2026-08-21T11:42:05                      13
/home/airflow/.local/lib/python3.12/site-packages/airflow/example_dags/tutorial.py                                                                          1           0  0.11s           2026-08-21T11:42:05                      12
/home/airflow/.local/lib/python3.12/site-packages/airflow/example_dags/example_latest_only.py                                                               1           0  0.11s           2026-08-21T11:42:04                      12
/home/airflow/.local/lib/python3.12/site-packages/airflow/example_dags/example_short_circuit_decorator.py                                                   1           0  0.11s           2026-08-21T11:42:05                      10
/home/airflow/.local/lib/python3.12/site-packages/airflow/example_dags/example_python_decorator.py                                                          1           0  0.11s           2026-08-21T11:42:08                      10
/home/airflow/.local/lib/python3.12/site-packages/airflow/example_dags/example_task_group.py                                                                1           0  0.11s           2026-08-21T11:42:07                      10
/home/airflow/.local/lib/python3.12/site-packages/airflow/example_dags/example_task_group_decorator.py                                                      1           0  0.11s           2026-08-21T11:42:04                      10
/home/airflow/.local/lib/python3.12/site-packages/airflow/example_dags/example_display_name.py                                                              1           0  0.11s           2026-08-21T11:42:07                      10
/home/airflow/.local/lib/python3.12/site-packages/airflow/example_dags/example_xcom.py                                                                      1           0  0.11s           2026-08-21T11:42:06                      12
/home/airflow/.local/lib/python3.12/site-packages/airflow/example_dags/example_dynamic_task_mapping_with_no_taskflow_operators.py                           1           0  0.11s           2026-08-21T11:42:08                      10
/home/airflow/.local/lib/python3.12/site-packages/airflow/example_dags/example_local_kubernetes_executor.py                                                 1           0  0.11s           2026-08-21T11:42:06                      10
/home/airflow/.local/lib/python3.12/site-packages/airflow/example_dags/tutorial_taskflow_api_virtualenv.py                                                  1           0  0.11s           2026-08-21T11:42:08                      10
/home/airflow/.local/lib/python3.12/site-packages/airflow/example_dags/example_setup_teardown.py                                                            1           0  0.11s           2026-08-21T11:42:05                      10
/home/airflow/.local/lib/python3.12/site-packages/airflow/example_dags/tutorial_dag.py                                                                      1           0  0.11s           2026-08-21T11:42:07                      10
/home/airflow/.local/lib/python3.12/site-packages/airflow/example_dags/example_branch_labels.py                                                             1           0  0.11s           2026-08-21T11:42:05                      12
/home/airflow/.local/lib/python3.12/site-packages/airflow/example_dags/example_sensor_decorator.py                                                          1           0  0.11s           2026-08-21T11:42:05                      10
/home/airflow/.local/lib/python3.12/site-packages/airflow/example_dags/tutorial_objectstorage.py                                                            1           0  0.11s           2026-08-21T11:42:06                      10
/home/airflow/.local/lib/python3.12/site-packages/airflow/example_dags/example_dynamic_task_mapping.py                                                      1           0  0.10s           2026-08-21T11:42:05                      10
/home/airflow/.local/lib/python3.12/site-packages/airflow/example_dags/example_time_delta_sensor_async.py                                                   1           0  0.10s           2026-08-21T11:42:09                      10
/home/airflow/.local/lib/python3.12/site-packages/airflow/example_dags/tutorial_taskflow_api.py                                                             1           0  0.10s           2026-08-21T11:42:05                      10
/home/airflow/.local/lib/python3.12/site-packages/airflow/example_dags/example_trigger_target_dag.py                                                        1           0  0.10s           2026-08-21T11:42:06                      10
/home/airflow/.local/lib/python3.12/site-packages/airflow/example_dags/plugins/decreasing_priority_weight_strategy.py                                       0           0  0.06s           2026-08-21T11:42:09                       3
/home/airflow/.local/lib/python3.12/site-packages/airflow/example_dags/subdags/subdag.py                                                                    0           0  0.06s           2026-08-21T11:42:09                       3
/home/airflow/.local/lib/python3.12/site-packages/airflow/example_dags/plugins/event_listener.py                                                            0           0  0.05s           2026-08-21T11:42:09                       3
/home/airflow/.local/lib/python3.12/site-packages/airflow/example_dags/plugins/workday.py                                                                   0           0  0.05s           2026-08-21T11:42:09                       3
/home/airflow/.local/lib/python3.12/site-packages/airflow/example_dags/plugins/listener_plugin.py                                                           0           0  0.05s           2026-08-21T11:42:09                       3
================================================================================
[2026-08-21T11:42:49.118+0000] {manager.py:997} INFO - 
================================================================================
DAG File Processing Stats

File Path                                                                                                                            PID  Runtime      # DAGs    # Errors  Last Runtime    Last Run               Last # of DB Queries
---------------------------------------------------------------------------------------------------------------------------------  -----  ---------  --------  ----------  --------------  -------------------  ----------------------
/home/airflow/.local/lib/python3.12/site-packages/airflow/example_dags/example_dataset_alias.py                                      320  2.03s             4           0  5.25s           2026-08-21T11:42:16                      27
/home/airflow/.local/lib/python3.12/site-packages/airflow/example_dags/example_datasets.py                                                                 10           0  4.96s           2026-08-21T11:42:40                      49
/home/airflow/.local/lib/python3.12/site-packages/airflow/example_dags/example_dataset_alias_with_no_taskflow.py                                            4           0  4.90s           2026-08-21T11:42:40                      27
/home/airflow/.local/lib/python3.12/site-packages/airflow/example_dags/example_inlet_event_extra.py                                  327  1.02s             2           0  4.55s           2026-08-21T11:42:17                      15
/home/airflow/.local/lib/python3.12/site-packages/airflow/example_dags/example_outlet_event_extra.py                                                        3           0  4.18s           2026-08-21T11:42:45                      19
/home/airflow/.local/lib/python3.12/site-packages/airflow/example_dags/example_dag_decorator.py                                                             1           0  0.23s           2026-08-21T11:42:43                      32
/home/airflow/.local/lib/python3.12/site-packages/airflow/example_dags/example_branch_operator_decorator.py                                                 1           0  0.16s           2026-08-21T11:42:41                      12
/home/airflow/.local/lib/python3.12/site-packages/airflow/example_dags/example_branch_datetime_operator.py                                                  3           0  0.15s           2026-08-21T11:42:41                      18
/home/airflow/.local/lib/python3.12/site-packages/airflow/example_dags/example_subdag_operator.py                                                           3           0  0.15s           2026-08-21T11:42:40                      20
/home/airflow/.local/lib/python3.12/site-packages/airflow/example_dags/example_workday_timetable.py                                                         1           0  0.15s           2026-08-21T11:42:44                      12
/home/airflow/.local/lib/python3.12/site-packages/airflow/example_dags/example_branch_operator.py                                                           1           0  0.14s           2026-08-21T11:42:19                      12
/home/airflow/.local/lib/python3.12/site-packages/airflow/example_dags/example_sla_dag.py                                                                   1           0  0.13s           2026-08-21T11:42:20                      12
/home/airflow/.local/lib/python3.12/site-packages/airflow/example_dags/example_params_trigger_ui.py                                                         1           0  0.13s           2026-08-21T11:42:42                      10
/home/airflow/.local/lib/python3.12/site-packages/airflow/example_dags/example_bash_operator.py                                                             1           0  0.13s           2026-08-21T11:42:20                      12
/home/airflow/.local/lib/python3.12/site-packages/airflow/example_dags/example_task_group.py                                                                1           0  0.13s           2026-08-21T11:42:43                      10
/home/airflow/.local/lib/python3.12/site-packages/airflow/example_dags/example_branch_python_dop_operator_3.py                                              1           0  0.13s           2026-08-21T11:42:41                      12
/home/airflow/.local/lib/python3.12/site-packages/airflow/example_dags/example_passing_params_via_test_command.py                                           1           0  0.12s           2026-08-21T11:42:41                      12
/home/airflow/.local/lib/python3.12/site-packages/airflow/example_dags/tutorial_taskflow_templates.py                                                       1           0  0.12s           2026-08-21T11:42:42                      12
/home/airflow/.local/lib/python3.12/site-packages/airflow/example_dags/example_branch_labels.py                                                             1           0  0.12s           2026-08-21T11:42:40                      12
/home/airflow/.local/lib/python3.12/site-packages/airflow/example_dags/example_params_ui_tutorial.py                                                        1           0  0.12s           2026-08-21T11:42:43                      10
/home/airflow/.local/lib/python3.12/site-packages/airflow/example_dags/example_latest_only_with_trigger.py                                                  1           0  0.12s           2026-08-21T11:42:42                      12
/home/airflow/.local/lib/python3.12/site-packages/airflow/example_dags/example_complex.py                                                                   1           0  0.12s           2026-08-21T11:42:19                      10
/home/airflow/.local/lib/python3.12/site-packages/airflow/example_dags/tutorial.py                                                                          1           0  0.12s           2026-08-21T11:42:41                      12
/home/airflow/.local/lib/python3.12/site-packages/airflow/example_dags/example_task_group_decorator.py                                                      1           0  0.12s           2026-08-21T11:42:40                      10
/home/airflow/.local/lib/python3.12/site-packages/airflow/example_dags/example_latest_only.py                                                               1           0  0.12s           2026-08-21T11:42:40                      12
/home/airflow/.local/lib/python3.12/site-packages/airflow/example_dags/example_xcomargs.py                                                                  2           0  0.12s           2026-08-21T11:42:40                      13
/home/airflow/.local/lib/python3.12/site-packages/airflow/example_dags/example_skip_dag.py                                                                  1           0  0.12s           2026-08-21T11:42:44                      12
/home/airflow/.local/lib/python3.12/site-packages/airflow/example_dags/example_nested_branch_dag.py                                                         1           0  0.12s           2026-08-21T11:42:42                      12
/home/airflow/.local/lib/python3.12/site-packages/airflow/example_dags/example_xcom.py                                                                      1           0  0.12s           2026-08-21T11:42:41                      12
/home/airflow/.local/lib/python3.12/site-packages/airflow/example_dags/example_sensors.py                                                                   1           0  0.11s           2026-08-21T11:42:44                      10
/home/airflow/.local/lib/python3.12/site-packages/airflow/example_dags/example_bash_decorator.py                                                            1           0  0.11s           2026-08-21T11:42:20                      10
/home/airflow/.local/lib/python3.12/site-packages/airflow/example_dags/example_sensor_decorator.py                                                          1           0  0.11s           2026-08-21T11:42:40                      10
/home/airflow/.local/lib/python3.12/site-packages/airflow/example_dags/example_short_circuit_decorator.py                                                   1           0  0.11s           2026-08-21T11:42:41                      10
/home/airflow/.local/lib/python3.12/site-packages/airflow/example_dags/example_trigger_controller_dag.py                                                    1           0  0.11s           2026-08-21T11:42:43                      12
/home/airflow/.local/lib/python3.12/site-packages/airflow/example_dags/example_kubernetes_executor.py                                                       1           0  0.11s           2026-08-21T11:42:40                      10
/home/airflow/.local/lib/python3.12/site-packages/airflow/example_dags/example_local_kubernetes_executor.py                                                 1           0  0.11s           2026-08-21T11:42:42                      10
/home/airflow/.local/lib/python3.12/site-packages/airflow/example_dags/example_branch_day_of_week_operator.py                                               1           0  0.11s           2026-08-21T11:42:44                      12
/home/airflow/.local/lib/python3.12/site-packages/airflow/example_dags/example_python_operator.py                                                           1           0  0.11s           2026-08-21T11:42:40                      10
/home/airflow/.local/lib/python3.12/site-packages/airflow/example_dags/example_dynamic_task_mapping.py                                                      1           0  0.11s           2026-08-21T11:42:40                      10
/home/airflow/.local/lib/python3.12/site-packages/airflow/example_dags/tutorial_objectstorage.py                                                            1           0  0.11s           2026-08-21T11:42:42                      10
/home/airflow/.local/lib/python3.12/site-packages/airflow/example_dags/tutorial_taskflow_api.py                                                             1           0  0.11s           2026-08-21T11:42:41                      10
/home/airflow/.local/lib/python3.12/site-packages/airflow/example_dags/tutorial_taskflow_api_virtualenv.py                                                  1           0  0.11s           2026-08-21T11:42:44                      10
/home/airflow/.local/lib/python3.12/site-packages/airflow/example_dags/example_setup_teardown.py                                                            1           0  0.11s           2026-08-21T11:42:40                      10
/home/airflow/.local/lib/python3.12/site-packages/airflow/example_dags/example_short_circuit_operator.py                                                    1           0  0.10s           2026-08-21T11:42:43                      10
/home/airflow/.local/lib/python3.12/site-packages/airflow/example_dags/example_external_task_marker_dag.py                                                  2           0  0.10s           2026-08-21T11:42:43                      13
/home/airflow/.local/lib/python3.12/site-packages/airflow/example_dags/example_setup_teardown_taskflow.py                                                   1           0  0.10s           2026-08-21T11:42:20                      10
/home/airflow/.local/lib/python3.12/site-packages/airflow/example_dags/example_python_decorator.py                                                          1           0  0.10s           2026-08-21T11:42:44                      10
/home/airflow/.local/lib/python3.12/site-packages/airflow/example_dags/example_trigger_target_dag.py                                                        1           0  0.10s           2026-08-21T11:42:42                      10
/home/airflow/.local/lib/python3.12/site-packages/airflow/example_dags/example_time_delta_sensor_async.py                                                   1           0  0.10s           2026-08-21T11:42:44                      10
/home/airflow/.local/lib/python3.12/site-packages/airflow/example_dags/example_display_name.py                                                              1           0  0.10s           2026-08-21T11:42:43                      10
/home/airflow/.local/lib/python3.12/site-packages/airflow/example_dags/tutorial_dag.py                                                                      1           0  0.10s           2026-08-21T11:42:43                      10
/home/airflow/.local/lib/python3.12/site-packages/airflow/example_dags/example_dynamic_task_mapping_with_no_taskflow_operators.py                           1           0  0.10s           2026-08-21T11:42:43                      10
/home/airflow/.local/lib/python3.12/site-packages/airflow/example_dags/plugins/event_listener.py                                                            0           0  0.06s           2026-08-21T11:42:44                       3
/home/airflow/.local/lib/python3.12/site-packages/airflow/example_dags/plugins/decreasing_priority_weight_strategy.py                                       0           0  0.05s           2026-08-21T11:42:45                       3
/home/airflow/.local/lib/python3.12/site-packages/airflow/example_dags/plugins/listener_plugin.py                                                           0           0  0.05s           2026-08-21T11:42:44                       3
/home/airflow/.local/lib/python3.12/site-packages/airflow/example_dags/plugins/workday.py                                                                   0           0  0.05s           2026-08-21T11:42:44                       3
/home/airflow/.local/lib/python3.12/site-packages/airflow/example_dags/subdags/subdag.py                                                                    0           0  0.05s           2026-08-21T11:42:45                       3
================================================================================
[2026-08-21T11:43:19.246+0000] {manager.py:997} INFO - 
================================================================================
DAG File Processing Stats

File Path                                                                                                                            PID  Runtime      # DAGs    # Errors  Last Runtime    Last Run               Last # of DB Queries
---------------------------------------------------------------------------------------------------------------------------------  -----  ---------  --------  ----------  --------------  -------------------  ----------------------
/home/airflow/.local/lib/python3.12/site-packages/airflow/example_dags/example_dataset_alias_with_no_taskflow.py                                            4           0  5.09s           2026-08-21T11:43:15                      27
/home/airflow/.local/lib/python3.12/site-packages/airflow/example_dags/example_datasets.py                                                                 10           0  4.94s           2026-08-21T11:43:15                      49
/home/airflow/.local/lib/python3.12/site-packages/airflow/example_dags/example_dataset_alias.py                                                             4           0  4.76s           2026-08-21T11:42:51                      27
/home/airflow/.local/lib/python3.12/site-packages/airflow/example_dags/example_inlet_event_extra.py                                                         2           0  4.21s           2026-08-21T11:42:52                      15
/home/airflow/.local/lib/python3.12/site-packages/airflow/example_dags/example_outlet_event_extra.py                                 347  2.97s             3           0  4.18s           2026-08-21T11:42:45                      19
/home/airflow/.local/lib/python3.12/site-packages/airflow/example_dags/example_dag_decorator.py                                                             1           0  0.26s           2026-08-21T11:43:18                      32
/home/airflow/.local/lib/python3.12/site-packages/airflow/example_dags/example_nested_branch_dag.py                                                         1           0  0.16s           2026-08-21T11:43:18                      12
/home/airflow/.local/lib/python3.12/site-packages/airflow/example_dags/tutorial_taskflow_templates.py                                                       1           0  0.15s           2026-08-21T11:43:18                      12
/home/airflow/.local/lib/python3.12/site-packages/airflow/example_dags/example_branch_datetime_operator.py                                                  3           0  0.15s           2026-08-21T11:43:16                      18
/home/airflow/.local/lib/python3.12/site-packages/airflow/example_dags/example_workday_timetable.py                                                         1           0  0.15s           2026-08-21T11:42:44                      12
/home/airflow/.local/lib/python3.12/site-packages/airflow/example_dags/example_params_trigger_ui.py                                                         1           0  0.15s           2026-08-21T11:43:17                      10
/home/airflow/.local/lib/python3.12/site-packages/airflow/example_dags/example_branch_operator.py                                                           1           0  0.15s           2026-08-21T11:42:51                      12
/home/airflow/.local/lib/python3.12/site-packages/airflow/example_dags/example_subdag_operator.py                                                           3           0  0.14s           2026-08-21T11:43:15                      20
/home/airflow/.local/lib/python3.12/site-packages/airflow/example_dags/tutorial_objectstorage.py                                                            1           0  0.14s           2026-08-21T11:43:17                      10
/home/airflow/.local/lib/python3.12/site-packages/airflow/example_dags/example_branch_operator_decorator.py                                                 1           0  0.14s           2026-08-21T11:43:17                      12
/home/airflow/.local/lib/python3.12/site-packages/airflow/example_dags/example_xcomargs.py                                                                  2           0  0.14s           2026-08-21T11:43:15                      13
/home/airflow/.local/lib/python3.12/site-packages/airflow/example_dags/example_sensor_decorator.py                                                          1           0  0.13s           2026-08-21T11:43:16                      10
/home/airflow/.local/lib/python3.12/site-packages/airflow/example_dags/example_short_circuit_decorator.py                                                   1           0  0.13s           2026-08-21T11:43:16                      10
/home/airflow/.local/lib/python3.12/site-packages/airflow/example_dags/example_kubernetes_executor.py                                                       1           0  0.13s           2026-08-21T11:43:16                      10
/home/airflow/.local/lib/python3.12/site-packages/airflow/example_dags/example_passing_params_via_test_command.py                                           1           0  0.13s           2026-08-21T11:43:16                      12
/home/airflow/.local/lib/python3.12/site-packages/airflow/example_dags/example_dynamic_task_mapping.py                                                      1           0  0.13s           2026-08-21T11:43:16                      10
/home/airflow/.local/lib/python3.12/site-packages/airflow/example_dags/example_sla_dag.py                                                                   1           0  0.12s           2026-08-21T11:42:52                      12
/home/airflow/.local/lib/python3.12/site-packages/airflow/example_dags/example_complex.py                                                                   1           0  0.12s           2026-08-21T11:42:52                      10
/home/airflow/.local/lib/python3.12/site-packages/airflow/example_dags/example_external_task_marker_dag.py                                                  2           0  0.12s           2026-08-21T11:43:19                      13
/home/airflow/.local/lib/python3.12/site-packages/airflow/example_dags/example_bash_operator.py                                                             1           0  0.12s           2026-08-21T11:42:52                      12
/home/airflow/.local/lib/python3.12/site-packages/airflow/example_dags/example_short_circuit_operator.py                                                    1           0  0.12s           2026-08-21T11:43:19                      10
/home/airflow/.local/lib/python3.12/site-packages/airflow/example_dags/example_latest_only_with_trigger.py                                                  1           0  0.12s           2026-08-21T11:43:17                      12
/home/airflow/.local/lib/python3.12/site-packages/airflow/example_dags/example_params_ui_tutorial.py                                                        1           0  0.12s           2026-08-21T11:42:43                      10
/home/airflow/.local/lib/python3.12/site-packages/airflow/example_dags/example_python_operator.py                                                           1           0  0.12s           2026-08-21T11:43:16                      10
/home/airflow/.local/lib/python3.12/site-packages/airflow/example_dags/example_branch_labels.py                                                             1           0  0.12s           2026-08-21T11:43:15                      12
/home/airflow/.local/lib/python3.12/site-packages/airflow/example_dags/example_local_kubernetes_executor.py                                                 1           0  0.12s           2026-08-21T11:43:17                      10
/home/airflow/.local/lib/python3.12/site-packages/airflow/example_dags/example_xcom.py                                                                      1           0  0.12s           2026-08-21T11:43:17                      12
/home/airflow/.local/lib/python3.12/site-packages/airflow/example_dags/example_branch_python_dop_operator_3.py                                              1           0  0.12s           2026-08-21T11:43:17                      12
/home/airflow/.local/lib/python3.12/site-packages/airflow/example_dags/example_skip_dag.py                                                                  1           0  0.12s           2026-08-21T11:42:44                      12
/home/airflow/.local/lib/python3.12/site-packages/airflow/example_dags/example_latest_only.py                                                               1           0  0.12s           2026-08-21T11:43:15                      12
/home/airflow/.local/lib/python3.12/site-packages/airflow/example_dags/example_bash_decorator.py                                                            1           0  0.11s           2026-08-21T11:42:52                      10
/home/airflow/.local/lib/python3.12/site-packages/airflow/example_dags/example_sensors.py                                                                   1           0  0.11s           2026-08-21T11:42:44                      10
/home/airflow/.local/lib/python3.12/site-packages/airflow/example_dags/tutorial.py                                                                          1           0  0.11s           2026-08-21T11:43:16                      12
/home/airflow/.local/lib/python3.12/site-packages/airflow/example_dags/example_display_name.py                                                              1           0  0.11s           2026-08-21T11:43:18                      10
/home/airflow/.local/lib/python3.12/site-packages/airflow/example_dags/example_trigger_controller_dag.py                                                    1           0  0.11s           2026-08-21T11:43:18                      12
/home/airflow/.local/lib/python3.12/site-packages/airflow/example_dags/example_branch_day_of_week_operator.py                                               1           0  0.11s           2026-08-21T11:42:44                      12
/home/airflow/.local/lib/python3.12/site-packages/airflow/example_dags/example_trigger_target_dag.py                                                        1           0  0.11s           2026-08-21T11:43:17                      10
/home/airflow/.local/lib/python3.12/site-packages/airflow/example_dags/tutorial_taskflow_api.py                                                             1           0  0.11s           2026-08-21T11:43:16                      10
/home/airflow/.local/lib/python3.12/site-packages/airflow/example_dags/tutorial_taskflow_api_virtualenv.py                                                  1           0  0.11s           2026-08-21T11:42:44                      10
/home/airflow/.local/lib/python3.12/site-packages/airflow/example_dags/example_setup_teardown.py                                                            1           0  0.11s           2026-08-21T11:43:15                      10
/home/airflow/.local/lib/python3.12/site-packages/airflow/example_dags/example_task_group_decorator.py                                                      1           0  0.11s           2026-08-21T11:43:15                      10
/home/airflow/.local/lib/python3.12/site-packages/airflow/example_dags/example_task_group.py                                                                1           0  0.10s           2026-08-21T11:43:18                      10
/home/airflow/.local/lib/python3.12/site-packages/airflow/example_dags/example_setup_teardown_taskflow.py                                                   1           0  0.10s           2026-08-21T11:42:52                      10
/home/airflow/.local/lib/python3.12/site-packages/airflow/example_dags/example_python_decorator.py                                                          1           0  0.10s           2026-08-21T11:42:44                      10
/home/airflow/.local/lib/python3.12/site-packages/airflow/example_dags/example_time_delta_sensor_async.py                                                   1           0  0.10s           2026-08-21T11:42:44                      10
/home/airflow/.local/lib/python3.12/site-packages/airflow/example_dags/tutorial_dag.py                                                                      1           0  0.10s           2026-08-21T11:43:18                      10
/home/airflow/.local/lib/python3.12/site-packages/airflow/example_dags/example_dynamic_task_mapping_with_no_taskflow_operators.py    375  0.01s             1           0  0.10s           2026-08-21T11:42:43                      10
/home/airflow/.local/lib/python3.12/site-packages/airflow/example_dags/plugins/event_listener.py                                                            0           0  0.06s           2026-08-21T11:42:44                       3
/home/airflow/.local/lib/python3.12/site-packages/airflow/example_dags/plugins/decreasing_priority_weight_strategy.py                                       0           0  0.05s           2026-08-21T11:42:45                       3
/home/airflow/.local/lib/python3.12/site-packages/airflow/example_dags/plugins/listener_plugin.py                                                           0           0  0.05s           2026-08-21T11:42:44                       3
/home/airflow/.local/lib/python3.12/site-packages/airflow/example_dags/plugins/workday.py                                                                   0           0  0.05s           2026-08-21T11:42:44                       3
/home/airflow/.local/lib/python3.12/site-packages/airflow/example_dags/subdags/subdag.py                                                                    0           0  0.05s           2026-08-21T11:42:45                       3
================================================================================
[2026-08-21T11:43:49.772+0000] {manager.py:997} INFO - 
================================================================================
DAG File Processing Stats

File Path                                                                                                                            PID  Runtime      # DAGs    # Errors  Last Runtime    Last Run               Last # of DB Queries
---------------------------------------------------------------------------------------------------------------------------------  -----  ---------  --------  ----------  --------------  -------------------  ----------------------
/home/airflow/.local/lib/python3.12/site-packages/airflow/example_dags/example_dataset_alias_with_no_taskflow.py                     397  4.04s             4           0  5.09s           2026-08-21T11:43:15                      27
/home/airflow/.local/lib/python3.12/site-packages/airflow/example_dags/example_datasets.py                                           398  4.03s            10           0  4.94s           2026-08-21T11:43:15                      49
/home/airflow/.local/lib/python3.12/site-packages/airflow/example_dags/example_dataset_alias.py                                                             4           0  4.78s           2026-08-21T11:43:26                      27
/home/airflow/.local/lib/python3.12/site-packages/airflow/example_dags/example_outlet_event_extra.py                                                        3           0  4.57s           2026-08-21T11:43:20                      19
/home/airflow/.local/lib/python3.12/site-packages/airflow/example_dags/example_inlet_event_extra.py                                                         2           0  4.17s           2026-08-21T11:43:27                      15
/home/airflow/.local/lib/python3.12/site-packages/airflow/example_dags/example_dag_decorator.py                                                             1           0  0.26s           2026-08-21T11:43:18                      32
/home/airflow/.local/lib/python3.12/site-packages/airflow/example_dags/example_workday_timetable.py                                                         1           0  0.16s           2026-08-21T11:43:20                      12
/home/airflow/.local/lib/python3.12/site-packages/airflow/example_dags/example_sla_dag.py                                                                   1           0  0.16s           2026-08-21T11:43:23                      12
/home/airflow/.local/lib/python3.12/site-packages/airflow/example_dags/example_nested_branch_dag.py                                                         1           0  0.16s           2026-08-21T11:43:18                      12
/home/airflow/.local/lib/python3.12/site-packages/airflow/example_dags/example_bash_operator.py                                                             1           0  0.16s           2026-08-21T11:43:23                      12
/home/airflow/.local/lib/python3.12/site-packages/airflow/example_dags/tutorial_taskflow_templates.py                                                       1           0  0.15s           2026-08-21T11:43:18                      12
/home/airflow/.local/lib/python3.12/site-packages/airflow/example_dags/example_branch_datetime_operator.py                                                  3           0  0.15s           2026-08-21T11:43:16                      18
/home/airflow/.local/lib/python3.12/site-packages/airflow/example_dags/example_complex.py                                                                   1           0  0.15s           2026-08-21T11:43:23                      10
/home/airflow/.local/lib/python3.12/site-packages/airflow/example_dags/example_skip_dag.py                                                                  1           0  0.15s           2026-08-21T11:43:20                      12
/home/airflow/.local/lib/python3.12/site-packages/airflow/example_dags/example_branch_operator.py                                                           1           0  0.15s           2026-08-21T11:43:22                      12
/home/airflow/.local/lib/python3.12/site-packages/airflow/example_dags/example_params_trigger_ui.py                                                         1           0  0.15s           2026-08-21T11:43:17                      10
/home/airflow/.local/lib/python3.12/site-packages/airflow/example_dags/example_params_ui_tutorial.py                                                        1           0  0.15s           2026-08-21T11:43:19                      10
/home/airflow/.local/lib/python3.12/site-packages/airflow/example_dags/example_subdag_operator.py                                                           3           0  0.14s           2026-08-21T11:43:15                      20
/home/airflow/.local/lib/python3.12/site-packages/airflow/example_dags/tutorial_objectstorage.py                                                            1           0  0.14s           2026-08-21T11:43:17                      10
/home/airflow/.local/lib/python3.12/site-packages/airflow/example_dags/example_branch_operator_decorator.py                                                 1           0  0.14s           2026-08-21T11:43:17                      12
/home/airflow/.local/lib/python3.12/site-packages/airflow/example_dags/example_xcomargs.py                                                                  2           0  0.14s           2026-08-21T11:43:15                      13
/home/airflow/.local/lib/python3.12/site-packages/airflow/example_dags/example_sensor_decorator.py                                                          1           0  0.13s           2026-08-21T11:43:16                      10
/home/airflow/.local/lib/python3.12/site-packages/airflow/example_dags/example_short_circuit_decorator.py                                                   1           0  0.13s           2026-08-21T11:43:16                      10
/home/airflow/.local/lib/python3.12/site-packages/airflow/example_dags/example_bash_decorator.py                                                            1           0  0.13s           2026-08-21T11:43:23                      10
/home/airflow/.local/lib/python3.12/site-packages/airflow/example_dags/example_kubernetes_executor.py                                                       1           0  0.13s           2026-08-21T11:43:16                      10
/home/airflow/.local/lib/python3.12/site-packages/airflow/example_dags/example_passing_params_via_test_command.py                                           1           0  0.13s           2026-08-21T11:43:16                      12
/home/airflow/.local/lib/python3.12/site-packages/airflow/example_dags/example_dynamic_task_mapping.py                                                      1           0  0.13s           2026-08-21T11:43:16                      10
/home/airflow/.local/lib/python3.12/site-packages/airflow/example_dags/example_time_delta_sensor_async.py                                                   1           0  0.12s           2026-08-21T11:43:20                      10
/home/airflow/.local/lib/python3.12/site-packages/airflow/example_dags/example_external_task_marker_dag.py                                                  2           0  0.12s           2026-08-21T11:43:19                      13
/home/airflow/.local/lib/python3.12/site-packages/airflow/example_dags/example_short_circuit_operator.py                                                    1           0  0.12s           2026-08-21T11:43:19                      10
/home/airflow/.local/lib/python3.12/site-packages/airflow/example_dags/example_latest_only_with_trigger.py                                                  1           0  0.12s           2026-08-21T11:43:17                      12
/home/airflow/.local/lib/python3.12/site-packages/airflow/example_dags/example_python_operator.py                                                           1           0  0.12s           2026-08-21T11:43:16                      10
/home/airflow/.local/lib/python3.12/site-packages/airflow/example_dags/example_branch_labels.py                                                             1           0  0.12s           2026-08-21T11:43:15                      12
/home/airflow/.local/lib/python3.12/site-packages/airflow/example_dags/example_branch_day_of_week_operator.py                                               1           0  0.12s           2026-08-21T11:43:19                      12
/home/airflow/.local/lib/python3.12/site-packages/airflow/example_dags/example_local_kubernetes_executor.py                                                 1           0  0.12s           2026-08-21T11:43:17                      10
/home/airflow/.local/lib/python3.12/site-packages/airflow/example_dags/example_xcom.py                                                                      1           0  0.12s           2026-08-21T11:43:17                      12
/home/airflow/.local/lib/python3.12/site-packages/airflow/example_dags/example_branch_python_dop_operator_3.py                                              1           0  0.12s           2026-08-21T11:43:17                      12
/home/airflow/.local/lib/python3.12/site-packages/airflow/example_dags/example_latest_only.py                                                               1           0  0.12s           2026-08-21T11:43:15                      12
/home/airflow/.local/lib/python3.12/site-packages/airflow/example_dags/example_sensors.py                                                                   1           0  0.12s           2026-08-21T11:43:19                      10
/home/airflow/.local/lib/python3.12/site-packages/airflow/example_dags/tutorial.py                                                                          1           0  0.11s           2026-08-21T11:43:16                      12
/home/airflow/.local/lib/python3.12/site-packages/airflow/example_dags/example_display_name.py                                                              1           0  0.11s           2026-08-21T11:43:18                      10
/home/airflow/.local/lib/python3.12/site-packages/airflow/example_dags/example_dynamic_task_mapping_with_no_taskflow_operators.py                           1           0  0.11s           2026-08-21T11:43:19                      10
/home/airflow/.local/lib/python3.12/site-packages/airflow/example_dags/example_trigger_controller_dag.py                                                    1           0  0.11s           2026-08-21T11:43:18                      12
/home/airflow/.local/lib/python3.12/site-packages/airflow/example_dags/example_setup_teardown_taskflow.py                                                   1           0  0.11s           2026-08-21T11:43:23                      10
/home/airflow/.local/lib/python3.12/site-packages/airflow/example_dags/tutorial_taskflow_api_virtualenv.py                                                  1           0  0.11s           2026-08-21T11:43:19                      10
/home/airflow/.local/lib/python3.12/site-packages/airflow/example_dags/example_python_decorator.py                                                          1           0  0.11s           2026-08-21T11:43:19                      10
/home/airflow/.local/lib/python3.12/site-packages/airflow/example_dags/example_trigger_target_dag.py                                                        1           0  0.11s           2026-08-21T11:43:17                      10
/home/airflow/.local/lib/python3.12/site-packages/airflow/example_dags/tutorial_taskflow_api.py                                                             1           0  0.11s           2026-08-21T11:43:16                      10
/home/airflow/.local/lib/python3.12/site-packages/airflow/example_dags/example_setup_teardown.py                                                            1           0  0.11s           2026-08-21T11:43:15                      10
/home/airflow/.local/lib/python3.12/site-packages/airflow/example_dags/example_task_group_decorator.py                                                      1           0  0.11s           2026-08-21T11:43:15                      10
/home/airflow/.local/lib/python3.12/site-packages/airflow/example_dags/example_task_group.py                                                                1           0  0.10s           2026-08-21T11:43:18                      10
/home/airflow/.local/lib/python3.12/site-packages/airflow/example_dags/tutorial_dag.py                                                                      1           0  0.10s           2026-08-21T11:43:18                      10
/home/airflow/.local/lib/python3.12/site-packages/airflow/example_dags/plugins/event_listener.py                                                            0           0  0.06s           2026-08-21T11:43:20                       3
/home/airflow/.local/lib/python3.12/site-packages/airflow/example_dags/plugins/decreasing_priority_weight_strategy.py                                       0           0  0.06s           2026-08-21T11:43:20                       3
/home/airflow/.local/lib/python3.12/site-packages/airflow/example_dags/plugins/workday.py                                                                   0           0  0.06s           2026-08-21T11:43:20                       3
/home/airflow/.local/lib/python3.12/site-packages/airflow/example_dags/subdags/subdag.py                                                                    0           0  0.06s           2026-08-21T11:43:20                       3
/home/airflow/.local/lib/python3.12/site-packages/airflow/example_dags/plugins/listener_plugin.py                                                           0           0  0.05s           2026-08-21T11:43:20                       3
================================================================================
[2026-08-21T11:44:20.017+0000] {manager.py:997} INFO - 
================================================================================
DAG File Processing Stats

File Path                                                                                                                          PID    Runtime      # DAGs    # Errors  Last Runtime    Last Run               Last # of DB Queries
---------------------------------------------------------------------------------------------------------------------------------  -----  ---------  --------  ----------  --------------  -------------------  ----------------------
/home/airflow/.local/lib/python3.12/site-packages/airflow/example_dags/example_dataset_alias.py                                                             4           0  5.09s           2026-08-21T11:44:01                      27
/home/airflow/.local/lib/python3.12/site-packages/airflow/example_dags/example_datasets.py                                                                 10           0  4.60s           2026-08-21T11:43:50                      49
/home/airflow/.local/lib/python3.12/site-packages/airflow/example_dags/example_dataset_alias_with_no_taskflow.py                                            4           0  4.56s           2026-08-21T11:43:50                      27
/home/airflow/.local/lib/python3.12/site-packages/airflow/example_dags/example_inlet_event_extra.py                                                         2           0  4.45s           2026-08-21T11:44:02                      15
/home/airflow/.local/lib/python3.12/site-packages/airflow/example_dags/example_outlet_event_extra.py                                                        3           0  3.72s           2026-08-21T11:43:56                      19
/home/airflow/.local/lib/python3.12/site-packages/airflow/example_dags/example_dag_decorator.py                                                             1           0  0.21s           2026-08-21T11:43:52                      32
/home/airflow/.local/lib/python3.12/site-packages/airflow/example_dags/example_workday_timetable.py                                                         1           0  0.15s           2026-08-21T11:43:53                      12
/home/airflow/.local/lib/python3.12/site-packages/airflow/example_dags/example_branch_operator_decorator.py                                                 1           0  0.14s           2026-08-21T11:43:51                      12
/home/airflow/.local/lib/python3.12/site-packages/airflow/example_dags/example_subdag_operator.py                                                           3           0  0.13s           2026-08-21T11:43:50                      20
/home/airflow/.local/lib/python3.12/site-packages/airflow/example_dags/example_branch_datetime_operator.py                                                  3           0  0.13s           2026-08-21T11:43:51                      18
/home/airflow/.local/lib/python3.12/site-packages/airflow/example_dags/example_params_ui_tutorial.py                                                        1           0  0.13s           2026-08-21T11:43:52                      10
/home/airflow/.local/lib/python3.12/site-packages/airflow/example_dags/example_branch_operator.py                                                           1           0  0.13s           2026-08-21T11:43:53                      12
/home/airflow/.local/lib/python3.12/site-packages/airflow/example_dags/example_complex.py                                                                   1           0  0.13s           2026-08-21T11:43:53                      10
/home/airflow/.local/lib/python3.12/site-packages/airflow/example_dags/example_bash_operator.py                                                             1           0  0.13s           2026-08-21T11:43:53                      12
/home/airflow/.local/lib/python3.12/site-packages/airflow/example_dags/example_sla_dag.py                                                                   1           0  0.12s           2026-08-21T11:43:53                      12
/home/airflow/.local/lib/python3.12/site-packages/airflow/example_dags/example_branch_python_dop_operator_3.py                                              1           0  0.12s           2026-08-21T11:43:51                      12
/home/airflow/.local/lib/python3.12/site-packages/airflow/example_dags/example_xcom.py                                                                      1           0  0.12s           2026-08-21T11:43:51                      12
/home/airflow/.local/lib/python3.12/site-packages/airflow/example_dags/example_skip_dag.py                                                                  1           0  0.12s           2026-08-21T11:43:53                      12
/home/airflow/.local/lib/python3.12/site-packages/airflow/example_dags/tutorial_objectstorage.py                                                            1           0  0.12s           2026-08-21T11:43:51                      10
/home/airflow/.local/lib/python3.12/site-packages/airflow/example_dags/example_short_circuit_decorator.py                                                   1           0  0.11s           2026-08-21T11:43:51                      10
/home/airflow/.local/lib/python3.12/site-packages/airflow/example_dags/example_short_circuit_operator.py                                                    1           0  0.11s           2026-08-21T11:43:52                      10
/home/airflow/.local/lib/python3.12/site-packages/airflow/example_dags/example_task_group.py                                                                1           0  0.11s           2026-08-21T11:43:52                      10
/home/airflow/.local/lib/python3.12/site-packages/airflow/example_dags/example_trigger_controller_dag.py                                                    1           0  0.11s           2026-08-21T11:43:52                      12
/home/airflow/.local/lib/python3.12/site-packages/airflow/example_dags/example_branch_day_of_week_operator.py                                               1           0  0.11s           2026-08-21T11:43:52                      12
/home/airflow/.local/lib/python3.12/site-packages/airflow/example_dags/tutorial_taskflow_templates.py                                                       1           0  0.11s           2026-08-21T11:43:51                      12
/home/airflow/.local/lib/python3.12/site-packages/airflow/example_dags/example_python_decorator.py                                                          1           0  0.11s           2026-08-21T11:43:52                      10
/home/airflow/.local/lib/python3.12/site-packages/airflow/example_dags/example_nested_branch_dag.py                                                         1           0  0.11s           2026-08-21T11:43:51                      12
/home/airflow/.local/lib/python3.12/site-packages/airflow/example_dags/example_params_trigger_ui.py                                                         1           0  0.11s           2026-08-21T11:43:51                      10
/home/airflow/.local/lib/python3.12/site-packages/airflow/example_dags/example_branch_labels.py                                                             1           0  0.11s           2026-08-21T11:43:50                      12
/home/airflow/.local/lib/python3.12/site-packages/airflow/example_dags/example_bash_decorator.py                                                            1           0  0.11s           2026-08-21T11:43:53                      10
/home/airflow/.local/lib/python3.12/site-packages/airflow/example_dags/example_sensors.py                                                                   1           0  0.11s           2026-08-21T11:43:52                      10
/home/airflow/.local/lib/python3.12/site-packages/airflow/example_dags/example_passing_params_via_test_command.py                                           1           0  0.11s           2026-08-21T11:43:51                      12
/home/airflow/.local/lib/python3.12/site-packages/airflow/example_dags/tutorial_taskflow_api_virtualenv.py                                                  1           0  0.11s           2026-08-21T11:43:52                      10
/home/airflow/.local/lib/python3.12/site-packages/airflow/example_dags/tutorial.py                                                                          1           0  0.11s           2026-08-21T11:43:50                      12
/home/airflow/.local/lib/python3.12/site-packages/airflow/example_dags/example_task_group_decorator.py                                                      1           0  0.11s           2026-08-21T11:43:50                      10
/home/airflow/.local/lib/python3.12/site-packages/airflow/example_dags/tutorial_dag.py                                                                      1           0  0.11s           2026-08-21T11:43:52                      10
/home/airflow/.local/lib/python3.12/site-packages/airflow/example_dags/example_latest_only.py                                                               1           0  0.11s           2026-08-21T11:43:50                      12
/home/airflow/.local/lib/python3.12/site-packages/airflow/example_dags/example_latest_only_with_trigger.py                                                  1           0  0.11s           2026-08-21T11:43:51                      12
/home/airflow/.local/lib/python3.12/site-packages/airflow/example_dags/example_external_task_marker_dag.py                                                  2           0  0.10s           2026-08-21T11:43:52                      13
/home/airflow/.local/lib/python3.12/site-packages/airflow/example_dags/example_setup_teardown_taskflow.py                                                   1           0  0.10s           2026-08-21T11:43:54                      10
/home/airflow/.local/lib/python3.12/site-packages/airflow/example_dags/example_kubernetes_executor.py                                                       1           0  0.10s           2026-08-21T11:43:50                      10
/home/airflow/.local/lib/python3.12/site-packages/airflow/example_dags/example_trigger_target_dag.py                                                        1           0  0.10s           2026-08-21T11:43:51                      10
/home/airflow/.local/lib/python3.12/site-packages/airflow/example_dags/example_xcomargs.py                                                                  2           0  0.10s           2026-08-21T11:43:50                      13
/home/airflow/.local/lib/python3.12/site-packages/airflow/example_dags/example_python_operator.py                                                           1           0  0.10s           2026-08-21T11:43:50                      10
/home/airflow/.local/lib/python3.12/site-packages/airflow/example_dags/example_local_kubernetes_executor.py                                                 1           0  0.10s           2026-08-21T11:43:51                      10
/home/airflow/.local/lib/python3.12/site-packages/airflow/example_dags/example_dynamic_task_mapping_with_no_taskflow_operators.py                           1           0  0.10s           2026-08-21T11:43:52                      10
/home/airflow/.local/lib/python3.12/site-packages/airflow/example_dags/example_dynamic_task_mapping.py                                                      1           0  0.10s           2026-08-21T11:43:50                      10
/home/airflow/.local/lib/python3.12/site-packages/airflow/example_dags/example_time_delta_sensor_async.py                                                   1           0  0.10s           2026-08-21T11:43:53                      10
/home/airflow/.local/lib/python3.12/site-packages/airflow/example_dags/example_display_name.py                                                              1           0  0.10s           2026-08-21T11:43:52                      10
/home/airflow/.local/lib/python3.12/site-packages/airflow/example_dags/tutorial_taskflow_api.py                                                             1           0  0.10s           2026-08-21T11:43:51                      10
/home/airflow/.local/lib/python3.12/site-packages/airflow/example_dags/example_setup_teardown.py                                                            1           0  0.09s           2026-08-21T11:43:50                      10
/home/airflow/.local/lib/python3.12/site-packages/airflow/example_dags/example_sensor_decorator.py                                                          1           0  0.09s           2026-08-21T11:43:50                      10
/home/airflow/.local/lib/python3.12/site-packages/airflow/example_dags/plugins/workday.py                                                                   0           0  0.05s           2026-08-21T11:43:53                       3
/home/airflow/.local/lib/python3.12/site-packages/airflow/example_dags/plugins/listener_plugin.py                                                           0           0  0.05s           2026-08-21T11:43:53                       3
/home/airflow/.local/lib/python3.12/site-packages/airflow/example_dags/plugins/event_listener.py                                                            0           0  0.05s           2026-08-21T11:43:53                       3
/home/airflow/.local/lib/python3.12/site-packages/airflow/example_dags/plugins/decreasing_priority_weight_strategy.py                                       0           0  0.05s           2026-08-21T11:43:53                       3
/home/airflow/.local/lib/python3.12/site-packages/airflow/example_dags/subdags/subdag.py                                                                    0           0  0.05s           2026-08-21T11:43:53                       3
================================================================================
[2026-08-21T11:44:50.367+0000] {manager.py:997} INFO - 
================================================================================
DAG File Processing Stats

File Path                                                                                                                          PID    Runtime      # DAGs    # Errors  Last Runtime    Last Run               Last # of DB Queries
---------------------------------------------------------------------------------------------------------------------------------  -----  ---------  --------  ----------  --------------  -------------------  ----------------------
/home/airflow/.local/lib/python3.12/site-packages/airflow/example_dags/example_dataset_alias.py                                                             4           0  5.25s           2026-08-21T11:44:37                      27
/home/airflow/.local/lib/python3.12/site-packages/airflow/example_dags/example_datasets.py                                                                 10           0  4.76s           2026-08-21T11:44:25                      49
/home/airflow/.local/lib/python3.12/site-packages/airflow/example_dags/example_inlet_event_extra.py                                                         2           0  4.65s           2026-08-21T11:44:37                      15
/home/airflow/.local/lib/python3.12/site-packages/airflow/example_dags/example_dataset_alias_with_no_taskflow.py                                            4           0  4.40s           2026-08-21T11:44:24                      27
/home/airflow/.local/lib/python3.12/site-packages/airflow/example_dags/example_outlet_event_extra.py                                                        3           0  3.49s           2026-08-21T11:44:31                      19
/home/airflow/.local/lib/python3.12/site-packages/airflow/example_dags/example_dag_decorator.py                                                             1           0  0.23s           2026-08-21T11:44:27                      32
/home/airflow/.local/lib/python3.12/site-packages/airflow/example_dags/example_subdag_operator.py                                                           3           0  0.17s           2026-08-21T11:44:24                      20
/home/airflow/.local/lib/python3.12/site-packages/airflow/example_dags/example_branch_operator.py                                                           1           0  0.16s           2026-08-21T11:44:25                      12
/home/airflow/.local/lib/python3.12/site-packages/airflow/example_dags/example_workday_timetable.py                                                         1           0  0.15s           2026-08-21T11:44:27                      12
/home/airflow/.local/lib/python3.12/site-packages/airflow/example_dags/example_task_group_decorator.py                                                      1           0  0.15s           2026-08-21T11:44:25                      10
/home/airflow/.local/lib/python3.12/site-packages/airflow/example_dags/example_bash_operator.py                                                             1           0  0.14s           2026-08-21T11:44:26                      12
/home/airflow/.local/lib/python3.12/site-packages/airflow/example_dags/example_complex.py                                                                   1           0  0.14s           2026-08-21T11:44:25                      10
/home/airflow/.local/lib/python3.12/site-packages/airflow/example_dags/example_branch_operator_decorator.py                                                 1           0  0.14s           2026-08-21T11:44:26                      12
/home/airflow/.local/lib/python3.12/site-packages/airflow/example_dags/example_branch_datetime_operator.py                                                  3           0  0.13s           2026-08-21T11:44:26                      18
/home/airflow/.local/lib/python3.12/site-packages/airflow/example_dags/example_branch_python_dop_operator_3.py                                              1           0  0.13s           2026-08-21T11:44:26                      12
/home/airflow/.local/lib/python3.12/site-packages/airflow/example_dags/example_sla_dag.py                                                                   1           0  0.13s           2026-08-21T11:44:26                      12
/home/airflow/.local/lib/python3.12/site-packages/airflow/example_dags/example_params_trigger_ui.py                                                         1           0  0.13s           2026-08-21T11:44:26                      10
/home/airflow/.local/lib/python3.12/site-packages/airflow/example_dags/example_passing_params_via_test_command.py                                           1           0  0.13s           2026-08-21T11:44:25                      12
/home/airflow/.local/lib/python3.12/site-packages/airflow/example_dags/example_xcom.py                                                                      1           0  0.13s           2026-08-21T11:44:26                      12
/home/airflow/.local/lib/python3.12/site-packages/airflow/example_dags/example_latest_only.py                                                               1           0  0.12s           2026-08-21T11:44:25                      12
/home/airflow/.local/lib/python3.12/site-packages/airflow/example_dags/example_params_ui_tutorial.py                                                        1           0  0.12s           2026-08-21T11:44:27                      10
/home/airflow/.local/lib/python3.12/site-packages/airflow/example_dags/example_xcomargs.py                                                                  2           0  0.12s           2026-08-21T11:44:25                      13
/home/airflow/.local/lib/python3.12/site-packages/airflow/example_dags/tutorial_taskflow_templates.py                                                       1           0  0.12s           2026-08-21T11:44:27                      12
/home/airflow/.local/lib/python3.12/site-packages/airflow/example_dags/example_branch_labels.py                                                             1           0  0.12s           2026-08-21T11:44:25                      12
/home/airflow/.local/lib/python3.12/site-packages/airflow/example_dags/example_kubernetes_executor.py                                                       1           0  0.12s           2026-08-21T11:44:25                      10
/home/airflow/.local/lib/python3.12/site-packages/airflow/example_dags/example_latest_only_with_trigger.py                                                  1           0  0.12s           2026-08-21T11:44:26                      12
/home/airflow/.local/lib/python3.12/site-packages/airflow/example_dags/example_python_operator.py                                                           1           0  0.12s           2026-08-21T11:44:25                      10
/home/airflow/.local/lib/python3.12/site-packages/airflow/example_dags/tutorial.py                                                                          1           0  0.12s           2026-08-21T11:44:25                      12
/home/airflow/.local/lib/python3.12/site-packages/airflow/example_dags/example_bash_decorator.py                                                            1           0  0.11s           2026-08-21T11:44:26                      10
/home/airflow/.local/lib/python3.12/site-packages/airflow/example_dags/example_nested_branch_dag.py                                                         1           0  0.11s           2026-08-21T11:44:26                      12
/home/airflow/.local/lib/python3.12/site-packages/airflow/example_dags/example_dynamic_task_mapping.py                                                      1           0  0.11s           2026-08-21T11:44:25                      10
/home/airflow/.local/lib/python3.12/site-packages/airflow/example_dags/example_short_circuit_decorator.py                                                   1           0  0.11s           2026-08-21T11:44:26                      10
/home/airflow/.local/lib/python3.12/site-packages/airflow/example_dags/example_external_task_marker_dag.py                                                  2           0  0.11s           2026-08-21T11:44:27                      13
/home/airflow/.local/lib/python3.12/site-packages/airflow/example_dags/example_branch_day_of_week_operator.py                                               1           0  0.11s           2026-08-21T11:44:27                      12
/home/airflow/.local/lib/python3.12/site-packages/airflow/example_dags/example_trigger_controller_dag.py                                                    1           0  0.11s           2026-08-21T11:44:27                      12
/home/airflow/.local/lib/python3.12/site-packages/airflow/example_dags/example_sensors.py                                                                   1           0  0.11s           2026-08-21T11:44:27                      10
/home/airflow/.local/lib/python3.12/site-packages/airflow/example_dags/example_local_kubernetes_executor.py                                                 1           0  0.11s           2026-08-21T11:44:26                      10
/home/airflow/.local/lib/python3.12/site-packages/airflow/example_dags/example_setup_teardown_taskflow.py                                                   1           0  0.11s           2026-08-21T11:44:26                      10
/home/airflow/.local/lib/python3.12/site-packages/airflow/example_dags/example_sensor_decorator.py                                                          1           0  0.11s           2026-08-21T11:44:25                      10
/home/airflow/.local/lib/python3.12/site-packages/airflow/example_dags/example_skip_dag.py                                                                  1           0  0.11s           2026-08-21T11:44:27                      12
/home/airflow/.local/lib/python3.12/site-packages/airflow/example_dags/example_setup_teardown.py                                                            1           0  0.11s           2026-08-21T11:44:25                      10
/home/airflow/.local/lib/python3.12/site-packages/airflow/example_dags/tutorial_objectstorage.py                                                            1           0  0.11s           2026-08-21T11:44:26                      10
/home/airflow/.local/lib/python3.12/site-packages/airflow/example_dags/tutorial_taskflow_api.py                                                             1           0  0.11s           2026-08-21T11:44:26                      10
/home/airflow/.local/lib/python3.12/site-packages/airflow/example_dags/example_python_decorator.py                                                          1           0  0.11s           2026-08-21T11:44:27                      10
/home/airflow/.local/lib/python3.12/site-packages/airflow/example_dags/tutorial_dag.py                                                                      1           0  0.11s           2026-08-21T11:44:27                      10
/home/airflow/.local/lib/python3.12/site-packages/airflow/example_dags/example_short_circuit_operator.py                                                    1           0  0.11s           2026-08-21T11:44:27                      10
/home/airflow/.local/lib/python3.12/site-packages/airflow/example_dags/example_dynamic_task_mapping_with_no_taskflow_operators.py                           1           0  0.10s           2026-08-21T11:44:27                      10
/home/airflow/.local/lib/python3.12/site-packages/airflow/example_dags/tutorial_taskflow_api_virtualenv.py                                                  1           0  0.10s           2026-08-21T11:44:27                      10
/home/airflow/.local/lib/python3.12/site-packages/airflow/example_dags/example_trigger_target_dag.py                                                        1           0  0.10s           2026-08-21T11:44:26                      10
/home/airflow/.local/lib/python3.12/site-packages/airflow/example_dags/example_display_name.py                                                              1           0  0.10s           2026-08-21T11:44:27                      10
/home/airflow/.local/lib/python3.12/site-packages/airflow/example_dags/example_task_group.py                                                                1           0  0.10s           2026-08-21T11:44:27                      10
/home/airflow/.local/lib/python3.12/site-packages/airflow/example_dags/example_time_delta_sensor_async.py                                                   1           0  0.10s           2026-08-21T11:44:28                      10
/home/airflow/.local/lib/python3.12/site-packages/airflow/example_dags/plugins/event_listener.py                                                            0           0  0.05s           2026-08-21T11:44:28                       3
/home/airflow/.local/lib/python3.12/site-packages/airflow/example_dags/subdags/subdag.py                                                                    0           0  0.05s           2026-08-21T11:44:28                       3
/home/airflow/.local/lib/python3.12/site-packages/airflow/example_dags/plugins/workday.py                                                                   0           0  0.05s           2026-08-21T11:44:28                       3
/home/airflow/.local/lib/python3.12/site-packages/airflow/example_dags/plugins/decreasing_priority_weight_strategy.py                                       0           0  0.05s           2026-08-21T11:44:28                       3
/home/airflow/.local/lib/python3.12/site-packages/airflow/example_dags/plugins/listener_plugin.py                                                           0           0  0.05s           2026-08-21T11:44:28                       3
================================================================================
[2026-08-21T11:45:20.453+0000] {manager.py:997} INFO - 
================================================================================
DAG File Processing Stats

File Path                                                                                                                          PID    Runtime      # DAGs    # Errors  Last Runtime    Last Run               Last # of DB Queries
---------------------------------------------------------------------------------------------------------------------------------  -----  ---------  --------  ----------  --------------  -------------------  ----------------------
/home/airflow/.local/lib/python3.12/site-packages/airflow/example_dags/example_dataset_alias_with_no_taskflow.py                                            4           0  5.75s           2026-08-21T11:45:01                      27
/home/airflow/.local/lib/python3.12/site-packages/airflow/example_dags/example_datasets.py                                                                 10           0  5.39s           2026-08-21T11:45:00                      49
/home/airflow/.local/lib/python3.12/site-packages/airflow/example_dags/example_dataset_alias.py                                                             4           0  5.28s           2026-08-21T11:45:13                      27
/home/airflow/.local/lib/python3.12/site-packages/airflow/example_dags/example_inlet_event_extra.py                                                         2           0  4.67s           2026-08-21T11:45:13                      15
/home/airflow/.local/lib/python3.12/site-packages/airflow/example_dags/example_outlet_event_extra.py                                                        3           0  3.88s           2026-08-21T11:45:08                      19
/home/airflow/.local/lib/python3.12/site-packages/airflow/example_dags/example_dag_decorator.py                                                             1           0  0.27s           2026-08-21T11:45:03                      32
/home/airflow/.local/lib/python3.12/site-packages/airflow/example_dags/example_params_trigger_ui.py                                                         1           0  0.20s           2026-08-21T11:45:03                      10
/home/airflow/.local/lib/python3.12/site-packages/airflow/example_dags/example_branch_operator_decorator.py                                                 1           0  0.18s           2026-08-21T11:45:02                      12
/home/airflow/.local/lib/python3.12/site-packages/airflow/example_dags/example_bash_operator.py                                                             1           0  0.17s           2026-08-21T11:45:01                      12
/home/airflow/.local/lib/python3.12/site-packages/airflow/example_dags/example_branch_datetime_operator.py                                                  3           0  0.17s           2026-08-21T11:45:02                      18
/home/airflow/.local/lib/python3.12/site-packages/airflow/example_dags/example_nested_branch_dag.py                                                         1           0  0.16s           2026-08-21T11:45:03                      12
/home/airflow/.local/lib/python3.12/site-packages/airflow/example_dags/example_subdag_operator.py                                                           3           0  0.16s           2026-08-21T11:45:00                      20
/home/airflow/.local/lib/python3.12/site-packages/airflow/example_dags/example_bash_decorator.py                                                            1           0  0.16s           2026-08-21T11:45:01                      10
/home/airflow/.local/lib/python3.12/site-packages/airflow/example_dags/example_branch_operator.py                                                           1           0  0.16s           2026-08-21T11:45:01                      12
/home/airflow/.local/lib/python3.12/site-packages/airflow/example_dags/example_workday_timetable.py                                                         1           0  0.15s           2026-08-21T11:45:04                      12
/home/airflow/.local/lib/python3.12/site-packages/airflow/example_dags/example_complex.py                                                                   1           0  0.15s           2026-08-21T11:45:01                      10
/home/airflow/.local/lib/python3.12/site-packages/airflow/example_dags/example_task_group_decorator.py                                                      1           0  0.15s           2026-08-21T11:45:01                      10
/home/airflow/.local/lib/python3.12/site-packages/airflow/example_dags/example_passing_params_via_test_command.py                                           1           0  0.15s           2026-08-21T11:45:02                      12
/home/airflow/.local/lib/python3.12/site-packages/airflow/example_dags/example_xcomargs.py                                                                  2           0  0.15s           2026-08-21T11:45:02                      13
/home/airflow/.local/lib/python3.12/site-packages/airflow/example_dags/example_branch_labels.py                                                             1           0  0.15s           2026-08-21T11:45:01                      12
/home/airflow/.local/lib/python3.12/site-packages/airflow/example_dags/example_sla_dag.py                                                                   1           0  0.14s           2026-08-21T11:45:01                      12
/home/airflow/.local/lib/python3.12/site-packages/airflow/example_dags/example_trigger_target_dag.py                                                        1           0  0.14s           2026-08-21T11:45:03                      10
/home/airflow/.local/lib/python3.12/site-packages/airflow/example_dags/tutorial.py                                                                          1           0  0.14s           2026-08-21T11:45:02                      12
/home/airflow/.local/lib/python3.12/site-packages/airflow/example_dags/example_setup_teardown_taskflow.py                                                   1           0  0.14s           2026-08-21T11:45:02                      10
/home/airflow/.local/lib/python3.12/site-packages/airflow/example_dags/example_kubernetes_executor.py                                                       1           0  0.14s           2026-08-21T11:45:02                      10
/home/airflow/.local/lib/python3.12/site-packages/airflow/example_dags/tutorial_objectstorage.py                                                            1           0  0.14s           2026-08-21T11:45:02                      10
/home/airflow/.local/lib/python3.12/site-packages/airflow/example_dags/example_params_ui_tutorial.py                                                        1           0  0.14s           2026-08-21T11:45:04                      10
/home/airflow/.local/lib/python3.12/site-packages/airflow/example_dags/example_xcom.py                                                                      1           0  0.14s           2026-08-21T11:45:02                      12
/home/airflow/.local/lib/python3.12/site-packages/airflow/example_dags/example_branch_python_dop_operator_3.py                                              1           0  0.14s           2026-08-21T11:45:02                      12
/home/airflow/.local/lib/python3.12/site-packages/airflow/example_dags/example_short_circuit_operator.py                                                    1           0  0.13s           2026-08-21T11:45:03                      10
/home/airflow/.local/lib/python3.12/site-packages/airflow/example_dags/example_latest_only_with_trigger.py                                                  1           0  0.13s           2026-08-21T11:45:03                      12
/home/airflow/.local/lib/python3.12/site-packages/airflow/example_dags/example_python_operator.py                                                           1           0  0.13s           2026-08-21T11:45:02                      10
/home/airflow/.local/lib/python3.12/site-packages/airflow/example_dags/example_sensor_decorator.py                                                          1           0  0.13s           2026-08-21T11:45:02                      10
/home/airflow/.local/lib/python3.12/site-packages/airflow/example_dags/tutorial_taskflow_templates.py                                                       1           0  0.13s           2026-08-21T11:45:03                      12
/home/airflow/.local/lib/python3.12/site-packages/airflow/example_dags/example_local_kubernetes_executor.py                                                 1           0  0.13s           2026-08-21T11:45:03                      10
/home/airflow/.local/lib/python3.12/site-packages/airflow/example_dags/example_trigger_controller_dag.py                                                    1           0  0.13s           2026-08-21T11:45:03                      12
/home/airflow/.local/lib/python3.12/site-packages/airflow/example_dags/example_latest_only.py                                                               1           0  0.12s           2026-08-21T11:45:01                      12
/home/airflow/.local/lib/python3.12/site-packages/airflow/example_dags/example_short_circuit_decorator.py                                                   1           0  0.12s           2026-08-21T11:45:02                      10
/home/airflow/.local/lib/python3.12/site-packages/airflow/example_dags/example_skip_dag.py                                                                  1           0  0.12s           2026-08-21T11:45:04                      12
/home/airflow/.local/lib/python3.12/site-packages/airflow/example_dags/example_dynamic_task_mapping.py                                                      1           0  0.12s           2026-08-21T11:45:02                      10
/home/airflow/.local/lib/python3.12/site-packages/airflow/example_dags/tutorial_taskflow_api.py                                                             1           0  0.12s           2026-08-21T11:45:02                      10
/home/airflow/.local/lib/python3.12/site-packages/airflow/example_dags/example_sensors.py                                                                   1           0  0.12s           2026-08-21T11:45:04                      10
/home/airflow/.local/lib/python3.12/site-packages/airflow/example_dags/example_python_decorator.py                                                          1           0  0.12s           2026-08-21T11:45:04                      10
/home/airflow/.local/lib/python3.12/site-packages/airflow/example_dags/example_branch_day_of_week_operator.py                                               1           0  0.12s           2026-08-21T11:45:04                      12
/home/airflow/.local/lib/python3.12/site-packages/airflow/example_dags/tutorial_dag.py                                                                      1           0  0.12s           2026-08-21T11:45:03                      10
/home/airflow/.local/lib/python3.12/site-packages/airflow/example_dags/tutorial_taskflow_api_virtualenv.py                                                  1           0  0.11s           2026-08-21T11:45:04                      10
/home/airflow/.local/lib/python3.12/site-packages/airflow/example_dags/example_setup_teardown.py                                                            1           0  0.11s           2026-08-21T11:45:01                      10
/home/airflow/.local/lib/python3.12/site-packages/airflow/example_dags/example_external_task_marker_dag.py                                                  2           0  0.11s           2026-08-21T11:45:04                      13
/home/airflow/.local/lib/python3.12/site-packages/airflow/example_dags/example_task_group.py                                                                1           0  0.11s           2026-08-21T11:45:03                      10
/home/airflow/.local/lib/python3.12/site-packages/airflow/example_dags/example_dynamic_task_mapping_with_no_taskflow_operators.py                           1           0  0.10s           2026-08-21T11:45:04                      10
/home/airflow/.local/lib/python3.12/site-packages/airflow/example_dags/example_display_name.py                                                              1           0  0.10s           2026-08-21T11:45:03                      10
/home/airflow/.local/lib/python3.12/site-packages/airflow/example_dags/example_time_delta_sensor_async.py                                                   1           0  0.09s           2026-08-21T11:45:04                      10
/home/airflow/.local/lib/python3.12/site-packages/airflow/example_dags/plugins/workday.py                                                                   0           0  0.06s           2026-08-21T11:45:04                       3
/home/airflow/.local/lib/python3.12/site-packages/airflow/example_dags/subdags/subdag.py                                                                    0           0  0.06s           2026-08-21T11:45:04                       3
/home/airflow/.local/lib/python3.12/site-packages/airflow/example_dags/plugins/decreasing_priority_weight_strategy.py                                       0           0  0.05s           2026-08-21T11:45:04                       3
/home/airflow/.local/lib/python3.12/site-packages/airflow/example_dags/plugins/event_listener.py                                                            0           0  0.05s           2026-08-21T11:45:04                       3
/home/airflow/.local/lib/python3.12/site-packages/airflow/example_dags/plugins/listener_plugin.py                                                           0           0  0.05s           2026-08-21T11:45:04                       3
================================================================================
[2026-08-21T11:45:47.941+0000] {manager.py:821} INFO - Searching for files in /opt/airflow/dags
[2026-08-21T11:45:47.971+0000] {manager.py:824} INFO - There are 57 files in /opt/airflow/dags
[2026-08-21T11:45:51.130+0000] {manager.py:997} INFO - 
================================================================================
DAG File Processing Stats

File Path                                                                                                                            PID  Runtime      # DAGs    # Errors  Last Runtime    Last Run               Last # of DB Queries
---------------------------------------------------------------------------------------------------------------------------------  -----  ---------  --------  ----------  --------------  -------------------  ----------------------
/home/airflow/.local/lib/python3.12/site-packages/airflow/example_dags/example_dataset_alias.py                                                             4           0  6.61s           2026-08-21T11:45:50                      27
/home/airflow/.local/lib/python3.12/site-packages/airflow/example_dags/example_datasets.py                                                                 10           0  5.82s           2026-08-21T11:45:37                      49
/home/airflow/.local/lib/python3.12/site-packages/airflow/example_dags/example_dataset_alias_with_no_taskflow.py                                            4           0  5.64s           2026-08-21T11:45:36                      27
/home/airflow/.local/lib/python3.12/site-packages/airflow/example_dags/example_outlet_event_extra.py                                                        3           0  5.19s           2026-08-21T11:45:46                      19
/home/airflow/.local/lib/python3.12/site-packages/airflow/example_dags/example_inlet_event_extra.py                                  648  5.05s             2           0  4.67s           2026-08-21T11:45:13                      15
/home/airflow/.local/lib/python3.12/site-packages/airflow/example_dags/example_dag_decorator.py                                                             1           0  0.29s           2026-08-21T11:45:39                      32
/home/airflow/.local/lib/python3.12/site-packages/airflow/example_dags/example_workday_timetable.py                                                         1           0  0.18s           2026-08-21T11:45:40                      12
/home/airflow/.local/lib/python3.12/site-packages/airflow/example_dags/example_branch_operator.py                                                           1           0  0.18s           2026-08-21T11:45:37                      12
/home/airflow/.local/lib/python3.12/site-packages/airflow/example_dags/example_params_ui_tutorial.py                                                        1           0  0.18s           2026-08-21T11:45:40                      10
/home/airflow/.local/lib/python3.12/site-packages/airflow/example_dags/tutorial_dag.py                                                                      1           0  0.17s           2026-08-21T11:45:39                      10
/home/airflow/.local/lib/python3.12/site-packages/airflow/example_dags/example_branch_labels.py                                                             1           0  0.17s           2026-08-21T11:45:37                      12
/home/airflow/.local/lib/python3.12/site-packages/airflow/example_dags/example_complex.py                                                                   1           0  0.17s           2026-08-21T11:45:37                      10
/home/airflow/.local/lib/python3.12/site-packages/airflow/example_dags/example_branch_operator_decorator.py                                                 1           0  0.17s           2026-08-21T11:45:38                      12
/home/airflow/.local/lib/python3.12/site-packages/airflow/example_dags/example_external_task_marker_dag.py                                                  2           0  0.16s           2026-08-21T11:45:39                      13
/home/airflow/.local/lib/python3.12/site-packages/airflow/example_dags/example_dynamic_task_mapping_with_no_taskflow_operators.py                           1           0  0.16s           2026-08-21T11:45:39                      10
/home/airflow/.local/lib/python3.12/site-packages/airflow/example_dags/example_bash_operator.py                                                             1           0  0.16s           2026-08-21T11:45:37                      12
/home/airflow/.local/lib/python3.12/site-packages/airflow/example_dags/example_subdag_operator.py                                                           3           0  0.15s           2026-08-21T11:45:37                      20
/home/airflow/.local/lib/python3.12/site-packages/airflow/example_dags/example_xcom.py                                                                      1           0  0.15s           2026-08-21T11:45:38                      12
/home/airflow/.local/lib/python3.12/site-packages/airflow/example_dags/example_params_trigger_ui.py                                                         1           0  0.14s           2026-08-21T11:45:39                      10
/home/airflow/.local/lib/python3.12/site-packages/airflow/example_dags/example_latest_only.py                                                               1           0  0.14s           2026-08-21T11:45:37                      12
/home/airflow/.local/lib/python3.12/site-packages/airflow/example_dags/example_branch_datetime_operator.py                                                  3           0  0.14s           2026-08-21T11:45:38                      18
/home/airflow/.local/lib/python3.12/site-packages/airflow/example_dags/example_passing_params_via_test_command.py                                           1           0  0.14s           2026-08-21T11:45:38                      12
/home/airflow/.local/lib/python3.12/site-packages/airflow/example_dags/example_python_decorator.py                                                          1           0  0.14s           2026-08-21T11:45:40                      10
/home/airflow/.local/lib/python3.12/site-packages/airflow/example_dags/example_branch_python_dop_operator_3.py                                              1           0  0.14s           2026-08-21T11:45:38                      12
/home/airflow/.local/lib/python3.12/site-packages/airflow/example_dags/tutorial_taskflow_templates.py                                                       1           0  0.13s           2026-08-21T11:45:39                      12
/home/airflow/.local/lib/python3.12/site-packages/airflow/example_dags/example_branch_day_of_week_operator.py                                               1           0  0.13s           2026-08-21T11:45:40                      12
/home/airflow/.local/lib/python3.12/site-packages/airflow/example_dags/example_latest_only_with_trigger.py                                                  1           0  0.13s           2026-08-21T11:45:38                      12
/home/airflow/.local/lib/python3.12/site-packages/airflow/example_dags/example_xcomargs.py                                                                  2           0  0.13s           2026-08-21T11:45:37                      13
/home/airflow/.local/lib/python3.12/site-packages/airflow/example_dags/example_sla_dag.py                                                                   1           0  0.13s           2026-08-21T11:45:37                      12
/home/airflow/.local/lib/python3.12/site-packages/airflow/example_dags/example_nested_branch_dag.py                                                         1           0  0.13s           2026-08-21T11:45:39                      12
/home/airflow/.local/lib/python3.12/site-packages/airflow/example_dags/example_setup_teardown.py                                                            1           0  0.13s           2026-08-21T11:45:37                      10
/home/airflow/.local/lib/python3.12/site-packages/airflow/example_dags/example_skip_dag.py                                                                  1           0  0.13s           2026-08-21T11:45:40                      12
/home/airflow/.local/lib/python3.12/site-packages/airflow/example_dags/example_bash_decorator.py                                                            1           0  0.13s           2026-08-21T11:45:37                      10
/home/airflow/.local/lib/python3.12/site-packages/airflow/example_dags/example_kubernetes_executor.py                                                       1           0  0.13s           2026-08-21T11:45:38                      10
/home/airflow/.local/lib/python3.12/site-packages/airflow/example_dags/tutorial.py                                                                          1           0  0.13s           2026-08-21T11:45:38                      12
/home/airflow/.local/lib/python3.12/site-packages/airflow/example_dags/example_task_group_decorator.py                                                      1           0  0.13s           2026-08-21T11:45:37                      10
/home/airflow/.local/lib/python3.12/site-packages/airflow/example_dags/example_local_kubernetes_executor.py                                                 1           0  0.13s           2026-08-21T11:45:38                      10
/home/airflow/.local/lib/python3.12/site-packages/airflow/example_dags/example_short_circuit_operator.py                                                    1           0  0.13s           2026-08-21T11:45:39                      10
/home/airflow/.local/lib/python3.12/site-packages/airflow/example_dags/example_task_group.py                                                                1           0  0.12s           2026-08-21T11:45:39                      10
/home/airflow/.local/lib/python3.12/site-packages/airflow/example_dags/tutorial_taskflow_api_virtualenv.py                                                  1           0  0.12s           2026-08-21T11:45:40                      10
/home/airflow/.local/lib/python3.12/site-packages/airflow/example_dags/example_setup_teardown_taskflow.py                                                   1           0  0.12s           2026-08-21T11:45:37                      10
/home/airflow/.local/lib/python3.12/site-packages/airflow/example_dags/example_display_name.py                                                              1           0  0.12s           2026-08-21T11:45:39                      10
/home/airflow/.local/lib/python3.12/site-packages/airflow/example_dags/example_dynamic_task_mapping.py                                                      1           0  0.12s           2026-08-21T11:45:38                      10
/home/airflow/.local/lib/python3.12/site-packages/airflow/example_dags/example_trigger_controller_dag.py                                                    1           0  0.12s           2026-08-21T11:45:39                      12
/home/airflow/.local/lib/python3.12/site-packages/airflow/example_dags/tutorial_taskflow_api.py                                                             1           0  0.12s           2026-08-21T11:45:38                      10
/home/airflow/.local/lib/python3.12/site-packages/airflow/example_dags/example_python_operator.py                                                           1           0  0.12s           2026-08-21T11:45:38                      10
/home/airflow/.local/lib/python3.12/site-packages/airflow/example_dags/example_sensor_decorator.py                                                          1           0  0.12s           2026-08-21T11:45:37                      10
/home/airflow/.local/lib/python3.12/site-packages/airflow/example_dags/example_short_circuit_decorator.py                                                   1           0  0.12s           2026-08-21T11:45:38                      10
/home/airflow/.local/lib/python3.12/site-packages/airflow/example_dags/example_trigger_target_dag.py                                                        1           0  0.11s           2026-08-21T11:45:39                      10
/home/airflow/.local/lib/python3.12/site-packages/airflow/example_dags/example_time_delta_sensor_async.py                                                   1           0  0.11s           2026-08-21T11:45:40                      10
/home/airflow/.local/lib/python3.12/site-packages/airflow/example_dags/tutorial_objectstorage.py                                                            1           0  0.11s           2026-08-21T11:45:38                      10
/home/airflow/.local/lib/python3.12/site-packages/airflow/example_dags/example_sensors.py                                                                   1           0  0.11s           2026-08-21T11:45:40                      10
/home/airflow/.local/lib/python3.12/site-packages/airflow/example_dags/plugins/decreasing_priority_weight_strategy.py                                       0           0  0.09s           2026-08-21T11:45:40                       3
/home/airflow/.local/lib/python3.12/site-packages/airflow/example_dags/plugins/listener_plugin.py                                                           0           0  0.08s           2026-08-21T11:45:40                       3
/home/airflow/.local/lib/python3.12/site-packages/airflow/example_dags/subdags/subdag.py                                                                    0           0  0.07s           2026-08-21T11:45:40                       3
/home/airflow/.local/lib/python3.12/site-packages/airflow/example_dags/plugins/event_listener.py                                                            0           0  0.06s           2026-08-21T11:45:40                       3
/home/airflow/.local/lib/python3.12/site-packages/airflow/example_dags/plugins/workday.py                                                                   0           0  0.05s           2026-08-21T11:45:40                       3
================================================================================
[2026-08-21T11:46:21.314+0000] {manager.py:997} INFO - 
================================================================================
DAG File Processing Stats

File Path                                                                                                                            PID  Runtime      # DAGs    # Errors  Last Runtime    Last Run               Last # of DB Queries
---------------------------------------------------------------------------------------------------------------------------------  -----  ---------  --------  ----------  --------------  -------------------  ----------------------
/home/airflow/.local/lib/python3.12/site-packages/airflow/example_dags/example_dataset_alias.py                                      716  0.53s             4           0  6.61s           2026-08-21T11:45:50                      27
/home/airflow/.local/lib/python3.12/site-packages/airflow/example_dags/example_inlet_event_extra.py                                                         2           0  5.46s           2026-08-21T11:45:51                      15
/home/airflow/.local/lib/python3.12/site-packages/airflow/example_dags/example_datasets.py                                                                 10           0  4.54s           2026-08-21T11:46:12                      49
/home/airflow/.local/lib/python3.12/site-packages/airflow/example_dags/example_dataset_alias_with_no_taskflow.py                                            4           0  4.51s           2026-08-21T11:46:12                      27
/home/airflow/.local/lib/python3.12/site-packages/airflow/example_dags/example_outlet_event_extra.py                                                        3           0  3.52s           2026-08-21T11:46:19                      19
/home/airflow/.local/lib/python3.12/site-packages/airflow/example_dags/example_dag_decorator.py                                                             1           0  0.22s           2026-08-21T11:46:14                      32
/home/airflow/.local/lib/python3.12/site-packages/airflow/example_dags/example_skip_dag.py                                                                  1           0  0.14s           2026-08-21T11:46:15                      12
/home/airflow/.local/lib/python3.12/site-packages/airflow/example_dags/example_workday_timetable.py                                                         1           0  0.14s           2026-08-21T11:46:14                      12
/home/airflow/.local/lib/python3.12/site-packages/airflow/example_dags/example_branch_operator_decorator.py                                                 1           0  0.13s           2026-08-21T11:46:13                      12
/home/airflow/.local/lib/python3.12/site-packages/airflow/example_dags/example_branch_operator.py                                                           1           0  0.13s           2026-08-21T11:46:07                      12
/home/airflow/.local/lib/python3.12/site-packages/airflow/example_dags/example_params_ui_tutorial.py                                                        1           0  0.13s           2026-08-21T11:46:14                      10
/home/airflow/.local/lib/python3.12/site-packages/airflow/example_dags/example_subdag_operator.py                                                           3           0  0.13s           2026-08-21T11:46:12                      20
/home/airflow/.local/lib/python3.12/site-packages/airflow/example_dags/example_branch_day_of_week_operator.py                                               1           0  0.12s           2026-08-21T11:46:14                      12
/home/airflow/.local/lib/python3.12/site-packages/airflow/example_dags/example_params_trigger_ui.py                                                         1           0  0.12s           2026-08-21T11:46:13                      10
/home/airflow/.local/lib/python3.12/site-packages/airflow/example_dags/tutorial_taskflow_templates.py                                                       1           0  0.12s           2026-08-21T11:46:14                      12
/home/airflow/.local/lib/python3.12/site-packages/airflow/example_dags/example_nested_branch_dag.py                                                         1           0  0.12s           2026-08-21T11:46:13                      12
/home/airflow/.local/lib/python3.12/site-packages/airflow/example_dags/example_branch_python_dop_operator_3.py                                              1           0  0.11s           2026-08-21T11:46:13                      12
/home/airflow/.local/lib/python3.12/site-packages/airflow/example_dags/example_passing_params_via_test_command.py                                           1           0  0.11s           2026-08-21T11:46:13                      12
/home/airflow/.local/lib/python3.12/site-packages/airflow/example_dags/example_branch_datetime_operator.py                                                  3           0  0.11s           2026-08-21T11:46:13                      18
/home/airflow/.local/lib/python3.12/site-packages/airflow/example_dags/example_branch_labels.py                                                             1           0  0.11s           2026-08-21T11:46:12                      12
/home/airflow/.local/lib/python3.12/site-packages/airflow/example_dags/example_bash_operator.py                                                             1           0  0.11s           2026-08-21T11:46:07                      12
/home/airflow/.local/lib/python3.12/site-packages/airflow/example_dags/example_python_operator.py                                                           1           0  0.11s           2026-08-21T11:46:13                      10
/home/airflow/.local/lib/python3.12/site-packages/airflow/example_dags/example_latest_only.py                                                               1           0  0.11s           2026-08-21T11:46:12                      12
/home/airflow/.local/lib/python3.12/site-packages/airflow/example_dags/example_task_group_decorator.py                                                      1           0  0.11s           2026-08-21T11:46:12                      10
/home/airflow/.local/lib/python3.12/site-packages/airflow/example_dags/tutorial.py                                                                          1           0  0.11s           2026-08-21T11:46:13                      12
/home/airflow/.local/lib/python3.12/site-packages/airflow/example_dags/example_xcom.py                                                                      1           0  0.11s           2026-08-21T11:46:13                      12
/home/airflow/.local/lib/python3.12/site-packages/airflow/example_dags/example_complex.py                                                                   1           0  0.11s           2026-08-21T11:46:07                      10
/home/airflow/.local/lib/python3.12/site-packages/airflow/example_dags/example_sla_dag.py                                                                   1           0  0.11s           2026-08-21T11:46:07                      12
/home/airflow/.local/lib/python3.12/site-packages/airflow/example_dags/example_kubernetes_executor.py                                                       1           0  0.11s           2026-08-21T11:46:12                      10
/home/airflow/.local/lib/python3.12/site-packages/airflow/example_dags/example_time_delta_sensor_async.py                                                   1           0  0.11s           2026-08-21T11:46:15                      10
/home/airflow/.local/lib/python3.12/site-packages/airflow/example_dags/tutorial_taskflow_api_virtualenv.py                                                  1           0  0.11s           2026-08-21T11:46:14                      10
/home/airflow/.local/lib/python3.12/site-packages/airflow/example_dags/example_bash_decorator.py                                                            1           0  0.11s           2026-08-21T11:46:08                      10
/home/airflow/.local/lib/python3.12/site-packages/airflow/example_dags/example_trigger_controller_dag.py                                                    1           0  0.11s           2026-08-21T11:46:14                      12
/home/airflow/.local/lib/python3.12/site-packages/airflow/example_dags/example_external_task_marker_dag.py                                                  2           0  0.10s           2026-08-21T11:46:14                      13
/home/airflow/.local/lib/python3.12/site-packages/airflow/example_dags/example_sensors.py                                                                   1           0  0.10s           2026-08-21T11:46:14                      10
/home/airflow/.local/lib/python3.12/site-packages/airflow/example_dags/example_latest_only_with_trigger.py                                                  1           0  0.10s           2026-08-21T11:46:13                      12
/home/airflow/.local/lib/python3.12/site-packages/airflow/example_dags/example_xcomargs.py                                                                  2           0  0.10s           2026-08-21T11:46:12                      13
/home/airflow/.local/lib/python3.12/site-packages/airflow/example_dags/tutorial_taskflow_api.py                                                             1           0  0.10s           2026-08-21T11:46:13                      10
/home/airflow/.local/lib/python3.12/site-packages/airflow/example_dags/example_short_circuit_decorator.py                                                   1           0  0.10s           2026-08-21T11:46:13                      10
/home/airflow/.local/lib/python3.12/site-packages/airflow/example_dags/example_short_circuit_operator.py                                                    1           0  0.10s           2026-08-21T11:46:14                      10
/home/airflow/.local/lib/python3.12/site-packages/airflow/example_dags/tutorial_objectstorage.py                                                            1           0  0.10s           2026-08-21T11:46:13                      10
/home/airflow/.local/lib/python3.12/site-packages/airflow/example_dags/example_local_kubernetes_executor.py                                                 1           0  0.10s           2026-08-21T11:46:13                      10
/home/airflow/.local/lib/python3.12/site-packages/airflow/example_dags/example_dynamic_task_mapping.py                                                      1           0  0.10s           2026-08-21T11:46:12                      10
/home/airflow/.local/lib/python3.12/site-packages/airflow/example_dags/example_python_decorator.py                                                          1           0  0.10s           2026-08-21T11:46:14                      10
/home/airflow/.local/lib/python3.12/site-packages/airflow/example_dags/example_dynamic_task_mapping_with_no_taskflow_operators.py                           1           0  0.10s           2026-08-21T11:46:14                      10
/home/airflow/.local/lib/python3.12/site-packages/airflow/example_dags/example_setup_teardown.py                                                            1           0  0.10s           2026-08-21T11:46:12                      10
/home/airflow/.local/lib/python3.12/site-packages/airflow/example_dags/tutorial_dag.py                                                                      1           0  0.10s           2026-08-21T11:46:14                      10
/home/airflow/.local/lib/python3.12/site-packages/airflow/example_dags/example_task_group.py                                                                1           0  0.10s           2026-08-21T11:46:14                      10
/home/airflow/.local/lib/python3.12/site-packages/airflow/example_dags/example_display_name.py                                                              1           0  0.10s           2026-08-21T11:46:14                      10
/home/airflow/.local/lib/python3.12/site-packages/airflow/example_dags/example_trigger_target_dag.py                                                        1           0  0.09s           2026-08-21T11:46:13                      10
/home/airflow/.local/lib/python3.12/site-packages/airflow/example_dags/example_setup_teardown_taskflow.py                                                   1           0  0.09s           2026-08-21T11:46:12                      10
/home/airflow/.local/lib/python3.12/site-packages/airflow/example_dags/example_sensor_decorator.py                                                          1           0  0.09s           2026-08-21T11:46:12                      10
/home/airflow/.local/lib/python3.12/site-packages/airflow/example_dags/plugins/event_listener.py                                                            0           0  0.06s           2026-08-21T11:46:15                       3
/home/airflow/.local/lib/python3.12/site-packages/airflow/example_dags/plugins/listener_plugin.py                                                           0           0  0.06s           2026-08-21T11:46:15                       3
/home/airflow/.local/lib/python3.12/site-packages/airflow/example_dags/plugins/workday.py                                                                   0           0  0.05s           2026-08-21T11:46:15                       3
/home/airflow/.local/lib/python3.12/site-packages/airflow/example_dags/plugins/decreasing_priority_weight_strategy.py                                       0           0  0.05s           2026-08-21T11:46:15                       3
/home/airflow/.local/lib/python3.12/site-packages/airflow/example_dags/subdags/subdag.py                                                                    0           0  0.05s           2026-08-21T11:46:15                       3
================================================================================
[2026-08-21T11:46:52.238+0000] {manager.py:997} INFO - 
================================================================================
DAG File Processing Stats

File Path                                                                                                                            PID  Runtime      # DAGs    # Errors  Last Runtime    Last Run               Last # of DB Queries
---------------------------------------------------------------------------------------------------------------------------------  -----  ---------  --------  ----------  --------------  -------------------  ----------------------
/home/airflow/.local/lib/python3.12/site-packages/airflow/example_dags/example_datasets.py                                                                 10           0  4.87s           2026-08-21T11:46:48                      49
/home/airflow/.local/lib/python3.12/site-packages/airflow/example_dags/example_dataset_alias.py                                                             4           0  4.71s           2026-08-21T11:46:25                      27
/home/airflow/.local/lib/python3.12/site-packages/airflow/example_dags/example_dataset_alias_with_no_taskflow.py                                            4           0  4.69s           2026-08-21T11:46:47                      27
/home/airflow/.local/lib/python3.12/site-packages/airflow/example_dags/example_inlet_event_extra.py                                                         2           0  4.01s           2026-08-21T11:46:25                      15
/home/airflow/.local/lib/python3.12/site-packages/airflow/example_dags/example_outlet_event_extra.py                                 778  1.02s             3           0  3.52s           2026-08-21T11:46:19                      19
/home/airflow/.local/lib/python3.12/site-packages/airflow/example_dags/example_dag_decorator.py                                                             1           0  0.26s           2026-08-21T11:46:50                      32
/home/airflow/.local/lib/python3.12/site-packages/airflow/example_dags/example_branch_operator_decorator.py                                                 1           0  0.20s           2026-08-21T11:46:49                      12
/home/airflow/.local/lib/python3.12/site-packages/airflow/example_dags/example_xcom.py                                                                      1           0  0.17s           2026-08-21T11:46:49                      12
/home/airflow/.local/lib/python3.12/site-packages/airflow/example_dags/tutorial_objectstorage.py                                                            1           0  0.17s           2026-08-21T11:46:49                      10
/home/airflow/.local/lib/python3.12/site-packages/airflow/example_dags/example_branch_python_dop_operator_3.py                                              1           0  0.16s           2026-08-21T11:46:49                      12
/home/airflow/.local/lib/python3.12/site-packages/airflow/example_dags/example_branch_datetime_operator.py                                                  3           0  0.16s           2026-08-21T11:46:49                      18
/home/airflow/.local/lib/python3.12/site-packages/airflow/example_dags/example_workday_timetable.py                                                         1           0  0.15s           2026-08-21T11:46:51                      12
/home/airflow/.local/lib/python3.12/site-packages/airflow/example_dags/example_short_circuit_decorator.py                                                   1           0  0.15s           2026-08-21T11:46:49                      10
/home/airflow/.local/lib/python3.12/site-packages/airflow/example_dags/example_branch_operator.py                                                           1           0  0.14s           2026-08-21T11:46:38                      12
/home/airflow/.local/lib/python3.12/site-packages/airflow/example_dags/example_subdag_operator.py                                                           3           0  0.14s           2026-08-21T11:46:48                      20
/home/airflow/.local/lib/python3.12/site-packages/airflow/example_dags/tutorial_taskflow_templates.py                                                       1           0  0.14s           2026-08-21T11:46:49                      12
/home/airflow/.local/lib/python3.12/site-packages/airflow/example_dags/example_params_ui_tutorial.py                                                        1           0  0.13s           2026-08-21T11:46:50                      10
/home/airflow/.local/lib/python3.12/site-packages/airflow/example_dags/example_task_group_decorator.py                                                      1           0  0.12s           2026-08-21T11:46:48                      10
/home/airflow/.local/lib/python3.12/site-packages/airflow/example_dags/example_params_trigger_ui.py                                                         1           0  0.12s           2026-08-21T11:46:49                      10
/home/airflow/.local/lib/python3.12/site-packages/airflow/example_dags/example_branch_day_of_week_operator.py                                               1           0  0.12s           2026-08-21T11:46:50                      12
/home/airflow/.local/lib/python3.12/site-packages/airflow/example_dags/example_task_group.py                                                                1           0  0.12s           2026-08-21T11:46:50                      10
/home/airflow/.local/lib/python3.12/site-packages/airflow/example_dags/example_nested_branch_dag.py                                                         1           0  0.12s           2026-08-21T11:46:49                      12
/home/airflow/.local/lib/python3.12/site-packages/airflow/example_dags/example_passing_params_via_test_command.py                                           1           0  0.12s           2026-08-21T11:46:48                      12
/home/airflow/.local/lib/python3.12/site-packages/airflow/example_dags/example_branch_labels.py                                                             1           0  0.12s           2026-08-21T11:46:48                      12
/home/airflow/.local/lib/python3.12/site-packages/airflow/example_dags/example_python_decorator.py                                                          1           0  0.12s           2026-08-21T11:46:50                      10
/home/airflow/.local/lib/python3.12/site-packages/airflow/example_dags/example_trigger_controller_dag.py                                                    1           0  0.12s           2026-08-21T11:46:50                      12
/home/airflow/.local/lib/python3.12/site-packages/airflow/example_dags/example_sensors.py                                                                   1           0  0.12s           2026-08-21T11:46:50                      10
/home/airflow/.local/lib/python3.12/site-packages/airflow/example_dags/example_bash_operator.py                                                             1           0  0.12s           2026-08-21T11:46:38                      12
/home/airflow/.local/lib/python3.12/site-packages/airflow/example_dags/tutorial_dag.py                                                                      1           0  0.11s           2026-08-21T11:46:50                      10
/home/airflow/.local/lib/python3.12/site-packages/airflow/example_dags/tutorial.py                                                                          1           0  0.11s           2026-08-21T11:46:48                      12
/home/airflow/.local/lib/python3.12/site-packages/airflow/example_dags/example_complex.py                                                                   1           0  0.11s           2026-08-21T11:46:37                      10
/home/airflow/.local/lib/python3.12/site-packages/airflow/example_dags/example_skip_dag.py                                                                  1           0  0.11s           2026-08-21T11:46:51                      12
/home/airflow/.local/lib/python3.12/site-packages/airflow/example_dags/example_xcomargs.py                                                                  2           0  0.11s           2026-08-21T11:46:48                      13
/home/airflow/.local/lib/python3.12/site-packages/airflow/example_dags/example_kubernetes_executor.py                                                       1           0  0.11s           2026-08-21T11:46:48                      10
/home/airflow/.local/lib/python3.12/site-packages/airflow/example_dags/example_display_name.py                                                              1           0  0.11s           2026-08-21T11:46:50                      10
/home/airflow/.local/lib/python3.12/site-packages/airflow/example_dags/example_external_task_marker_dag.py                                                  2           0  0.11s           2026-08-21T11:46:50                      13
/home/airflow/.local/lib/python3.12/site-packages/airflow/example_dags/example_bash_decorator.py                                                            1           0  0.11s           2026-08-21T11:46:38                      10
/home/airflow/.local/lib/python3.12/site-packages/airflow/example_dags/example_trigger_target_dag.py                                                        1           0  0.11s           2026-08-21T11:46:49                      10
/home/airflow/.local/lib/python3.12/site-packages/airflow/example_dags/example_local_kubernetes_executor.py                                                 1           0  0.11s           2026-08-21T11:46:49                      10
/home/airflow/.local/lib/python3.12/site-packages/airflow/example_dags/example_sla_dag.py                                                                   1           0  0.11s           2026-08-21T11:46:38                      12
/home/airflow/.local/lib/python3.12/site-packages/airflow/example_dags/tutorial_taskflow_api.py                                                             1           0  0.11s           2026-08-21T11:46:48                      10
/home/airflow/.local/lib/python3.12/site-packages/airflow/example_dags/example_latest_only_with_trigger.py                                                  1           0  0.11s           2026-08-21T11:46:49                      12
/home/airflow/.local/lib/python3.12/site-packages/airflow/example_dags/example_short_circuit_operator.py                                                    1           0  0.11s           2026-08-21T11:46:50                      10
/home/airflow/.local/lib/python3.12/site-packages/airflow/example_dags/example_latest_only.py                                                               1           0  0.11s           2026-08-21T11:46:48                      12
/home/airflow/.local/lib/python3.12/site-packages/airflow/example_dags/example_setup_teardown_taskflow.py                                                   1           0  0.10s           2026-08-21T11:46:43                      10
/home/airflow/.local/lib/python3.12/site-packages/airflow/example_dags/example_python_operator.py                                                           1           0  0.10s           2026-08-21T11:46:48                      10
/home/airflow/.local/lib/python3.12/site-packages/airflow/example_dags/example_time_delta_sensor_async.py                                                   1           0  0.10s           2026-08-21T11:46:51                      10
/home/airflow/.local/lib/python3.12/site-packages/airflow/example_dags/example_sensor_decorator.py                                                          1           0  0.10s           2026-08-21T11:46:48                      10
/home/airflow/.local/lib/python3.12/site-packages/airflow/example_dags/example_dynamic_task_mapping.py                                                      1           0  0.10s           2026-08-21T11:46:48                      10
/home/airflow/.local/lib/python3.12/site-packages/airflow/example_dags/tutorial_taskflow_api_virtualenv.py                                                  1           0  0.10s           2026-08-21T11:46:50                      10
/home/airflow/.local/lib/python3.12/site-packages/airflow/example_dags/example_setup_teardown.py                                                            1           0  0.10s           2026-08-21T11:46:48                      10
/home/airflow/.local/lib/python3.12/site-packages/airflow/example_dags/example_dynamic_task_mapping_with_no_taskflow_operators.py                           1           0  0.10s           2026-08-21T11:46:50                      10
/home/airflow/.local/lib/python3.12/site-packages/airflow/example_dags/plugins/event_listener.py                                                            0           0  0.05s           2026-08-21T11:46:51                       3
/home/airflow/.local/lib/python3.12/site-packages/airflow/example_dags/plugins/workday.py                                                                   0           0  0.05s           2026-08-21T11:46:51                       3
/home/airflow/.local/lib/python3.12/site-packages/airflow/example_dags/plugins/decreasing_priority_weight_strategy.py                                       0           0  0.05s           2026-08-21T11:46:51                       3
/home/airflow/.local/lib/python3.12/site-packages/airflow/example_dags/plugins/listener_plugin.py                                                           0           0  0.05s           2026-08-21T11:46:51                       3
/home/airflow/.local/lib/python3.12/site-packages/airflow/example_dags/subdags/subdag.py                                                                    0           0  0.05s           2026-08-21T11:46:51                       3
================================================================================
[2026-08-21T11:47:21.659+0000] {manager.py:465} INFO - Exiting gracefully upon receiving signal 15
[2026-08-21T11:47:21.659+0000] {manager.py:465} INFO - Exiting gracefully upon receiving signal 15
[2026-08-21T11:47:21.659+0000] {manager.py:465} INFO - Exiting gracefully upon receiving signal 15
[2026-08-21T11:47:22.098+0000] {manager.py:465} INFO - Exiting gracefully upon receiving signal 15
[2026-08-21T11:47:22.822+0000] {manager.py:465} INFO - Exiting gracefully upon receiving signal 15
[2026-08-21T11:47:23.499+0000] {manager.py:465} INFO - Exiting gracefully upon receiving signal 15
[2026-08-21T11:50:27.635+0000] {manager.py:483} INFO - Processing files using up to 2 processes at a time 
[2026-08-21T11:50:27.635+0000] {manager.py:484} INFO - Process each file at most once every 30 seconds
[2026-08-21T11:50:27.635+0000] {manager.py:485} INFO - Checking for new files in /opt/airflow/dags every 300 seconds
[2026-08-21T11:50:27.636+0000] {manager.py:821} INFO - Searching for files in /opt/airflow/dags
[2026-08-21T11:50:27.637+0000] {manager.py:824} INFO - There are 0 files in /opt/airflow/dags
[2026-08-21T11:51:45.001+0000] {manager.py:465} INFO - Exiting gracefully upon receiving signal 15
[2026-08-21T11:53:40.923+0000] {manager.py:483} INFO - Processing files using up to 2 processes at a time 
[2026-08-21T11:53:40.931+0000] {manager.py:484} INFO - Process each file at most once every 30 seconds
[2026-08-21T11:53:40.931+0000] {manager.py:485} INFO - Checking for new files in /opt/airflow/dags every 300 seconds
[2026-08-21T11:53:40.932+0000] {manager.py:821} INFO - Searching for files in /opt/airflow/dags
[2026-08-21T11:53:40.933+0000] {manager.py:824} INFO - There are 0 files in /opt/airflow/dags
[2026-08-21T11:58:41.227+0000] {manager.py:821} INFO - Searching for files in /opt/airflow/dags
[2026-08-21T11:58:41.228+0000] {manager.py:824} INFO - There are 0 files in /opt/airflow/dags
[2026-08-21T12:03:41.488+0000] {manager.py:821} INFO - Searching for files in /opt/airflow/dags
[2026-08-21T12:03:41.489+0000] {manager.py:824} INFO - There are 0 files in /opt/airflow/dags
[2026-08-21T12:08:41.825+0000] {manager.py:821} INFO - Searching for files in /opt/airflow/dags
[2026-08-21T12:08:41.825+0000] {manager.py:824} INFO - There are 0 files in /opt/airflow/dags
[2026-08-21T12:30:55.583+0000] {manager.py:821} INFO - Searching for files in /opt/airflow/dags
[2026-08-21T12:30:55.584+0000] {manager.py:824} INFO - There are 0 files in /opt/airflow/dags
[2026-08-21T12:35:55.942+0000] {manager.py:821} INFO - Searching for files in /opt/airflow/dags
[2026-08-21T12:35:55.943+0000] {manager.py:824} INFO - There are 0 files in /opt/airflow/dags
[2026-08-21T12:40:56.373+0000] {manager.py:821} INFO - Searching for files in /opt/airflow/dags
[2026-08-21T12:40:56.374+0000] {manager.py:824} INFO - There are 0 files in /opt/airflow/dags
[2026-08-21T12:45:56.755+0000] {manager.py:821} INFO - Searching for files in /opt/airflow/dags
[2026-08-21T12:45:56.755+0000] {manager.py:824} INFO - There are 0 files in /opt/airflow/dags
[2026-08-21T12:50:57.079+0000] {manager.py:821} INFO - Searching for files in /opt/airflow/dags
[2026-08-21T12:50:57.079+0000] {manager.py:824} INFO - There are 0 files in /opt/airflow/dags
[2026-08-21T12:55:57.451+0000] {manager.py:821} INFO - Searching for files in /opt/airflow/dags
[2026-08-21T12:55:57.452+0000] {manager.py:824} INFO - There are 0 files in /opt/airflow/dags
[2026-08-21T13:00:57.778+0000] {manager.py:821} INFO - Searching for files in /opt/airflow/dags
[2026-08-21T13:00:57.778+0000] {manager.py:824} INFO - There are 0 files in /opt/airflow/dags
[2026-08-21T13:05:58.121+0000] {manager.py:821} INFO - Searching for files in /opt/airflow/dags
[2026-08-21T13:05:58.122+0000] {manager.py:824} INFO - There are 0 files in /opt/airflow/dags
[2026-08-21T13:10:58.480+0000] {manager.py:821} INFO - Searching for files in /opt/airflow/dags
[2026-08-21T13:10:58.480+0000] {manager.py:824} INFO - There are 0 files in /opt/airflow/dags
[2026-08-21T13:15:58.835+0000] {manager.py:821} INFO - Searching for files in /opt/airflow/dags
[2026-08-21T13:15:58.835+0000] {manager.py:824} INFO - There are 0 files in /opt/airflow/dags
[2026-08-21T13:20:59.260+0000] {manager.py:821} INFO - Searching for files in /opt/airflow/dags
[2026-08-21T13:20:59.261+0000] {manager.py:824} INFO - There are 0 files in /opt/airflow/dags
[2026-08-21T13:25:59.558+0000] {manager.py:821} INFO - Searching for files in /opt/airflow/dags
[2026-08-21T13:25:59.558+0000] {manager.py:824} INFO - There are 0 files in /opt/airflow/dags
[2026-08-21T13:30:59.901+0000] {manager.py:821} INFO - Searching for files in /opt/airflow/dags
[2026-08-21T13:30:59.902+0000] {manager.py:824} INFO - There are 1 files in /opt/airflow/dags
[2026-08-21T13:31:12.089+0000] {manager.py:997} INFO - 
================================================================================
DAG File Processing Stats

File Path                       PID    Runtime      # DAGs    # Errors  Last Runtime    Last Run               Last # of DB Queries
------------------------------  -----  ---------  --------  ----------  --------------  -------------------  ----------------------
/opt/airflow/dags/first_dag.py                           0           1  0.05s           2026-08-21T13:31:09                       5
================================================================================
[2026-08-21T13:31:42.371+0000] {manager.py:997} INFO - 
================================================================================
DAG File Processing Stats

File Path                       PID    Runtime      # DAGs    # Errors  Last Runtime    Last Run               Last # of DB Queries
------------------------------  -----  ---------  --------  ----------  --------------  -------------------  ----------------------
/opt/airflow/dags/first_dag.py                           1           0  0.09s           2026-08-21T13:31:41                      11
================================================================================
[2026-08-21T13:32:12.827+0000] {manager.py:997} INFO - 
================================================================================
DAG File Processing Stats

File Path                       PID    Runtime      # DAGs    # Errors  Last Runtime    Last Run               Last # of DB Queries
------------------------------  -----  ---------  --------  ----------  --------------  -------------------  ----------------------
/opt/airflow/dags/first_dag.py                           1           0  0.09s           2026-08-21T13:32:06                      11
================================================================================
[2026-08-21T13:32:43.040+0000] {manager.py:997} INFO - 
================================================================================
DAG File Processing Stats

File Path                       PID    Runtime      # DAGs    # Errors  Last Runtime    Last Run               Last # of DB Queries
------------------------------  -----  ---------  --------  ----------  --------------  -------------------  ----------------------
/opt/airflow/dags/first_dag.py                           1           0  0.09s           2026-08-21T13:32:37                      12
================================================================================
[2026-08-21T13:33:13.200+0000] {manager.py:997} INFO - 
================================================================================
DAG File Processing Stats

File Path                       PID    Runtime      # DAGs    # Errors  Last Runtime    Last Run               Last # of DB Queries
------------------------------  -----  ---------  --------  ----------  --------------  -------------------  ----------------------
/opt/airflow/dags/first_dag.py                           1           0  0.09s           2026-08-21T13:33:07                      12
================================================================================
[2026-08-21T13:33:43.376+0000] {manager.py:997} INFO - 
================================================================================
DAG File Processing Stats

File Path                       PID    Runtime      # DAGs    # Errors  Last Runtime    Last Run               Last # of DB Queries
------------------------------  -----  ---------  --------  ----------  --------------  -------------------  ----------------------
/opt/airflow/dags/first_dag.py                           1           0  0.11s           2026-08-21T13:33:37                      12
================================================================================
[2026-08-21T13:34:13.564+0000] {manager.py:997} INFO - 
================================================================================
DAG File Processing Stats

File Path                       PID    Runtime      # DAGs    # Errors  Last Runtime    Last Run               Last # of DB Queries
------------------------------  -----  ---------  --------  ----------  --------------  -------------------  ----------------------
/opt/airflow/dags/first_dag.py                           1           0  0.09s           2026-08-21T13:34:07                      12
================================================================================
[2026-08-21T13:34:43.917+0000] {manager.py:997} INFO - 
================================================================================
DAG File Processing Stats

File Path                       PID    Runtime      # DAGs    # Errors  Last Runtime    Last Run               Last # of DB Queries
------------------------------  -----  ---------  --------  ----------  --------------  -------------------  ----------------------
/opt/airflow/dags/first_dag.py                           0           1  0.05s           2026-08-21T13:34:39                       5
================================================================================
[2026-08-21T13:35:14.256+0000] {manager.py:997} INFO - 
================================================================================
DAG File Processing Stats

File Path                       PID    Runtime      # DAGs    # Errors  Last Runtime    Last Run               Last # of DB Queries
------------------------------  -----  ---------  --------  ----------  --------------  -------------------  ----------------------
/opt/airflow/dags/first_dag.py                           0           1  0.05s           2026-08-21T13:35:12                       5
================================================================================
[2026-08-21T13:35:44.684+0000] {manager.py:997} INFO - 
================================================================================
DAG File Processing Stats

File Path                         PID  Runtime      # DAGs    # Errors  Last Runtime    Last Run               Last # of DB Queries
------------------------------  -----  ---------  --------  ----------  --------------  -------------------  ----------------------
/opt/airflow/dags/first_dag.py   1049  0.01s             0           1  0.06s           2026-08-21T13:35:41                       5
================================================================================
[2026-08-21T13:35:59.904+0000] {manager.py:821} INFO - Searching for files in /opt/airflow/dags
[2026-08-21T13:35:59.905+0000] {manager.py:824} INFO - There are 1 files in /opt/airflow/dags
[2026-08-21T13:36:14.918+0000] {manager.py:997} INFO - 
================================================================================
DAG File Processing Stats

File Path                       PID    Runtime      # DAGs    # Errors  Last Runtime    Last Run               Last # of DB Queries
------------------------------  -----  ---------  --------  ----------  --------------  -------------------  ----------------------
/opt/airflow/dags/first_dag.py                           0           1  0.08s           2026-08-21T13:35:52                       5
================================================================================
[2026-08-21T13:36:45.103+0000] {manager.py:997} INFO - 
================================================================================
DAG File Processing Stats

File Path                       PID    Runtime      # DAGs    # Errors  Last Runtime    Last Run               Last # of DB Queries
------------------------------  -----  ---------  --------  ----------  --------------  -------------------  ----------------------
/opt/airflow/dags/first_dag.py                           0           1  0.06s           2026-08-21T13:36:23                       5
================================================================================
[2026-08-21T13:37:15.251+0000] {manager.py:997} INFO - 
================================================================================
DAG File Processing Stats

File Path                       PID    Runtime      # DAGs    # Errors  Last Runtime    Last Run               Last # of DB Queries
------------------------------  -----  ---------  --------  ----------  --------------  -------------------  ----------------------
/opt/airflow/dags/first_dag.py                           0           1  0.05s           2026-08-21T13:36:53                       5
================================================================================
[2026-08-21T13:37:45.418+0000] {manager.py:997} INFO - 
================================================================================
DAG File Processing Stats

File Path                       PID    Runtime      # DAGs    # Errors  Last Runtime    Last Run               Last # of DB Queries
------------------------------  -----  ---------  --------  ----------  --------------  -------------------  ----------------------
/opt/airflow/dags/first_dag.py                           0           1  0.05s           2026-08-21T13:37:23                       5
================================================================================
[2026-08-21T13:38:15.577+0000] {manager.py:997} INFO - 
================================================================================
DAG File Processing Stats

File Path                       PID    Runtime      # DAGs    # Errors  Last Runtime    Last Run               Last # of DB Queries
------------------------------  -----  ---------  --------  ----------  --------------  -------------------  ----------------------
/opt/airflow/dags/first_dag.py                           0           1  0.05s           2026-08-21T13:37:53                       5
================================================================================
[2026-08-21T13:38:45.750+0000] {manager.py:997} INFO - 
================================================================================
DAG File Processing Stats

File Path                       PID    Runtime      # DAGs    # Errors  Last Runtime    Last Run               Last # of DB Queries
------------------------------  -----  ---------  --------  ----------  --------------  -------------------  ----------------------
/opt/airflow/dags/first_dag.py                           0           1  0.09s           2026-08-21T13:38:23                       5
================================================================================
[2026-08-21T13:39:15.894+0000] {manager.py:997} INFO - 
================================================================================
DAG File Processing Stats

File Path                       PID    Runtime      # DAGs    # Errors  Last Runtime    Last Run               Last # of DB Queries
------------------------------  -----  ---------  --------  ----------  --------------  -------------------  ----------------------
/opt/airflow/dags/first_dag.py                           0           1  0.05s           2026-08-21T13:38:53                       5
================================================================================
[2026-08-21T13:39:46.046+0000] {manager.py:997} INFO - 
================================================================================
DAG File Processing Stats

File Path                       PID    Runtime      # DAGs    # Errors  Last Runtime    Last Run               Last # of DB Queries
------------------------------  -----  ---------  --------  ----------  --------------  -------------------  ----------------------
/opt/airflow/dags/first_dag.py                           0           1  0.05s           2026-08-21T13:39:23                       5
================================================================================
[2026-08-21T13:40:16.211+0000] {manager.py:997} INFO - 
================================================================================
DAG File Processing Stats

File Path                       PID    Runtime      # DAGs    # Errors  Last Runtime    Last Run               Last # of DB Queries
------------------------------  -----  ---------  --------  ----------  --------------  -------------------  ----------------------
/opt/airflow/dags/first_dag.py                           0           1  0.05s           2026-08-21T13:39:54                       5
================================================================================
[2026-08-21T13:40:46.361+0000] {manager.py:997} INFO - 
================================================================================
DAG File Processing Stats

File Path                       PID    Runtime      # DAGs    # Errors  Last Runtime    Last Run               Last # of DB Queries
------------------------------  -----  ---------  --------  ----------  --------------  -------------------  ----------------------
/opt/airflow/dags/first_dag.py                           0           1  0.06s           2026-08-21T13:40:24                       5
================================================================================
[2026-08-21T13:41:00.442+0000] {manager.py:821} INFO - Searching for files in /opt/airflow/dags
[2026-08-21T13:41:00.444+0000] {manager.py:824} INFO - There are 1 files in /opt/airflow/dags
[2026-08-21T13:41:16.524+0000] {manager.py:997} INFO - 
================================================================================
DAG File Processing Stats

File Path                       PID    Runtime      # DAGs    # Errors  Last Runtime    Last Run               Last # of DB Queries
------------------------------  -----  ---------  --------  ----------  --------------  -------------------  ----------------------
/opt/airflow/dags/first_dag.py                           0           1  0.05s           2026-08-21T13:40:54                       5
================================================================================
[2026-08-21T13:41:46.674+0000] {manager.py:997} INFO - 
================================================================================
DAG File Processing Stats

File Path                       PID    Runtime      # DAGs    # Errors  Last Runtime    Last Run               Last # of DB Queries
------------------------------  -----  ---------  --------  ----------  --------------  -------------------  ----------------------
/opt/airflow/dags/first_dag.py                           0           1  0.06s           2026-08-21T13:41:24                       5
================================================================================
[2026-08-21T13:42:16.837+0000] {manager.py:997} INFO - 
================================================================================
DAG File Processing Stats

File Path                       PID    Runtime      # DAGs    # Errors  Last Runtime    Last Run               Last # of DB Queries
------------------------------  -----  ---------  --------  ----------  --------------  -------------------  ----------------------
/opt/airflow/dags/first_dag.py                           0           1  0.05s           2026-08-21T13:41:54                       5
================================================================================
[2026-08-21T13:42:46.983+0000] {manager.py:997} INFO - 
================================================================================
DAG File Processing Stats

File Path                       PID    Runtime      # DAGs    # Errors  Last Runtime    Last Run               Last # of DB Queries
------------------------------  -----  ---------  --------  ----------  --------------  -------------------  ----------------------
/opt/airflow/dags/first_dag.py                           0           1  0.05s           2026-08-21T13:42:24                       5
================================================================================
[2026-08-21T13:43:17.142+0000] {manager.py:997} INFO - 
================================================================================
DAG File Processing Stats

File Path                       PID    Runtime      # DAGs    # Errors  Last Runtime    Last Run               Last # of DB Queries
------------------------------  -----  ---------  --------  ----------  --------------  -------------------  ----------------------
/opt/airflow/dags/first_dag.py                           0           1  0.05s           2026-08-21T13:42:55                       5
================================================================================
[2026-08-21T13:43:47.280+0000] {manager.py:997} INFO - 
================================================================================
DAG File Processing Stats

File Path                       PID    Runtime      # DAGs    # Errors  Last Runtime    Last Run               Last # of DB Queries
------------------------------  -----  ---------  --------  ----------  --------------  -------------------  ----------------------
/opt/airflow/dags/first_dag.py                           0           1  0.08s           2026-08-21T13:43:25                       5
================================================================================
[2026-08-21T13:44:17.456+0000] {manager.py:997} INFO - 
================================================================================
DAG File Processing Stats

File Path                       PID    Runtime      # DAGs    # Errors  Last Runtime    Last Run               Last # of DB Queries
------------------------------  -----  ---------  --------  ----------  --------------  -------------------  ----------------------
/opt/airflow/dags/first_dag.py                           0           1  0.06s           2026-08-21T13:43:55                       5
================================================================================
[2026-08-21T13:44:47.609+0000] {manager.py:997} INFO - 
================================================================================
DAG File Processing Stats

File Path                       PID    Runtime      # DAGs    # Errors  Last Runtime    Last Run               Last # of DB Queries
------------------------------  -----  ---------  --------  ----------  --------------  -------------------  ----------------------
/opt/airflow/dags/first_dag.py                           0           1  0.05s           2026-08-21T13:44:25                       5
================================================================================
[2026-08-21T13:45:17.774+0000] {manager.py:997} INFO - 
================================================================================
DAG File Processing Stats

File Path                       PID    Runtime      # DAGs    # Errors  Last Runtime    Last Run               Last # of DB Queries
------------------------------  -----  ---------  --------  ----------  --------------  -------------------  ----------------------
/opt/airflow/dags/first_dag.py                           0           1  0.05s           2026-08-21T13:44:55                       5
================================================================================
[2026-08-21T13:45:47.911+0000] {manager.py:997} INFO - 
================================================================================
DAG File Processing Stats

File Path                       PID    Runtime      # DAGs    # Errors  Last Runtime    Last Run               Last # of DB Queries
------------------------------  -----  ---------  --------  ----------  --------------  -------------------  ----------------------
/opt/airflow/dags/first_dag.py                           0           1  0.06s           2026-08-21T13:45:25                       5
================================================================================
[2026-08-21T13:46:00.996+0000] {manager.py:821} INFO - Searching for files in /opt/airflow/dags
[2026-08-21T13:46:00.997+0000] {manager.py:824} INFO - There are 1 files in /opt/airflow/dags
[2026-08-21T13:46:18.078+0000] {manager.py:997} INFO - 
================================================================================
DAG File Processing Stats

File Path                       PID    Runtime      # DAGs    # Errors  Last Runtime    Last Run               Last # of DB Queries
------------------------------  -----  ---------  --------  ----------  --------------  -------------------  ----------------------
/opt/airflow/dags/first_dag.py                           0           1  0.06s           2026-08-21T13:45:56                       5
================================================================================
[2026-08-21T13:46:48.221+0000] {manager.py:997} INFO - 
================================================================================
DAG File Processing Stats

File Path                       PID    Runtime      # DAGs    # Errors  Last Runtime    Last Run               Last # of DB Queries
------------------------------  -----  ---------  --------  ----------  --------------  -------------------  ----------------------
/opt/airflow/dags/first_dag.py                           0           1  0.05s           2026-08-21T13:46:26                       5
================================================================================
[2026-08-21T13:47:18.378+0000] {manager.py:997} INFO - 
================================================================================
DAG File Processing Stats

File Path                       PID    Runtime      # DAGs    # Errors  Last Runtime    Last Run               Last # of DB Queries
------------------------------  -----  ---------  --------  ----------  --------------  -------------------  ----------------------
/opt/airflow/dags/first_dag.py                           0           1  0.05s           2026-08-21T13:46:56                       5
================================================================================
[2026-08-21T13:47:48.521+0000] {manager.py:997} INFO - 
================================================================================
DAG File Processing Stats

File Path                       PID    Runtime      # DAGs    # Errors  Last Runtime    Last Run               Last # of DB Queries
------------------------------  -----  ---------  --------  ----------  --------------  -------------------  ----------------------
/opt/airflow/dags/first_dag.py                           0           1  0.05s           2026-08-21T13:47:26                       5
================================================================================
[2026-08-21T13:48:18.669+0000] {manager.py:997} INFO - 
================================================================================
DAG File Processing Stats

File Path                       PID    Runtime      # DAGs    # Errors  Last Runtime    Last Run               Last # of DB Queries
------------------------------  -----  ---------  --------  ----------  --------------  -------------------  ----------------------
/opt/airflow/dags/first_dag.py                           0           1  0.05s           2026-08-21T13:47:56                       5
================================================================================
[2026-08-21T13:48:48.820+0000] {manager.py:997} INFO - 
================================================================================
DAG File Processing Stats

File Path                       PID    Runtime      # DAGs    # Errors  Last Runtime    Last Run               Last # of DB Queries
------------------------------  -----  ---------  --------  ----------  --------------  -------------------  ----------------------
/opt/airflow/dags/first_dag.py                           0           1  0.05s           2026-08-21T13:48:26                       5
================================================================================
[2026-08-21T13:49:18.979+0000] {manager.py:997} INFO - 
================================================================================
DAG File Processing Stats

File Path                       PID    Runtime      # DAGs    # Errors  Last Runtime    Last Run               Last # of DB Queries
------------------------------  -----  ---------  --------  ----------  --------------  -------------------  ----------------------
/opt/airflow/dags/first_dag.py                           0           1  0.05s           2026-08-21T13:48:56                       5
================================================================================
[2026-08-21T13:49:49.121+0000] {manager.py:997} INFO - 
================================================================================
DAG File Processing Stats

File Path                       PID    Runtime      # DAGs    # Errors  Last Runtime    Last Run               Last # of DB Queries
------------------------------  -----  ---------  --------  ----------  --------------  -------------------  ----------------------
/opt/airflow/dags/first_dag.py                           0           1  0.06s           2026-08-21T13:49:27                       5
================================================================================
[2026-08-21T13:50:19.275+0000] {manager.py:997} INFO - 
================================================================================
DAG File Processing Stats

File Path                       PID    Runtime      # DAGs    # Errors  Last Runtime    Last Run               Last # of DB Queries
------------------------------  -----  ---------  --------  ----------  --------------  -------------------  ----------------------
/opt/airflow/dags/first_dag.py                           0           1  0.05s           2026-08-21T13:49:57                       5
================================================================================
[2026-08-21T13:50:49.420+0000] {manager.py:997} INFO - 
================================================================================
DAG File Processing Stats

File Path                       PID    Runtime      # DAGs    # Errors  Last Runtime    Last Run               Last # of DB Queries
------------------------------  -----  ---------  --------  ----------  --------------  -------------------  ----------------------
/opt/airflow/dags/first_dag.py                           0           1  0.06s           2026-08-21T13:50:27                       5
================================================================================
[2026-08-21T13:51:01.490+0000] {manager.py:821} INFO - Searching for files in /opt/airflow/dags
[2026-08-21T13:51:01.491+0000] {manager.py:824} INFO - There are 1 files in /opt/airflow/dags
[2026-08-21T13:51:19.572+0000] {manager.py:997} INFO - 
================================================================================
DAG File Processing Stats

File Path                       PID    Runtime      # DAGs    # Errors  Last Runtime    Last Run               Last # of DB Queries
------------------------------  -----  ---------  --------  ----------  --------------  -------------------  ----------------------
/opt/airflow/dags/first_dag.py                           0           1  0.05s           2026-08-21T13:50:57                       5
================================================================================
[2026-08-21T13:51:49.720+0000] {manager.py:997} INFO - 
================================================================================
DAG File Processing Stats

File Path                       PID    Runtime      # DAGs    # Errors  Last Runtime    Last Run               Last # of DB Queries
------------------------------  -----  ---------  --------  ----------  --------------  -------------------  ----------------------
/opt/airflow/dags/first_dag.py                           0           1  0.05s           2026-08-21T13:51:27                       5
================================================================================
[2026-08-21T13:52:19.866+0000] {manager.py:997} INFO - 
================================================================================
DAG File Processing Stats

File Path                       PID    Runtime      # DAGs    # Errors  Last Runtime    Last Run               Last # of DB Queries
------------------------------  -----  ---------  --------  ----------  --------------  -------------------  ----------------------
/opt/airflow/dags/first_dag.py                           0           1  0.04s           2026-08-21T13:51:57                       5
================================================================================
[2026-08-21T13:52:50.022+0000] {manager.py:997} INFO - 
================================================================================
DAG File Processing Stats

File Path                       PID    Runtime      # DAGs    # Errors  Last Runtime    Last Run               Last # of DB Queries
------------------------------  -----  ---------  --------  ----------  --------------  -------------------  ----------------------
/opt/airflow/dags/first_dag.py                           0           1  0.05s           2026-08-21T13:52:27                       5
================================================================================
[2026-08-21T13:53:20.166+0000] {manager.py:997} INFO - 
================================================================================
DAG File Processing Stats

File Path                       PID    Runtime      # DAGs    # Errors  Last Runtime    Last Run               Last # of DB Queries
------------------------------  -----  ---------  --------  ----------  --------------  -------------------  ----------------------
/opt/airflow/dags/first_dag.py                           0           1  0.05s           2026-08-21T13:52:58                       5
================================================================================
[2026-08-21T13:53:50.317+0000] {manager.py:997} INFO - 
================================================================================
DAG File Processing Stats

File Path                       PID    Runtime      # DAGs    # Errors  Last Runtime    Last Run               Last # of DB Queries
------------------------------  -----  ---------  --------  ----------  --------------  -------------------  ----------------------
/opt/airflow/dags/first_dag.py                           0           1  0.05s           2026-08-21T13:53:28                       5
================================================================================
[2026-08-21T13:54:20.465+0000] {manager.py:997} INFO - 
================================================================================
DAG File Processing Stats

File Path                       PID    Runtime      # DAGs    # Errors  Last Runtime    Last Run               Last # of DB Queries
------------------------------  -----  ---------  --------  ----------  --------------  -------------------  ----------------------
/opt/airflow/dags/first_dag.py                           0           1  0.05s           2026-08-21T13:53:58                       5
================================================================================
[2026-08-21T13:54:50.600+0000] {manager.py:997} INFO - 
================================================================================
DAG File Processing Stats

File Path                       PID    Runtime      # DAGs    # Errors  Last Runtime    Last Run               Last # of DB Queries
------------------------------  -----  ---------  --------  ----------  --------------  -------------------  ----------------------
/opt/airflow/dags/first_dag.py                           0           1  0.05s           2026-08-21T13:54:28                       5
================================================================================
[2026-08-21T13:55:20.759+0000] {manager.py:997} INFO - 
================================================================================
DAG File Processing Stats

File Path                       PID    Runtime      # DAGs    # Errors  Last Runtime    Last Run               Last # of DB Queries
------------------------------  -----  ---------  --------  ----------  --------------  -------------------  ----------------------
/opt/airflow/dags/first_dag.py                           0           1  0.05s           2026-08-21T13:54:58                       5
================================================================================
[2026-08-21T13:55:50.909+0000] {manager.py:997} INFO - 
================================================================================
DAG File Processing Stats

File Path                       PID    Runtime      # DAGs    # Errors  Last Runtime    Last Run               Last # of DB Queries
------------------------------  -----  ---------  --------  ----------  --------------  -------------------  ----------------------
/opt/airflow/dags/first_dag.py                           0           1  0.06s           2026-08-21T13:55:28                       5
================================================================================
[2026-08-21T13:56:01.976+0000] {manager.py:821} INFO - Searching for files in /opt/airflow/dags
[2026-08-21T13:56:01.977+0000] {manager.py:824} INFO - There are 1 files in /opt/airflow/dags
[2026-08-21T13:56:21.068+0000] {manager.py:997} INFO - 
================================================================================
DAG File Processing Stats

File Path                       PID    Runtime      # DAGs    # Errors  Last Runtime    Last Run               Last # of DB Queries
------------------------------  -----  ---------  --------  ----------  --------------  -------------------  ----------------------
/opt/airflow/dags/first_dag.py                           0           1  0.05s           2026-08-21T13:55:58                       5
================================================================================
[2026-08-21T13:56:51.203+0000] {manager.py:997} INFO - 
================================================================================
DAG File Processing Stats

File Path                       PID    Runtime      # DAGs    # Errors  Last Runtime    Last Run               Last # of DB Queries
------------------------------  -----  ---------  --------  ----------  --------------  -------------------  ----------------------
/opt/airflow/dags/first_dag.py                           0           1  0.06s           2026-08-21T13:56:29                       5
================================================================================
[2026-08-21T13:57:21.367+0000] {manager.py:997} INFO - 
================================================================================
DAG File Processing Stats

File Path                       PID    Runtime      # DAGs    # Errors  Last Runtime    Last Run               Last # of DB Queries
------------------------------  -----  ---------  --------  ----------  --------------  -------------------  ----------------------
/opt/airflow/dags/first_dag.py                           0           1  0.05s           2026-08-21T13:56:59                       5
================================================================================
[2026-08-21T13:57:51.516+0000] {manager.py:997} INFO - 
================================================================================
DAG File Processing Stats

File Path                       PID    Runtime      # DAGs    # Errors  Last Runtime    Last Run               Last # of DB Queries
------------------------------  -----  ---------  --------  ----------  --------------  -------------------  ----------------------
/opt/airflow/dags/first_dag.py                           0           1  0.05s           2026-08-21T13:57:29                       5
================================================================================
[2026-08-21T13:58:21.666+0000] {manager.py:997} INFO - 
================================================================================
DAG File Processing Stats

File Path                       PID    Runtime      # DAGs    # Errors  Last Runtime    Last Run               Last # of DB Queries
------------------------------  -----  ---------  --------  ----------  --------------  -------------------  ----------------------
/opt/airflow/dags/first_dag.py                           0           1  0.05s           2026-08-21T13:57:59                       5
================================================================================
[2026-08-21T13:58:51.801+0000] {manager.py:997} INFO - 
================================================================================
DAG File Processing Stats

File Path                       PID    Runtime      # DAGs    # Errors  Last Runtime    Last Run               Last # of DB Queries
------------------------------  -----  ---------  --------  ----------  --------------  -------------------  ----------------------
/opt/airflow/dags/first_dag.py                           0           1  0.05s           2026-08-21T13:58:29                       5
================================================================================
[2026-08-21T13:59:21.973+0000] {manager.py:997} INFO - 
================================================================================
DAG File Processing Stats

File Path                       PID    Runtime      # DAGs    # Errors  Last Runtime    Last Run               Last # of DB Queries
------------------------------  -----  ---------  --------  ----------  --------------  -------------------  ----------------------
/opt/airflow/dags/first_dag.py                           0           1  0.05s           2026-08-21T13:58:59                       5
================================================================================
[2026-08-21T13:59:52.116+0000] {manager.py:997} INFO - 
================================================================================
DAG File Processing Stats

File Path                       PID    Runtime      # DAGs    # Errors  Last Runtime    Last Run               Last # of DB Queries
------------------------------  -----  ---------  --------  ----------  --------------  -------------------  ----------------------
/opt/airflow/dags/first_dag.py                           0           1  0.05s           2026-08-21T13:59:30                       5
================================================================================
[2026-08-21T14:00:22.293+0000] {manager.py:997} INFO - 
================================================================================
DAG File Processing Stats

File Path                       PID    Runtime      # DAGs    # Errors  Last Runtime    Last Run               Last # of DB Queries
------------------------------  -----  ---------  --------  ----------  --------------  -------------------  ----------------------
/opt/airflow/dags/first_dag.py                           0           1  0.05s           2026-08-21T14:00:00                       5
================================================================================
[2026-08-21T14:00:52.434+0000] {manager.py:997} INFO - 
================================================================================
DAG File Processing Stats

File Path                       PID    Runtime      # DAGs    # Errors  Last Runtime    Last Run               Last # of DB Queries
------------------------------  -----  ---------  --------  ----------  --------------  -------------------  ----------------------
/opt/airflow/dags/first_dag.py                           0           1  0.06s           2026-08-21T14:00:30                       5
================================================================================
[2026-08-21T14:01:02.507+0000] {manager.py:821} INFO - Searching for files in /opt/airflow/dags
[2026-08-21T14:01:02.509+0000] {manager.py:824} INFO - There are 1 files in /opt/airflow/dags
[2026-08-21T14:01:22.596+0000] {manager.py:997} INFO - 
================================================================================
DAG File Processing Stats

File Path                       PID    Runtime      # DAGs    # Errors  Last Runtime    Last Run               Last # of DB Queries
------------------------------  -----  ---------  --------  ----------  --------------  -------------------  ----------------------
/opt/airflow/dags/first_dag.py                           0           1  0.09s           2026-08-21T14:01:00                       5
================================================================================
[2026-08-21T14:01:52.755+0000] {manager.py:997} INFO - 
================================================================================
DAG File Processing Stats

File Path                       PID    Runtime      # DAGs    # Errors  Last Runtime    Last Run               Last # of DB Queries
------------------------------  -----  ---------  --------  ----------  --------------  -------------------  ----------------------
/opt/airflow/dags/first_dag.py                           0           1  0.06s           2026-08-21T14:01:30                       5
================================================================================
[2026-08-21T14:02:23.187+0000] {manager.py:997} INFO - 
================================================================================
DAG File Processing Stats

File Path                       PID    Runtime      # DAGs    # Errors  Last Runtime    Last Run               Last # of DB Queries
------------------------------  -----  ---------  --------  ----------  --------------  -------------------  ----------------------
/opt/airflow/dags/first_dag.py                           0           1  0.05s           2026-08-21T14:02:22                       5
================================================================================
[2026-08-21T14:02:53.635+0000] {manager.py:997} INFO - 
================================================================================
DAG File Processing Stats

File Path                       PID    Runtime      # DAGs    # Errors  Last Runtime    Last Run               Last # of DB Queries
------------------------------  -----  ---------  --------  ----------  --------------  -------------------  ----------------------
/opt/airflow/dags/first_dag.py                           0           1  0.05s           2026-08-21T14:02:52                       5
================================================================================
[2026-08-21T14:03:23.918+0000] {manager.py:997} INFO - 
================================================================================
DAG File Processing Stats

File Path                       PID    Runtime      # DAGs    # Errors  Last Runtime    Last Run               Last # of DB Queries
------------------------------  -----  ---------  --------  ----------  --------------  -------------------  ----------------------
/opt/airflow/dags/first_dag.py                           0           1  0.04s           2026-08-21T14:03:18                       5
================================================================================
[2026-08-21T14:03:54.092+0000] {manager.py:997} INFO - 
================================================================================
DAG File Processing Stats

File Path                       PID    Runtime      # DAGs    # Errors  Last Runtime    Last Run               Last # of DB Queries
------------------------------  -----  ---------  --------  ----------  --------------  -------------------  ----------------------
/opt/airflow/dags/first_dag.py                           0           1  0.05s           2026-08-21T14:03:28                       5
================================================================================
[2026-08-21T14:04:24.229+0000] {manager.py:997} INFO - 
================================================================================
DAG File Processing Stats

File Path                       PID    Runtime      # DAGs    # Errors  Last Runtime    Last Run               Last # of DB Queries
------------------------------  -----  ---------  --------  ----------  --------------  -------------------  ----------------------
/opt/airflow/dags/first_dag.py                           0           1  0.05s           2026-08-21T14:03:58                       5
================================================================================
[2026-08-21T14:04:54.382+0000] {manager.py:997} INFO - 
================================================================================
DAG File Processing Stats

File Path                       PID    Runtime      # DAGs    # Errors  Last Runtime    Last Run               Last # of DB Queries
------------------------------  -----  ---------  --------  ----------  --------------  -------------------  ----------------------
/opt/airflow/dags/first_dag.py                           0           1  0.05s           2026-08-21T14:04:28                       5
================================================================================
[2026-08-21T14:05:24.523+0000] {manager.py:997} INFO - 
================================================================================
DAG File Processing Stats

File Path                       PID    Runtime      # DAGs    # Errors  Last Runtime    Last Run               Last # of DB Queries
------------------------------  -----  ---------  --------  ----------  --------------  -------------------  ----------------------
/opt/airflow/dags/first_dag.py                           0           1  0.05s           2026-08-21T14:04:58                       5
================================================================================
[2026-08-21T14:05:54.671+0000] {manager.py:997} INFO - 
================================================================================
DAG File Processing Stats

File Path                       PID    Runtime      # DAGs    # Errors  Last Runtime    Last Run               Last # of DB Queries
------------------------------  -----  ---------  --------  ----------  --------------  -------------------  ----------------------
/opt/airflow/dags/first_dag.py                           0           1  0.06s           2026-08-21T14:05:28                       5
================================================================================
[2026-08-21T14:06:02.732+0000] {manager.py:821} INFO - Searching for files in /opt/airflow/dags
[2026-08-21T14:06:02.733+0000] {manager.py:824} INFO - There are 1 files in /opt/airflow/dags
[2026-08-21T14:06:24.831+0000] {manager.py:997} INFO - 
================================================================================
DAG File Processing Stats

File Path                       PID    Runtime      # DAGs    # Errors  Last Runtime    Last Run               Last # of DB Queries
------------------------------  -----  ---------  --------  ----------  --------------  -------------------  ----------------------
/opt/airflow/dags/first_dag.py                           0           1  0.04s           2026-08-21T14:05:58                       5
================================================================================
[2026-08-21T14:06:55.015+0000] {manager.py:997} INFO - 
================================================================================
DAG File Processing Stats

File Path                       PID    Runtime      # DAGs    # Errors  Last Runtime    Last Run               Last # of DB Queries
------------------------------  -----  ---------  --------  ----------  --------------  -------------------  ----------------------
/opt/airflow/dags/first_dag.py                           0           1  0.04s           2026-08-21T14:06:54                       5
================================================================================
[2026-08-21T14:07:25.182+0000] {manager.py:997} INFO - 
================================================================================
DAG File Processing Stats

File Path                       PID    Runtime      # DAGs    # Errors  Last Runtime    Last Run               Last # of DB Queries
------------------------------  -----  ---------  --------  ----------  --------------  -------------------  ----------------------
/opt/airflow/dags/first_dag.py                           0           1  0.05s           2026-08-21T14:07:03                       5
================================================================================
[2026-08-21T14:07:55.462+0000] {manager.py:997} INFO - 
================================================================================
DAG File Processing Stats

File Path                       PID    Runtime      # DAGs    # Errors  Last Runtime    Last Run               Last # of DB Queries
------------------------------  -----  ---------  --------  ----------  --------------  -------------------  ----------------------
/opt/airflow/dags/first_dag.py                           0           1  0.04s           2026-08-21T14:07:54                       5
================================================================================
[2026-08-21T14:08:25.800+0000] {manager.py:997} INFO - 
================================================================================
DAG File Processing Stats

File Path                       PID    Runtime      # DAGs    # Errors  Last Runtime    Last Run               Last # of DB Queries
------------------------------  -----  ---------  --------  ----------  --------------  -------------------  ----------------------
/opt/airflow/dags/first_dag.py                           0           1  0.05s           2026-08-21T14:08:22                       5
================================================================================
[2026-08-21T14:08:56.056+0000] {manager.py:997} INFO - 
================================================================================
DAG File Processing Stats

File Path                         PID  Runtime      # DAGs    # Errors  Last Runtime    Last Run               Last # of DB Queries
------------------------------  -----  ---------  --------  ----------  --------------  -------------------  ----------------------
/opt/airflow/dags/first_dag.py   1563  0.01s             0           1  0.04s           2026-08-21T14:08:54                       5
================================================================================
[2026-08-21T14:09:26.376+0000] {manager.py:997} INFO - 
================================================================================
DAG File Processing Stats

File Path                       PID    Runtime      # DAGs    # Errors  Last Runtime    Last Run               Last # of DB Queries
------------------------------  -----  ---------  --------  ----------  --------------  -------------------  ----------------------
/opt/airflow/dags/first_dag.py                           0           1  0.04s           2026-08-21T14:09:23                       5
================================================================================
[2026-08-21T14:09:56.543+0000] {manager.py:997} INFO - 
================================================================================
DAG File Processing Stats

File Path                       PID    Runtime      # DAGs    # Errors  Last Runtime    Last Run               Last # of DB Queries
------------------------------  -----  ---------  --------  ----------  --------------  -------------------  ----------------------
/opt/airflow/dags/first_dag.py                           0           1  0.04s           2026-08-21T14:09:38                       5
================================================================================
[2026-08-21T14:10:26.716+0000] {manager.py:997} INFO - 
================================================================================
DAG File Processing Stats

File Path                       PID    Runtime      # DAGs    # Errors  Last Runtime    Last Run               Last # of DB Queries
------------------------------  -----  ---------  --------  ----------  --------------  -------------------  ----------------------
/opt/airflow/dags/first_dag.py                           0           1  0.04s           2026-08-21T14:10:18                       5
================================================================================
[2026-08-21T14:10:57.038+0000] {manager.py:997} INFO - 
================================================================================
DAG File Processing Stats

File Path                         PID  Runtime      # DAGs    # Errors  Last Runtime    Last Run               Last # of DB Queries
------------------------------  -----  ---------  --------  ----------  --------------  -------------------  ----------------------
/opt/airflow/dags/first_dag.py   1609  0.01s             0           1  0.04s           2026-08-21T14:10:55                       5
================================================================================
[2026-08-21T14:11:03.101+0000] {manager.py:821} INFO - Searching for files in /opt/airflow/dags
[2026-08-21T14:11:03.102+0000] {manager.py:824} INFO - There are 1 files in /opt/airflow/dags
[2026-08-21T14:11:27.309+0000] {manager.py:997} INFO - 
================================================================================
DAG File Processing Stats

File Path                       PID    Runtime      # DAGs    # Errors  Last Runtime    Last Run               Last # of DB Queries
------------------------------  -----  ---------  --------  ----------  --------------  -------------------  ----------------------
/opt/airflow/dags/first_dag.py                           0           1  0.04s           2026-08-21T14:11:26                       5
================================================================================
[2026-08-21T14:11:57.521+0000] {manager.py:997} INFO - 
================================================================================
DAG File Processing Stats

File Path                       PID    Runtime      # DAGs    # Errors  Last Runtime    Last Run               Last # of DB Queries
------------------------------  -----  ---------  --------  ----------  --------------  -------------------  ----------------------
/opt/airflow/dags/first_dag.py                           0           1  0.04s           2026-08-21T14:11:42                       5
================================================================================
[2026-08-21T14:12:27.655+0000] {manager.py:997} INFO - 
================================================================================
DAG File Processing Stats

File Path                       PID    Runtime      # DAGs    # Errors  Last Runtime    Last Run               Last # of DB Queries
------------------------------  -----  ---------  --------  ----------  --------------  -------------------  ----------------------
/opt/airflow/dags/first_dag.py                           0           1  0.05s           2026-08-21T14:12:12                       5
================================================================================
[2026-08-21T14:12:57.794+0000] {manager.py:997} INFO - 
================================================================================
DAG File Processing Stats

File Path                       PID    Runtime      # DAGs    # Errors  Last Runtime    Last Run               Last # of DB Queries
------------------------------  -----  ---------  --------  ----------  --------------  -------------------  ----------------------
/opt/airflow/dags/first_dag.py                           0           1  0.04s           2026-08-21T14:12:42                       5
================================================================================
[2026-08-21T14:13:27.926+0000] {manager.py:997} INFO - 
================================================================================
DAG File Processing Stats

File Path                       PID    Runtime      # DAGs    # Errors  Last Runtime    Last Run               Last # of DB Queries
------------------------------  -----  ---------  --------  ----------  --------------  -------------------  ----------------------
/opt/airflow/dags/first_dag.py                           0           1  0.04s           2026-08-21T14:13:12                       5
================================================================================
[2026-08-21T14:13:58.054+0000] {manager.py:997} INFO - 
================================================================================
DAG File Processing Stats

File Path                       PID    Runtime      # DAGs    # Errors  Last Runtime    Last Run               Last # of DB Queries
------------------------------  -----  ---------  --------  ----------  --------------  -------------------  ----------------------
/opt/airflow/dags/first_dag.py                           0           1  0.04s           2026-08-21T14:13:43                       5
================================================================================
[2026-08-21T14:14:28.220+0000] {manager.py:997} INFO - 
================================================================================
DAG File Processing Stats

File Path                       PID    Runtime      # DAGs    # Errors  Last Runtime    Last Run               Last # of DB Queries
------------------------------  -----  ---------  --------  ----------  --------------  -------------------  ----------------------
/opt/airflow/dags/first_dag.py                           1           0  0.08s           2026-08-21T14:14:11                      11
================================================================================
[2026-08-21T14:14:58.393+0000] {manager.py:997} INFO - 
================================================================================
DAG File Processing Stats

File Path                       PID    Runtime      # DAGs    # Errors  Last Runtime    Last Run               Last # of DB Queries
------------------------------  -----  ---------  --------  ----------  --------------  -------------------  ----------------------
/opt/airflow/dags/first_dag.py                           1           0  0.08s           2026-08-21T14:14:41                      12
================================================================================
[2026-08-21T14:15:28.530+0000] {manager.py:997} INFO - 
================================================================================
DAG File Processing Stats

File Path                       PID    Runtime      # DAGs    # Errors  Last Runtime    Last Run               Last # of DB Queries
------------------------------  -----  ---------  --------  ----------  --------------  -------------------  ----------------------
/opt/airflow/dags/first_dag.py                           1           0  0.10s           2026-08-21T14:15:11                      12
================================================================================
[2026-08-21T14:15:58.716+0000] {manager.py:997} INFO - 
================================================================================
DAG File Processing Stats

File Path                       PID    Runtime      # DAGs    # Errors  Last Runtime    Last Run               Last # of DB Queries
------------------------------  -----  ---------  --------  ----------  --------------  -------------------  ----------------------
/opt/airflow/dags/first_dag.py                           1           0  0.08s           2026-08-21T14:15:41                      12
================================================================================
[2026-08-21T14:16:03.736+0000] {manager.py:821} INFO - Searching for files in /opt/airflow/dags
[2026-08-21T14:16:03.737+0000] {manager.py:824} INFO - There are 1 files in /opt/airflow/dags
[2026-08-21T14:16:28.860+0000] {manager.py:997} INFO - 
================================================================================
DAG File Processing Stats

File Path                       PID    Runtime      # DAGs    # Errors  Last Runtime    Last Run               Last # of DB Queries
------------------------------  -----  ---------  --------  ----------  --------------  -------------------  ----------------------
/opt/airflow/dags/first_dag.py                           1           0  0.09s           2026-08-21T14:16:11                      12
================================================================================
[2026-08-21T14:16:59.046+0000] {manager.py:997} INFO - 
================================================================================
DAG File Processing Stats

File Path                       PID    Runtime      # DAGs    # Errors  Last Runtime    Last Run               Last # of DB Queries
------------------------------  -----  ---------  --------  ----------  --------------  -------------------  ----------------------
/opt/airflow/dags/first_dag.py                           1           0  0.09s           2026-08-21T14:16:41                      12
================================================================================
[2026-08-21T14:17:29.184+0000] {manager.py:997} INFO - 
================================================================================
DAG File Processing Stats

File Path                       PID    Runtime      # DAGs    # Errors  Last Runtime    Last Run               Last # of DB Queries
------------------------------  -----  ---------  --------  ----------  --------------  -------------------  ----------------------
/opt/airflow/dags/first_dag.py                           1           0  0.08s           2026-08-21T14:17:12                      12
================================================================================
[2026-08-21T14:17:59.366+0000] {manager.py:997} INFO - 
================================================================================
DAG File Processing Stats

File Path                       PID    Runtime      # DAGs    # Errors  Last Runtime    Last Run               Last # of DB Queries
------------------------------  -----  ---------  --------  ----------  --------------  -------------------  ----------------------
/opt/airflow/dags/first_dag.py                           1           0  0.08s           2026-08-21T14:17:42                      12
================================================================================
[2026-08-21T14:18:29.510+0000] {manager.py:997} INFO - 
================================================================================
DAG File Processing Stats

File Path                       PID    Runtime      # DAGs    # Errors  Last Runtime    Last Run               Last # of DB Queries
------------------------------  -----  ---------  --------  ----------  --------------  -------------------  ----------------------
/opt/airflow/dags/first_dag.py                           1           0  0.09s           2026-08-21T14:18:12                      12
================================================================================
[2026-08-21T14:18:59.689+0000] {manager.py:997} INFO - 
================================================================================
DAG File Processing Stats

File Path                       PID    Runtime      # DAGs    # Errors  Last Runtime    Last Run               Last # of DB Queries
------------------------------  -----  ---------  --------  ----------  --------------  -------------------  ----------------------
/opt/airflow/dags/first_dag.py                           1           0  0.08s           2026-08-21T14:18:42                      12
================================================================================
[2026-08-21T14:19:29.835+0000] {manager.py:997} INFO - 
================================================================================
DAG File Processing Stats

File Path                       PID    Runtime      # DAGs    # Errors  Last Runtime    Last Run               Last # of DB Queries
------------------------------  -----  ---------  --------  ----------  --------------  -------------------  ----------------------
/opt/airflow/dags/first_dag.py                           1           0  0.09s           2026-08-21T14:19:12                      12
================================================================================
[2026-08-21T14:20:00.003+0000] {manager.py:997} INFO - 
================================================================================
DAG File Processing Stats

File Path                       PID    Runtime      # DAGs    # Errors  Last Runtime    Last Run               Last # of DB Queries
------------------------------  -----  ---------  --------  ----------  --------------  -------------------  ----------------------
/opt/airflow/dags/first_dag.py                           1           0  0.09s           2026-08-21T14:19:42                      12
================================================================================
[2026-08-21T14:20:30.156+0000] {manager.py:997} INFO - 
================================================================================
DAG File Processing Stats

File Path                       PID    Runtime      # DAGs    # Errors  Last Runtime    Last Run               Last # of DB Queries
------------------------------  -----  ---------  --------  ----------  --------------  -------------------  ----------------------
/opt/airflow/dags/first_dag.py                           1           0  0.09s           2026-08-21T14:20:13                      12
================================================================================
[2026-08-21T14:21:00.319+0000] {manager.py:997} INFO - 
================================================================================
DAG File Processing Stats

File Path                       PID    Runtime      # DAGs    # Errors  Last Runtime    Last Run               Last # of DB Queries
------------------------------  -----  ---------  --------  ----------  --------------  -------------------  ----------------------
/opt/airflow/dags/first_dag.py                           1           0  0.09s           2026-08-21T14:20:43                      12
================================================================================
[2026-08-21T14:21:04.331+0000] {manager.py:821} INFO - Searching for files in /opt/airflow/dags
[2026-08-21T14:21:04.332+0000] {manager.py:824} INFO - There are 1 files in /opt/airflow/dags
[2026-08-21T14:21:30.476+0000] {manager.py:997} INFO - 
================================================================================
DAG File Processing Stats

File Path                       PID    Runtime      # DAGs    # Errors  Last Runtime    Last Run               Last # of DB Queries
------------------------------  -----  ---------  --------  ----------  --------------  -------------------  ----------------------
/opt/airflow/dags/first_dag.py                           1           0  0.09s           2026-08-21T14:21:13                      12
================================================================================
[2026-08-21T14:22:00.646+0000] {manager.py:997} INFO - 
================================================================================
DAG File Processing Stats

File Path                       PID    Runtime      # DAGs    # Errors  Last Runtime    Last Run               Last # of DB Queries
------------------------------  -----  ---------  --------  ----------  --------------  -------------------  ----------------------
/opt/airflow/dags/first_dag.py                           1           0  0.09s           2026-08-21T14:21:43                      12
================================================================================
[2026-08-21T14:22:30.784+0000] {manager.py:997} INFO - 
================================================================================
DAG File Processing Stats

File Path                       PID    Runtime      # DAGs    # Errors  Last Runtime    Last Run               Last # of DB Queries
------------------------------  -----  ---------  --------  ----------  --------------  -------------------  ----------------------
/opt/airflow/dags/first_dag.py                           1           0  0.09s           2026-08-21T14:22:13                      12
================================================================================
[2026-08-21T14:23:00.959+0000] {manager.py:997} INFO - 
================================================================================
DAG File Processing Stats

File Path                       PID    Runtime      # DAGs    # Errors  Last Runtime    Last Run               Last # of DB Queries
------------------------------  -----  ---------  --------  ----------  --------------  -------------------  ----------------------
/opt/airflow/dags/first_dag.py                           1           0  0.09s           2026-08-21T14:22:43                      12
================================================================================
[2026-08-21T14:23:31.102+0000] {manager.py:997} INFO - 
================================================================================
DAG File Processing Stats

File Path                       PID    Runtime      # DAGs    # Errors  Last Runtime    Last Run               Last # of DB Queries
------------------------------  -----  ---------  --------  ----------  --------------  -------------------  ----------------------
/opt/airflow/dags/first_dag.py                           1           0  0.09s           2026-08-21T14:23:14                      12
================================================================================
[2026-08-21T14:24:01.286+0000] {manager.py:997} INFO - 
================================================================================
DAG File Processing Stats

File Path                       PID    Runtime      # DAGs    # Errors  Last Runtime    Last Run               Last # of DB Queries
------------------------------  -----  ---------  --------  ----------  --------------  -------------------  ----------------------
/opt/airflow/dags/first_dag.py                           1           0  0.09s           2026-08-21T14:23:44                      12
================================================================================
[2026-08-21T14:24:31.417+0000] {manager.py:997} INFO - 
================================================================================
DAG File Processing Stats

File Path                       PID    Runtime      # DAGs    # Errors  Last Runtime    Last Run               Last # of DB Queries
------------------------------  -----  ---------  --------  ----------  --------------  -------------------  ----------------------
/opt/airflow/dags/first_dag.py                           1           0  0.09s           2026-08-21T14:24:14                      12
================================================================================
[2026-08-21T14:25:01.606+0000] {manager.py:997} INFO - 
================================================================================
DAG File Processing Stats

File Path                       PID    Runtime      # DAGs    # Errors  Last Runtime    Last Run               Last # of DB Queries
------------------------------  -----  ---------  --------  ----------  --------------  -------------------  ----------------------
/opt/airflow/dags/first_dag.py                           1           0  0.09s           2026-08-21T14:24:44                      12
================================================================================
[2026-08-21T14:25:31.737+0000] {manager.py:997} INFO - 
================================================================================
DAG File Processing Stats

File Path                       PID    Runtime      # DAGs    # Errors  Last Runtime    Last Run               Last # of DB Queries
------------------------------  -----  ---------  --------  ----------  --------------  -------------------  ----------------------
/opt/airflow/dags/first_dag.py                           1           0  0.10s           2026-08-21T14:25:14                      12
================================================================================
[2026-08-21T14:26:01.929+0000] {manager.py:997} INFO - 
================================================================================
DAG File Processing Stats

File Path                       PID    Runtime      # DAGs    # Errors  Last Runtime    Last Run               Last # of DB Queries
------------------------------  -----  ---------  --------  ----------  --------------  -------------------  ----------------------
/opt/airflow/dags/first_dag.py                           1           0  0.09s           2026-08-21T14:25:44                      12
================================================================================
[2026-08-21T14:26:04.941+0000] {manager.py:821} INFO - Searching for files in /opt/airflow/dags
[2026-08-21T14:26:04.942+0000] {manager.py:824} INFO - There are 1 files in /opt/airflow/dags
[2026-08-21T14:26:32.069+0000] {manager.py:997} INFO - 
================================================================================
DAG File Processing Stats

File Path                       PID    Runtime      # DAGs    # Errors  Last Runtime    Last Run               Last # of DB Queries
------------------------------  -----  ---------  --------  ----------  --------------  -------------------  ----------------------
/opt/airflow/dags/first_dag.py                           1           0  0.09s           2026-08-21T14:26:15                      12
================================================================================
[2026-08-21T14:27:02.250+0000] {manager.py:997} INFO - 
================================================================================
DAG File Processing Stats

File Path                       PID    Runtime      # DAGs    # Errors  Last Runtime    Last Run               Last # of DB Queries
------------------------------  -----  ---------  --------  ----------  --------------  -------------------  ----------------------
/opt/airflow/dags/first_dag.py                           1           0  0.09s           2026-08-21T14:26:45                      12
================================================================================
[2026-08-21T14:27:32.381+0000] {manager.py:997} INFO - 
================================================================================
DAG File Processing Stats

File Path                       PID    Runtime      # DAGs    # Errors  Last Runtime    Last Run               Last # of DB Queries
------------------------------  -----  ---------  --------  ----------  --------------  -------------------  ----------------------
/opt/airflow/dags/first_dag.py                           1           0  0.09s           2026-08-21T14:27:15                      12
================================================================================
[2026-08-21T14:28:02.567+0000] {manager.py:997} INFO - 
================================================================================
DAG File Processing Stats

File Path                       PID    Runtime      # DAGs    # Errors  Last Runtime    Last Run               Last # of DB Queries
------------------------------  -----  ---------  --------  ----------  --------------  -------------------  ----------------------
/opt/airflow/dags/first_dag.py                           1           0  0.09s           2026-08-21T14:27:45                      12
================================================================================
[2026-08-21T14:28:32.701+0000] {manager.py:997} INFO - 
================================================================================
DAG File Processing Stats

File Path                       PID    Runtime      # DAGs    # Errors  Last Runtime    Last Run               Last # of DB Queries
------------------------------  -----  ---------  --------  ----------  --------------  -------------------  ----------------------
/opt/airflow/dags/first_dag.py                           1           0  0.09s           2026-08-21T14:28:15                      12
================================================================================
[2026-08-21T14:29:02.873+0000] {manager.py:997} INFO - 
================================================================================
DAG File Processing Stats

File Path                       PID    Runtime      # DAGs    # Errors  Last Runtime    Last Run               Last # of DB Queries
------------------------------  -----  ---------  --------  ----------  --------------  -------------------  ----------------------
/opt/airflow/dags/first_dag.py                           1           0  0.09s           2026-08-21T14:28:45                      12
================================================================================
[2026-08-21T14:29:33.013+0000] {manager.py:997} INFO - 
================================================================================
DAG File Processing Stats

File Path                       PID    Runtime      # DAGs    # Errors  Last Runtime    Last Run               Last # of DB Queries
------------------------------  -----  ---------  --------  ----------  --------------  -------------------  ----------------------
/opt/airflow/dags/first_dag.py                           1           0  0.09s           2026-08-21T14:29:16                      12
================================================================================
[2026-08-21T14:30:03.195+0000] {manager.py:997} INFO - 
================================================================================
DAG File Processing Stats

File Path                       PID    Runtime      # DAGs    # Errors  Last Runtime    Last Run               Last # of DB Queries
------------------------------  -----  ---------  --------  ----------  --------------  -------------------  ----------------------
/opt/airflow/dags/first_dag.py                           1           0  0.10s           2026-08-21T14:29:46                      12
================================================================================
[2026-08-21T14:30:33.337+0000] {manager.py:997} INFO - 
================================================================================
DAG File Processing Stats

File Path                       PID    Runtime      # DAGs    # Errors  Last Runtime    Last Run               Last # of DB Queries
------------------------------  -----  ---------  --------  ----------  --------------  -------------------  ----------------------
/opt/airflow/dags/first_dag.py                           1           0  0.10s           2026-08-21T14:30:16                      12
================================================================================
[2026-08-21T14:31:03.535+0000] {manager.py:997} INFO - 
================================================================================
DAG File Processing Stats

File Path                       PID    Runtime      # DAGs    # Errors  Last Runtime    Last Run               Last # of DB Queries
------------------------------  -----  ---------  --------  ----------  --------------  -------------------  ----------------------
/opt/airflow/dags/first_dag.py                           1           0  0.09s           2026-08-21T14:30:46                      12
================================================================================
[2026-08-21T14:31:05.541+0000] {manager.py:821} INFO - Searching for files in /opt/airflow/dags
[2026-08-21T14:31:05.542+0000] {manager.py:824} INFO - There are 1 files in /opt/airflow/dags
[2026-08-21T14:31:33.675+0000] {manager.py:997} INFO - 
================================================================================
DAG File Processing Stats

File Path                       PID    Runtime      # DAGs    # Errors  Last Runtime    Last Run               Last # of DB Queries
------------------------------  -----  ---------  --------  ----------  --------------  -------------------  ----------------------
/opt/airflow/dags/first_dag.py                           1           0  0.09s           2026-08-21T14:31:16                      12
================================================================================
[2026-08-21T14:32:03.853+0000] {manager.py:997} INFO - 
================================================================================
DAG File Processing Stats

File Path                       PID    Runtime      # DAGs    # Errors  Last Runtime    Last Run               Last # of DB Queries
------------------------------  -----  ---------  --------  ----------  --------------  -------------------  ----------------------
/opt/airflow/dags/first_dag.py                           1           0  0.09s           2026-08-21T14:31:46                      12
================================================================================
[2026-08-21T14:32:33.994+0000] {manager.py:997} INFO - 
================================================================================
DAG File Processing Stats

File Path                       PID    Runtime      # DAGs    # Errors  Last Runtime    Last Run               Last # of DB Queries
------------------------------  -----  ---------  --------  ----------  --------------  -------------------  ----------------------
/opt/airflow/dags/first_dag.py                           1           0  0.09s           2026-08-21T14:32:17                      12
================================================================================
[2026-08-21T14:33:04.181+0000] {manager.py:997} INFO - 
================================================================================
DAG File Processing Stats

File Path                       PID    Runtime      # DAGs    # Errors  Last Runtime    Last Run               Last # of DB Queries
------------------------------  -----  ---------  --------  ----------  --------------  -------------------  ----------------------
/opt/airflow/dags/first_dag.py                           1           0  0.09s           2026-08-21T14:32:47                      12
================================================================================
[2026-08-21T14:33:34.385+0000] {manager.py:997} INFO - 
================================================================================
DAG File Processing Stats

File Path                       PID    Runtime      # DAGs    # Errors  Last Runtime    Last Run               Last # of DB Queries
------------------------------  -----  ---------  --------  ----------  --------------  -------------------  ----------------------
/opt/airflow/dags/first_dag.py                           1           0  0.11s           2026-08-21T14:33:17                      12
================================================================================
[2026-08-21T14:34:04.519+0000] {manager.py:997} INFO - 
================================================================================
DAG File Processing Stats

File Path                       PID    Runtime      # DAGs    # Errors  Last Runtime    Last Run               Last # of DB Queries
------------------------------  -----  ---------  --------  ----------  --------------  -------------------  ----------------------
/opt/airflow/dags/first_dag.py                           1           0  0.09s           2026-08-21T14:33:47                      12
================================================================================
[2026-08-21T14:34:34.709+0000] {manager.py:997} INFO - 
================================================================================
DAG File Processing Stats

File Path                       PID    Runtime      # DAGs    # Errors  Last Runtime    Last Run               Last # of DB Queries
------------------------------  -----  ---------  --------  ----------  --------------  -------------------  ----------------------
/opt/airflow/dags/first_dag.py                           1           0  0.10s           2026-08-21T14:34:17                      12
================================================================================
[2026-08-21T14:35:04.852+0000] {manager.py:997} INFO - 
================================================================================
DAG File Processing Stats

File Path                       PID    Runtime      # DAGs    # Errors  Last Runtime    Last Run               Last # of DB Queries
------------------------------  -----  ---------  --------  ----------  --------------  -------------------  ----------------------
/opt/airflow/dags/first_dag.py                           1           0  0.09s           2026-08-21T14:34:47                      12
================================================================================
[2026-08-21T14:35:35.023+0000] {manager.py:997} INFO - 
================================================================================
DAG File Processing Stats

File Path                       PID    Runtime      # DAGs    # Errors  Last Runtime    Last Run               Last # of DB Queries
------------------------------  -----  ---------  --------  ----------  --------------  -------------------  ----------------------
/opt/airflow/dags/first_dag.py                           1           0  0.09s           2026-08-21T14:35:18                      12
================================================================================
[2026-08-21T14:36:05.175+0000] {manager.py:997} INFO - 
================================================================================
DAG File Processing Stats

File Path                       PID    Runtime      # DAGs    # Errors  Last Runtime    Last Run               Last # of DB Queries
------------------------------  -----  ---------  --------  ----------  --------------  -------------------  ----------------------
/opt/airflow/dags/first_dag.py                           1           0  0.09s           2026-08-21T14:35:48                      12
================================================================================
[2026-08-21T14:36:06.178+0000] {manager.py:821} INFO - Searching for files in /opt/airflow/dags
[2026-08-21T14:36:06.179+0000] {manager.py:824} INFO - There are 1 files in /opt/airflow/dags
[2026-08-21T14:36:35.339+0000] {manager.py:997} INFO - 
================================================================================
DAG File Processing Stats

File Path                       PID    Runtime      # DAGs    # Errors  Last Runtime    Last Run               Last # of DB Queries
------------------------------  -----  ---------  --------  ----------  --------------  -------------------  ----------------------
/opt/airflow/dags/first_dag.py                           1           0  0.09s           2026-08-21T14:36:18                      12
================================================================================
[2026-08-21T14:37:05.506+0000] {manager.py:997} INFO - 
================================================================================
DAG File Processing Stats

File Path                       PID    Runtime      # DAGs    # Errors  Last Runtime    Last Run               Last # of DB Queries
------------------------------  -----  ---------  --------  ----------  --------------  -------------------  ----------------------
/opt/airflow/dags/first_dag.py                           1           0  0.11s           2026-08-21T14:36:48                      12
================================================================================
[2026-08-21T14:37:35.689+0000] {manager.py:997} INFO - 
================================================================================
DAG File Processing Stats

File Path                       PID    Runtime      # DAGs    # Errors  Last Runtime    Last Run               Last # of DB Queries
------------------------------  -----  ---------  --------  ----------  --------------  -------------------  ----------------------
/opt/airflow/dags/first_dag.py                           1           0  0.10s           2026-08-21T14:37:18                      12
================================================================================
[2026-08-21T14:38:05.848+0000] {manager.py:997} INFO - 
================================================================================
DAG File Processing Stats

File Path                       PID    Runtime      # DAGs    # Errors  Last Runtime    Last Run               Last # of DB Queries
------------------------------  -----  ---------  --------  ----------  --------------  -------------------  ----------------------
/opt/airflow/dags/first_dag.py                           1           0  0.10s           2026-08-21T14:37:48                      12
================================================================================
[2026-08-21T14:38:36.026+0000] {manager.py:997} INFO - 
================================================================================
DAG File Processing Stats

File Path                       PID    Runtime      # DAGs    # Errors  Last Runtime    Last Run               Last # of DB Queries
------------------------------  -----  ---------  --------  ----------  --------------  -------------------  ----------------------
/opt/airflow/dags/first_dag.py                           1           0  0.10s           2026-08-21T14:38:18                      12
================================================================================
[2026-08-21T14:39:06.173+0000] {manager.py:997} INFO - 
================================================================================
DAG File Processing Stats

File Path                       PID    Runtime      # DAGs    # Errors  Last Runtime    Last Run               Last # of DB Queries
------------------------------  -----  ---------  --------  ----------  --------------  -------------------  ----------------------
/opt/airflow/dags/first_dag.py                           1           0  0.09s           2026-08-21T14:38:49                      12
================================================================================
[2026-08-21T14:39:36.331+0000] {manager.py:997} INFO - 
================================================================================
DAG File Processing Stats

File Path                       PID    Runtime      # DAGs    # Errors  Last Runtime    Last Run               Last # of DB Queries
------------------------------  -----  ---------  --------  ----------  --------------  -------------------  ----------------------
/opt/airflow/dags/first_dag.py                           1           0  0.09s           2026-08-21T14:39:19                      12
================================================================================
[2026-08-21T14:40:06.490+0000] {manager.py:997} INFO - 
================================================================================
DAG File Processing Stats

File Path                       PID    Runtime      # DAGs    # Errors  Last Runtime    Last Run               Last # of DB Queries
------------------------------  -----  ---------  --------  ----------  --------------  -------------------  ----------------------
/opt/airflow/dags/first_dag.py                           1           0  0.09s           2026-08-21T14:39:49                      12
================================================================================
[2026-08-21T14:40:36.651+0000] {manager.py:997} INFO - 
================================================================================
DAG File Processing Stats

File Path                       PID    Runtime      # DAGs    # Errors  Last Runtime    Last Run               Last # of DB Queries
------------------------------  -----  ---------  --------  ----------  --------------  -------------------  ----------------------
/opt/airflow/dags/first_dag.py                           1           0  0.10s           2026-08-21T14:40:19                      12
================================================================================
[2026-08-21T14:41:06.916+0000] {manager.py:821} INFO - Searching for files in /opt/airflow/dags
[2026-08-21T14:41:06.917+0000] {manager.py:824} INFO - There are 1 files in /opt/airflow/dags
[2026-08-21T14:41:06.923+0000] {manager.py:997} INFO - 
================================================================================
DAG File Processing Stats

File Path                       PID    Runtime      # DAGs    # Errors  Last Runtime    Last Run               Last # of DB Queries
------------------------------  -----  ---------  --------  ----------  --------------  -------------------  ----------------------
/opt/airflow/dags/first_dag.py                           1           0  0.10s           2026-08-21T14:41:04                      12
================================================================================
[2026-08-21T14:41:37.264+0000] {manager.py:997} INFO - 
================================================================================
DAG File Processing Stats

File Path                       PID    Runtime      # DAGs    # Errors  Last Runtime    Last Run               Last # of DB Queries
------------------------------  -----  ---------  --------  ----------  --------------  -------------------  ----------------------
/opt/airflow/dags/first_dag.py                           1           0  0.09s           2026-08-21T14:41:21                      12
================================================================================
[2026-08-21T14:42:07.423+0000] {manager.py:997} INFO - 
================================================================================
DAG File Processing Stats

File Path                       PID    Runtime      # DAGs    # Errors  Last Runtime    Last Run               Last # of DB Queries
------------------------------  -----  ---------  --------  ----------  --------------  -------------------  ----------------------
/opt/airflow/dags/first_dag.py                           1           0  0.09s           2026-08-21T14:41:51                      12
================================================================================
[2026-08-21T14:42:37.595+0000] {manager.py:997} INFO - 
================================================================================
DAG File Processing Stats

File Path                       PID    Runtime      # DAGs    # Errors  Last Runtime    Last Run               Last # of DB Queries
------------------------------  -----  ---------  --------  ----------  --------------  -------------------  ----------------------
/opt/airflow/dags/first_dag.py                           1           0  0.09s           2026-08-21T14:42:21                      12
================================================================================
[2026-08-21T14:43:07.739+0000] {manager.py:997} INFO - 
================================================================================
DAG File Processing Stats

File Path                       PID    Runtime      # DAGs    # Errors  Last Runtime    Last Run               Last # of DB Queries
------------------------------  -----  ---------  --------  ----------  --------------  -------------------  ----------------------
/opt/airflow/dags/first_dag.py                           1           0  0.09s           2026-08-21T14:42:51                      12
================================================================================
[2026-08-21T14:43:37.914+0000] {manager.py:997} INFO - 
================================================================================
DAG File Processing Stats

File Path                       PID    Runtime      # DAGs    # Errors  Last Runtime    Last Run               Last # of DB Queries
------------------------------  -----  ---------  --------  ----------  --------------  -------------------  ----------------------
/opt/airflow/dags/first_dag.py                           1           0  0.09s           2026-08-21T14:43:21                      12
================================================================================
[2026-08-21T14:44:08.042+0000] {manager.py:997} INFO - 
================================================================================
DAG File Processing Stats

File Path                       PID    Runtime      # DAGs    # Errors  Last Runtime    Last Run               Last # of DB Queries
------------------------------  -----  ---------  --------  ----------  --------------  -------------------  ----------------------
/opt/airflow/dags/first_dag.py                           1           0  0.09s           2026-08-21T14:43:52                      12
================================================================================
[2026-08-21T14:44:38.218+0000] {manager.py:997} INFO - 
================================================================================
DAG File Processing Stats

File Path                       PID    Runtime      # DAGs    # Errors  Last Runtime    Last Run               Last # of DB Queries
------------------------------  -----  ---------  --------  ----------  --------------  -------------------  ----------------------
/opt/airflow/dags/first_dag.py                           1           0  0.09s           2026-08-21T14:44:22                      12
================================================================================
[2026-08-21T14:45:08.369+0000] {manager.py:997} INFO - 
================================================================================
DAG File Processing Stats

File Path                       PID    Runtime      # DAGs    # Errors  Last Runtime    Last Run               Last # of DB Queries
------------------------------  -----  ---------  --------  ----------  --------------  -------------------  ----------------------
/opt/airflow/dags/first_dag.py                           1           0  0.09s           2026-08-21T14:44:52                      12
================================================================================
[2026-08-21T14:45:38.542+0000] {manager.py:997} INFO - 
================================================================================
DAG File Processing Stats

File Path                       PID    Runtime      # DAGs    # Errors  Last Runtime    Last Run               Last # of DB Queries
------------------------------  -----  ---------  --------  ----------  --------------  -------------------  ----------------------
/opt/airflow/dags/first_dag.py                           1           0  0.10s           2026-08-21T14:45:22                      12
================================================================================
[2026-08-21T14:46:07.726+0000] {manager.py:821} INFO - Searching for files in /opt/airflow/dags
[2026-08-21T14:46:07.727+0000] {manager.py:824} INFO - There are 1 files in /opt/airflow/dags
[2026-08-21T14:46:08.750+0000] {manager.py:997} INFO - 
================================================================================
DAG File Processing Stats

File Path                       PID    Runtime      # DAGs    # Errors  Last Runtime    Last Run               Last # of DB Queries
------------------------------  -----  ---------  --------  ----------  --------------  -------------------  ----------------------
/opt/airflow/dags/first_dag.py                           0           1  0.04s           2026-08-21T14:46:07                       5
================================================================================
[2026-08-21T14:46:38.920+0000] {manager.py:997} INFO - 
================================================================================
DAG File Processing Stats

File Path                       PID    Runtime      # DAGs    # Errors  Last Runtime    Last Run               Last # of DB Queries
------------------------------  -----  ---------  --------  ----------  --------------  -------------------  ----------------------
/opt/airflow/dags/first_dag.py                           0           1  0.05s           2026-08-21T14:46:27                       5
================================================================================
[2026-08-21T14:47:09.275+0000] {manager.py:997} INFO - 
================================================================================
DAG File Processing Stats

File Path                       PID    Runtime      # DAGs    # Errors  Last Runtime    Last Run               Last # of DB Queries
------------------------------  -----  ---------  --------  ----------  --------------  -------------------  ----------------------
/opt/airflow/dags/first_dag.py                           1           0  0.08s           2026-08-21T14:47:08                      11
================================================================================
[2026-08-21T14:47:39.458+0000] {manager.py:997} INFO - 
================================================================================
DAG File Processing Stats

File Path                       PID    Runtime      # DAGs    # Errors  Last Runtime    Last Run               Last # of DB Queries
------------------------------  -----  ---------  --------  ----------  --------------  -------------------  ----------------------
/opt/airflow/dags/first_dag.py                           1           0  0.09s           2026-08-21T14:47:38                      12
================================================================================
[2026-08-21T14:48:09.584+0000] {manager.py:997} INFO - 
================================================================================
DAG File Processing Stats

File Path                       PID    Runtime      # DAGs    # Errors  Last Runtime    Last Run               Last # of DB Queries
------------------------------  -----  ---------  --------  ----------  --------------  -------------------  ----------------------
/opt/airflow/dags/first_dag.py                           1           0  0.09s           2026-08-21T14:48:08                      12
================================================================================
[2026-08-21T14:48:39.774+0000] {manager.py:997} INFO - 
================================================================================
DAG File Processing Stats

File Path                       PID    Runtime      # DAGs    # Errors  Last Runtime    Last Run               Last # of DB Queries
------------------------------  -----  ---------  --------  ----------  --------------  -------------------  ----------------------
/opt/airflow/dags/first_dag.py                           1           0  0.09s           2026-08-21T14:48:38                      12
================================================================================
[2026-08-21T14:49:09.901+0000] {manager.py:997} INFO - 
================================================================================
DAG File Processing Stats

File Path                       PID    Runtime      # DAGs    # Errors  Last Runtime    Last Run               Last # of DB Queries
------------------------------  -----  ---------  --------  ----------  --------------  -------------------  ----------------------
/opt/airflow/dags/first_dag.py                           1           0  0.09s           2026-08-21T14:49:08                      12
================================================================================
[2026-08-21T14:49:40.086+0000] {manager.py:997} INFO - 
================================================================================
DAG File Processing Stats

File Path                       PID    Runtime      # DAGs    # Errors  Last Runtime    Last Run               Last # of DB Queries
------------------------------  -----  ---------  --------  ----------  --------------  -------------------  ----------------------
/opt/airflow/dags/first_dag.py                           1           0  0.09s           2026-08-21T14:49:39                      12
================================================================================
[2026-08-21T14:50:10.224+0000] {manager.py:997} INFO - 
================================================================================
DAG File Processing Stats

File Path                       PID    Runtime      # DAGs    # Errors  Last Runtime    Last Run               Last # of DB Queries
------------------------------  -----  ---------  --------  ----------  --------------  -------------------  ----------------------
/opt/airflow/dags/first_dag.py                           1           0  0.11s           2026-08-21T14:50:09                      12
================================================================================
[2026-08-21T14:50:40.421+0000] {manager.py:997} INFO - 
================================================================================
DAG File Processing Stats

File Path                       PID    Runtime      # DAGs    # Errors  Last Runtime    Last Run               Last # of DB Queries
------------------------------  -----  ---------  --------  ----------  --------------  -------------------  ----------------------
/opt/airflow/dags/first_dag.py                           1           0  0.09s           2026-08-21T14:50:39                      12
================================================================================
[2026-08-21T14:51:08.532+0000] {manager.py:821} INFO - Searching for files in /opt/airflow/dags
[2026-08-21T14:51:08.533+0000] {manager.py:824} INFO - There are 1 files in /opt/airflow/dags
[2026-08-21T14:51:10.565+0000] {manager.py:997} INFO - 
================================================================================
DAG File Processing Stats

File Path                       PID    Runtime      # DAGs    # Errors  Last Runtime    Last Run               Last # of DB Queries
------------------------------  -----  ---------  --------  ----------  --------------  -------------------  ----------------------
/opt/airflow/dags/first_dag.py                           1           0  0.11s           2026-08-21T14:51:09                      12
================================================================================
[2026-08-21T14:51:40.762+0000] {manager.py:997} INFO - 
================================================================================
DAG File Processing Stats

File Path                       PID    Runtime      # DAGs    # Errors  Last Runtime    Last Run               Last # of DB Queries
------------------------------  -----  ---------  --------  ----------  --------------  -------------------  ----------------------
/opt/airflow/dags/first_dag.py                           1           0  0.09s           2026-08-21T14:51:39                      12
================================================================================
[2026-08-21T14:52:10.907+0000] {manager.py:997} INFO - 
================================================================================
DAG File Processing Stats

File Path                         PID  Runtime      # DAGs    # Errors  Last Runtime    Last Run               Last # of DB Queries
------------------------------  -----  ---------  --------  ----------  --------------  -------------------  ----------------------
/opt/airflow/dags/first_dag.py   2210  0.01s             1           0  0.10s           2026-08-21T14:52:09                      12
================================================================================
[2026-08-21T14:52:41.134+0000] {manager.py:997} INFO - 
================================================================================
DAG File Processing Stats

File Path                       PID    Runtime      # DAGs    # Errors  Last Runtime    Last Run               Last # of DB Queries
------------------------------  -----  ---------  --------  ----------  --------------  -------------------  ----------------------
/opt/airflow/dags/first_dag.py                           0           1  0.05s           2026-08-21T14:52:22                       5
================================================================================
[2026-08-21T14:53:11.270+0000] {manager.py:997} INFO - 
================================================================================
DAG File Processing Stats

File Path                       PID    Runtime      # DAGs    # Errors  Last Runtime    Last Run               Last # of DB Queries
------------------------------  -----  ---------  --------  ----------  --------------  -------------------  ----------------------
/opt/airflow/dags/first_dag.py                           0           1  0.05s           2026-08-21T14:52:52                       5
================================================================================
[2026-08-21T14:53:41.426+0000] {manager.py:997} INFO - 
================================================================================
DAG File Processing Stats

File Path                       PID    Runtime      # DAGs    # Errors  Last Runtime    Last Run               Last # of DB Queries
------------------------------  -----  ---------  --------  ----------  --------------  -------------------  ----------------------
/opt/airflow/dags/first_dag.py                           0           1  0.05s           2026-08-21T14:53:22                       5
================================================================================
[2026-08-21T14:54:11.560+0000] {manager.py:997} INFO - 
================================================================================
DAG File Processing Stats

File Path                       PID    Runtime      # DAGs    # Errors  Last Runtime    Last Run               Last # of DB Queries
------------------------------  -----  ---------  --------  ----------  --------------  -------------------  ----------------------
/opt/airflow/dags/first_dag.py                           0           1  0.05s           2026-08-21T14:53:52                       5
================================================================================
[2026-08-21T14:54:41.712+0000] {manager.py:997} INFO - 
================================================================================
DAG File Processing Stats

File Path                       PID    Runtime      # DAGs    # Errors  Last Runtime    Last Run               Last # of DB Queries
------------------------------  -----  ---------  --------  ----------  --------------  -------------------  ----------------------
/opt/airflow/dags/first_dag.py                           0           1  0.04s           2026-08-21T14:54:22                       5
================================================================================
[2026-08-21T14:55:11.847+0000] {manager.py:997} INFO - 
================================================================================
DAG File Processing Stats

File Path                       PID    Runtime      # DAGs    # Errors  Last Runtime    Last Run               Last # of DB Queries
------------------------------  -----  ---------  --------  ----------  --------------  -------------------  ----------------------
/opt/airflow/dags/first_dag.py                           0           1  0.05s           2026-08-21T14:54:52                       5
================================================================================
[2026-08-21T14:55:42.008+0000] {manager.py:997} INFO - 
================================================================================
DAG File Processing Stats

File Path                       PID    Runtime      # DAGs    # Errors  Last Runtime    Last Run               Last # of DB Queries
------------------------------  -----  ---------  --------  ----------  --------------  -------------------  ----------------------
/opt/airflow/dags/first_dag.py                           0           1  0.05s           2026-08-21T14:55:41                       5
================================================================================
[2026-08-21T14:56:09.356+0000] {manager.py:821} INFO - Searching for files in /opt/airflow/dags
[2026-08-21T14:56:09.357+0000] {manager.py:824} INFO - There are 1 files in /opt/airflow/dags
[2026-08-21T14:56:12.378+0000] {manager.py:997} INFO - 
================================================================================
DAG File Processing Stats

File Path                       PID    Runtime      # DAGs    # Errors  Last Runtime    Last Run               Last # of DB Queries
------------------------------  -----  ---------  --------  ----------  --------------  -------------------  ----------------------
/opt/airflow/dags/first_dag.py                           1           0  0.08s           2026-08-21T14:55:59                      11
================================================================================
[2026-08-21T14:56:42.551+0000] {manager.py:997} INFO - 
================================================================================
DAG File Processing Stats

File Path                       PID    Runtime      # DAGs    # Errors  Last Runtime    Last Run               Last # of DB Queries
------------------------------  -----  ---------  --------  ----------  --------------  -------------------  ----------------------
/opt/airflow/dags/first_dag.py                           1           0  0.10s           2026-08-21T14:56:29                      12
================================================================================
[2026-08-21T14:57:12.696+0000] {manager.py:997} INFO - 
================================================================================
DAG File Processing Stats

File Path                       PID    Runtime      # DAGs    # Errors  Last Runtime    Last Run               Last # of DB Queries
------------------------------  -----  ---------  --------  ----------  --------------  -------------------  ----------------------
/opt/airflow/dags/first_dag.py                           1           0  0.09s           2026-08-21T14:56:59                      12
================================================================================
[2026-08-21T14:57:42.866+0000] {manager.py:997} INFO - 
================================================================================
DAG File Processing Stats

File Path                       PID    Runtime      # DAGs    # Errors  Last Runtime    Last Run               Last # of DB Queries
------------------------------  -----  ---------  --------  ----------  --------------  -------------------  ----------------------
/opt/airflow/dags/first_dag.py                           1           0  0.09s           2026-08-21T14:57:29                      12
================================================================================
[2026-08-21T14:58:13.010+0000] {manager.py:997} INFO - 
================================================================================
DAG File Processing Stats

File Path                       PID    Runtime      # DAGs    # Errors  Last Runtime    Last Run               Last # of DB Queries
------------------------------  -----  ---------  --------  ----------  --------------  -------------------  ----------------------
/opt/airflow/dags/first_dag.py                           1           0  0.09s           2026-08-21T14:58:00                      12
================================================================================
[2026-08-21T14:58:43.182+0000] {manager.py:997} INFO - 
================================================================================
DAG File Processing Stats

File Path                       PID    Runtime      # DAGs    # Errors  Last Runtime    Last Run               Last # of DB Queries
------------------------------  -----  ---------  --------  ----------  --------------  -------------------  ----------------------
/opt/airflow/dags/first_dag.py                           1           0  0.10s           2026-08-21T14:58:30                      12
================================================================================
[2026-08-21T14:59:13.334+0000] {manager.py:997} INFO - 
================================================================================
DAG File Processing Stats

File Path                       PID    Runtime      # DAGs    # Errors  Last Runtime    Last Run               Last # of DB Queries
------------------------------  -----  ---------  --------  ----------  --------------  -------------------  ----------------------
/opt/airflow/dags/first_dag.py                           1           0  0.09s           2026-08-21T14:59:00                      12
================================================================================
[2026-08-21T14:59:43.496+0000] {manager.py:997} INFO - 
================================================================================
DAG File Processing Stats

File Path                       PID    Runtime      # DAGs    # Errors  Last Runtime    Last Run               Last # of DB Queries
------------------------------  -----  ---------  --------  ----------  --------------  -------------------  ----------------------
/opt/airflow/dags/first_dag.py                           1           0  0.10s           2026-08-21T14:59:30                      12
================================================================================
[2026-08-21T15:00:13.652+0000] {manager.py:997} INFO - 
================================================================================
DAG File Processing Stats

File Path                       PID    Runtime      # DAGs    # Errors  Last Runtime    Last Run               Last # of DB Queries
------------------------------  -----  ---------  --------  ----------  --------------  -------------------  ----------------------
/opt/airflow/dags/first_dag.py                           1           0  0.10s           2026-08-21T15:00:00                      12
================================================================================
[2026-08-21T15:00:43.819+0000] {manager.py:997} INFO - 
================================================================================
DAG File Processing Stats

File Path                       PID    Runtime      # DAGs    # Errors  Last Runtime    Last Run               Last # of DB Queries
------------------------------  -----  ---------  --------  ----------  --------------  -------------------  ----------------------
/opt/airflow/dags/first_dag.py                           1           0  0.10s           2026-08-21T15:00:30                      12
================================================================================
[2026-08-21T15:01:09.958+0000] {manager.py:821} INFO - Searching for files in /opt/airflow/dags
[2026-08-21T15:01:09.959+0000] {manager.py:824} INFO - There are 1 files in /opt/airflow/dags
[2026-08-21T15:01:13.982+0000] {manager.py:997} INFO - 
================================================================================
DAG File Processing Stats

File Path                       PID    Runtime      # DAGs    # Errors  Last Runtime    Last Run               Last # of DB Queries
------------------------------  -----  ---------  --------  ----------  --------------  -------------------  ----------------------
/opt/airflow/dags/first_dag.py                           1           0  0.10s           2026-08-21T15:01:00                      12
================================================================================
[2026-08-21T15:01:44.143+0000] {manager.py:997} INFO - 
================================================================================
DAG File Processing Stats

File Path                       PID    Runtime      # DAGs    # Errors  Last Runtime    Last Run               Last # of DB Queries
------------------------------  -----  ---------  --------  ----------  --------------  -------------------  ----------------------
/opt/airflow/dags/first_dag.py                           1           0  0.11s           2026-08-21T15:01:31                      12
================================================================================
[2026-08-21T15:02:14.316+0000] {manager.py:997} INFO - 
================================================================================
DAG File Processing Stats

File Path                       PID    Runtime      # DAGs    # Errors  Last Runtime    Last Run               Last # of DB Queries
------------------------------  -----  ---------  --------  ----------  --------------  -------------------  ----------------------
/opt/airflow/dags/first_dag.py                           1           0  0.09s           2026-08-21T15:02:01                      12
================================================================================
[2026-08-21T15:02:44.469+0000] {manager.py:997} INFO - 
================================================================================
DAG File Processing Stats

File Path                       PID    Runtime      # DAGs    # Errors  Last Runtime    Last Run               Last # of DB Queries
------------------------------  -----  ---------  --------  ----------  --------------  -------------------  ----------------------
/opt/airflow/dags/first_dag.py                           1           0  0.10s           2026-08-21T15:02:31                      12
================================================================================
[2026-08-21T15:03:14.702+0000] {manager.py:997} INFO - 
================================================================================
DAG File Processing Stats

File Path                       PID    Runtime      # DAGs    # Errors  Last Runtime    Last Run               Last # of DB Queries
------------------------------  -----  ---------  --------  ----------  --------------  -------------------  ----------------------
/opt/airflow/dags/first_dag.py                           1           0  0.09s           2026-08-21T15:03:01                      12
================================================================================
[2026-08-21T15:03:44.837+0000] {manager.py:997} INFO - 
================================================================================
DAG File Processing Stats

File Path                       PID    Runtime      # DAGs    # Errors  Last Runtime    Last Run               Last # of DB Queries
------------------------------  -----  ---------  --------  ----------  --------------  -------------------  ----------------------
/opt/airflow/dags/first_dag.py                           1           0  0.10s           2026-08-21T15:03:31                      12
================================================================================
[2026-08-21T15:04:15.024+0000] {manager.py:997} INFO - 
================================================================================
DAG File Processing Stats

File Path                       PID    Runtime      # DAGs    # Errors  Last Runtime    Last Run               Last # of DB Queries
------------------------------  -----  ---------  --------  ----------  --------------  -------------------  ----------------------
/opt/airflow/dags/first_dag.py                           1           0  0.09s           2026-08-21T15:04:01                      12
================================================================================
[2026-08-21T15:04:45.155+0000] {manager.py:997} INFO - 
================================================================================
DAG File Processing Stats

File Path                       PID    Runtime      # DAGs    # Errors  Last Runtime    Last Run               Last # of DB Queries
------------------------------  -----  ---------  --------  ----------  --------------  -------------------  ----------------------
/opt/airflow/dags/first_dag.py                           1           0  0.10s           2026-08-21T15:04:32                      12
================================================================================
[2026-08-21T15:05:15.344+0000] {manager.py:997} INFO - 
================================================================================
DAG File Processing Stats

File Path                       PID    Runtime      # DAGs    # Errors  Last Runtime    Last Run               Last # of DB Queries
------------------------------  -----  ---------  --------  ----------  --------------  -------------------  ----------------------
/opt/airflow/dags/first_dag.py                           1           0  0.10s           2026-08-21T15:05:02                      12
================================================================================
[2026-08-21T15:05:45.480+0000] {manager.py:997} INFO - 
================================================================================
DAG File Processing Stats

File Path                       PID    Runtime      # DAGs    # Errors  Last Runtime    Last Run               Last # of DB Queries
------------------------------  -----  ---------  --------  ----------  --------------  -------------------  ----------------------
/opt/airflow/dags/first_dag.py                           1           0  0.09s           2026-08-21T15:05:32                      12
================================================================================
[2026-08-21T15:06:10.635+0000] {manager.py:821} INFO - Searching for files in /opt/airflow/dags
[2026-08-21T15:06:10.636+0000] {manager.py:824} INFO - There are 1 files in /opt/airflow/dags
[2026-08-21T15:06:15.659+0000] {manager.py:997} INFO - 
================================================================================
DAG File Processing Stats

File Path                       PID    Runtime      # DAGs    # Errors  Last Runtime    Last Run               Last # of DB Queries
------------------------------  -----  ---------  --------  ----------  --------------  -------------------  ----------------------
/opt/airflow/dags/first_dag.py                           1           0  0.10s           2026-08-21T15:06:02                      12
================================================================================
[2026-08-21T15:06:45.795+0000] {manager.py:997} INFO - 
================================================================================
DAG File Processing Stats

File Path                       PID    Runtime      # DAGs    # Errors  Last Runtime    Last Run               Last # of DB Queries
------------------------------  -----  ---------  --------  ----------  --------------  -------------------  ----------------------
/opt/airflow/dags/first_dag.py                           1           0  0.10s           2026-08-21T15:06:32                      12
================================================================================
[2026-08-21T15:07:15.982+0000] {manager.py:997} INFO - 
================================================================================
DAG File Processing Stats

File Path                       PID    Runtime      # DAGs    # Errors  Last Runtime    Last Run               Last # of DB Queries
------------------------------  -----  ---------  --------  ----------  --------------  -------------------  ----------------------
/opt/airflow/dags/first_dag.py                           1           0  0.09s           2026-08-21T15:07:02                      12
================================================================================
[2026-08-21T15:07:46.114+0000] {manager.py:997} INFO - 
================================================================================
DAG File Processing Stats

File Path                       PID    Runtime      # DAGs    # Errors  Last Runtime    Last Run               Last # of DB Queries
------------------------------  -----  ---------  --------  ----------  --------------  -------------------  ----------------------
/opt/airflow/dags/first_dag.py                           1           0  0.10s           2026-08-21T15:07:33                      12
================================================================================
[2026-08-21T15:08:16.313+0000] {manager.py:997} INFO - 
================================================================================
DAG File Processing Stats

File Path                       PID    Runtime      # DAGs    # Errors  Last Runtime    Last Run               Last # of DB Queries
------------------------------  -----  ---------  --------  ----------  --------------  -------------------  ----------------------
/opt/airflow/dags/first_dag.py                           1           0  0.09s           2026-08-21T15:08:03                      12
================================================================================
[2026-08-21T15:08:46.447+0000] {manager.py:997} INFO - 
================================================================================
DAG File Processing Stats

File Path                       PID    Runtime      # DAGs    # Errors  Last Runtime    Last Run               Last # of DB Queries
------------------------------  -----  ---------  --------  ----------  --------------  -------------------  ----------------------
/opt/airflow/dags/first_dag.py                           1           0  0.09s           2026-08-21T15:08:33                      12
================================================================================
[2026-08-21T15:09:16.628+0000] {manager.py:997} INFO - 
================================================================================
DAG File Processing Stats

File Path                       PID    Runtime      # DAGs    # Errors  Last Runtime    Last Run               Last # of DB Queries
------------------------------  -----  ---------  --------  ----------  --------------  -------------------  ----------------------
/opt/airflow/dags/first_dag.py                           1           0  0.09s           2026-08-21T15:09:03                      12
================================================================================
[2026-08-21T15:09:46.765+0000] {manager.py:997} INFO - 
================================================================================
DAG File Processing Stats

File Path                       PID    Runtime      # DAGs    # Errors  Last Runtime    Last Run               Last # of DB Queries
------------------------------  -----  ---------  --------  ----------  --------------  -------------------  ----------------------
/opt/airflow/dags/first_dag.py                           1           0  0.09s           2026-08-21T15:09:33                      12
================================================================================
[2026-08-21T15:10:16.947+0000] {manager.py:997} INFO - 
================================================================================
DAG File Processing Stats

File Path                       PID    Runtime      # DAGs    # Errors  Last Runtime    Last Run               Last # of DB Queries
------------------------------  -----  ---------  --------  ----------  --------------  -------------------  ----------------------
/opt/airflow/dags/first_dag.py                           1           0  0.10s           2026-08-21T15:10:03                      12
================================================================================
[2026-08-21T15:10:47.092+0000] {manager.py:997} INFO - 
================================================================================
DAG File Processing Stats

File Path                       PID    Runtime      # DAGs    # Errors  Last Runtime    Last Run               Last # of DB Queries
------------------------------  -----  ---------  --------  ----------  --------------  -------------------  ----------------------
/opt/airflow/dags/first_dag.py                           1           0  0.10s           2026-08-21T15:10:34                      12
================================================================================
[2026-08-21T15:11:11.259+0000] {manager.py:821} INFO - Searching for files in /opt/airflow/dags
[2026-08-21T15:11:11.260+0000] {manager.py:824} INFO - There are 1 files in /opt/airflow/dags
[2026-08-21T15:11:17.294+0000] {manager.py:997} INFO - 
================================================================================
DAG File Processing Stats

File Path                       PID    Runtime      # DAGs    # Errors  Last Runtime    Last Run               Last # of DB Queries
------------------------------  -----  ---------  --------  ----------  --------------  -------------------  ----------------------
/opt/airflow/dags/first_dag.py                           1           0  0.09s           2026-08-21T15:11:04                      12
================================================================================
[2026-08-21T15:11:47.429+0000] {manager.py:997} INFO - 
================================================================================
DAG File Processing Stats

File Path                       PID    Runtime      # DAGs    # Errors  Last Runtime    Last Run               Last # of DB Queries
------------------------------  -----  ---------  --------  ----------  --------------  -------------------  ----------------------
/opt/airflow/dags/first_dag.py                           1           0  0.09s           2026-08-21T15:11:34                      12
================================================================================
[2026-08-21T15:12:17.612+0000] {manager.py:997} INFO - 
================================================================================
DAG File Processing Stats

File Path                       PID    Runtime      # DAGs    # Errors  Last Runtime    Last Run               Last # of DB Queries
------------------------------  -----  ---------  --------  ----------  --------------  -------------------  ----------------------
/opt/airflow/dags/first_dag.py                           1           0  0.09s           2026-08-21T15:12:04                      12
================================================================================
[2026-08-21T15:12:47.748+0000] {manager.py:997} INFO - 
================================================================================
DAG File Processing Stats

File Path                       PID    Runtime      # DAGs    # Errors  Last Runtime    Last Run               Last # of DB Queries
------------------------------  -----  ---------  --------  ----------  --------------  -------------------  ----------------------
/opt/airflow/dags/first_dag.py                           1           0  0.10s           2026-08-21T15:12:34                      12
================================================================================
[2026-08-21T15:13:17.931+0000] {manager.py:997} INFO - 
================================================================================
DAG File Processing Stats

File Path                       PID    Runtime      # DAGs    # Errors  Last Runtime    Last Run               Last # of DB Queries
------------------------------  -----  ---------  --------  ----------  --------------  -------------------  ----------------------
/opt/airflow/dags/first_dag.py                           1           0  0.09s           2026-08-21T15:13:04                      12
================================================================================
[2026-08-21T15:13:48.064+0000] {manager.py:997} INFO - 
================================================================================
DAG File Processing Stats

File Path                       PID    Runtime      # DAGs    # Errors  Last Runtime    Last Run               Last # of DB Queries
------------------------------  -----  ---------  --------  ----------  --------------  -------------------  ----------------------
/opt/airflow/dags/first_dag.py                           1           0  0.09s           2026-08-21T15:13:35                      12
================================================================================
[2026-08-21T15:14:18.246+0000] {manager.py:997} INFO - 
================================================================================
DAG File Processing Stats

File Path                       PID    Runtime      # DAGs    # Errors  Last Runtime    Last Run               Last # of DB Queries
------------------------------  -----  ---------  --------  ----------  --------------  -------------------  ----------------------
/opt/airflow/dags/first_dag.py                           1           0  0.09s           2026-08-21T15:14:05                      12
================================================================================
[2026-08-21T15:14:48.386+0000] {manager.py:997} INFO - 
================================================================================
DAG File Processing Stats

File Path                       PID    Runtime      # DAGs    # Errors  Last Runtime    Last Run               Last # of DB Queries
------------------------------  -----  ---------  --------  ----------  --------------  -------------------  ----------------------
/opt/airflow/dags/first_dag.py                           1           0  0.09s           2026-08-21T15:14:35                      12
================================================================================
[2026-08-21T15:15:18.562+0000] {manager.py:997} INFO - 
================================================================================
DAG File Processing Stats

File Path                       PID    Runtime      # DAGs    # Errors  Last Runtime    Last Run               Last # of DB Queries
------------------------------  -----  ---------  --------  ----------  --------------  -------------------  ----------------------
/opt/airflow/dags/first_dag.py                           1           0  0.09s           2026-08-21T15:15:05                      12
================================================================================
[2026-08-21T15:15:48.713+0000] {manager.py:997} INFO - 
================================================================================
DAG File Processing Stats

File Path                       PID    Runtime      # DAGs    # Errors  Last Runtime    Last Run               Last # of DB Queries
------------------------------  -----  ---------  --------  ----------  --------------  -------------------  ----------------------
/opt/airflow/dags/first_dag.py                           1           0  0.10s           2026-08-21T15:15:35                      12
================================================================================
[2026-08-21T15:16:11.863+0000] {manager.py:821} INFO - Searching for files in /opt/airflow/dags
[2026-08-21T15:16:11.864+0000] {manager.py:824} INFO - There are 1 files in /opt/airflow/dags
[2026-08-21T15:16:18.897+0000] {manager.py:997} INFO - 
================================================================================
DAG File Processing Stats

File Path                       PID    Runtime      # DAGs    # Errors  Last Runtime    Last Run               Last # of DB Queries
------------------------------  -----  ---------  --------  ----------  --------------  -------------------  ----------------------
/opt/airflow/dags/first_dag.py                           1           0  0.09s           2026-08-21T15:16:05                      12
================================================================================
[2026-08-21T15:16:49.037+0000] {manager.py:997} INFO - 
================================================================================
DAG File Processing Stats

File Path                       PID    Runtime      # DAGs    # Errors  Last Runtime    Last Run               Last # of DB Queries
------------------------------  -----  ---------  --------  ----------  --------------  -------------------  ----------------------
/opt/airflow/dags/first_dag.py                           1           0  0.10s           2026-08-21T15:16:36                      12
================================================================================
[2026-08-21T15:17:19.223+0000] {manager.py:997} INFO - 
================================================================================
DAG File Processing Stats

File Path                       PID    Runtime      # DAGs    # Errors  Last Runtime    Last Run               Last # of DB Queries
------------------------------  -----  ---------  --------  ----------  --------------  -------------------  ----------------------
/opt/airflow/dags/first_dag.py                           1           0  0.09s           2026-08-21T15:17:06                      12
================================================================================
[2026-08-21T15:17:49.363+0000] {manager.py:997} INFO - 
================================================================================
DAG File Processing Stats

File Path                       PID    Runtime      # DAGs    # Errors  Last Runtime    Last Run               Last # of DB Queries
------------------------------  -----  ---------  --------  ----------  --------------  -------------------  ----------------------
/opt/airflow/dags/first_dag.py                           1           0  0.10s           2026-08-21T15:17:36                      12
================================================================================
[2026-08-21T15:18:19.550+0000] {manager.py:997} INFO - 
================================================================================
DAG File Processing Stats

File Path                       PID    Runtime      # DAGs    # Errors  Last Runtime    Last Run               Last # of DB Queries
------------------------------  -----  ---------  --------  ----------  --------------  -------------------  ----------------------
/opt/airflow/dags/first_dag.py                           1           0  0.09s           2026-08-21T15:18:06                      12
================================================================================
[2026-08-21T15:18:49.681+0000] {manager.py:997} INFO - 
================================================================================
DAG File Processing Stats

File Path                       PID    Runtime      # DAGs    # Errors  Last Runtime    Last Run               Last # of DB Queries
------------------------------  -----  ---------  --------  ----------  --------------  -------------------  ----------------------
/opt/airflow/dags/first_dag.py                           1           0  0.10s           2026-08-21T15:18:36                      12
================================================================================
[2026-08-21T15:19:19.871+0000] {manager.py:997} INFO - 
================================================================================
DAG File Processing Stats

File Path                       PID    Runtime      # DAGs    # Errors  Last Runtime    Last Run               Last # of DB Queries
------------------------------  -----  ---------  --------  ----------  --------------  -------------------  ----------------------
/opt/airflow/dags/first_dag.py                           1           0  0.10s           2026-08-21T15:19:06                      12
================================================================================
[2026-08-21T15:19:50.003+0000] {manager.py:997} INFO - 
================================================================================
DAG File Processing Stats

File Path                       PID    Runtime      # DAGs    # Errors  Last Runtime    Last Run               Last # of DB Queries
------------------------------  -----  ---------  --------  ----------  --------------  -------------------  ----------------------
/opt/airflow/dags/first_dag.py                           1           0  0.10s           2026-08-21T15:19:37                      12
================================================================================
[2026-08-21T15:20:20.196+0000] {manager.py:997} INFO - 
================================================================================
DAG File Processing Stats

File Path                       PID    Runtime      # DAGs    # Errors  Last Runtime    Last Run               Last # of DB Queries
------------------------------  -----  ---------  --------  ----------  --------------  -------------------  ----------------------
/opt/airflow/dags/first_dag.py                           1           0  0.09s           2026-08-21T15:20:07                      12
================================================================================
[2026-08-21T15:20:50.341+0000] {manager.py:997} INFO - 
================================================================================
DAG File Processing Stats

File Path                       PID    Runtime      # DAGs    # Errors  Last Runtime    Last Run               Last # of DB Queries
------------------------------  -----  ---------  --------  ----------  --------------  -------------------  ----------------------
/opt/airflow/dags/first_dag.py                           1           0  0.10s           2026-08-21T15:20:37                      12
================================================================================
[2026-08-21T15:21:12.494+0000] {manager.py:821} INFO - Searching for files in /opt/airflow/dags
[2026-08-21T15:21:12.495+0000] {manager.py:824} INFO - There are 2 files in /opt/airflow/dags
[2026-08-21T15:21:20.555+0000] {manager.py:997} INFO - 
================================================================================
DAG File Processing Stats

File Path                              PID    Runtime      # DAGs    # Errors  Last Runtime    Last Run               Last # of DB Queries
-------------------------------------  -----  ---------  --------  ----------  --------------  -------------------  ----------------------
/opt/airflow/dags/bashoperator_dag.py                           1           0  0.18s           2026-08-21T15:21:12                      45
/opt/airflow/dags/first_dag.py                                  1           0  0.09s           2026-08-21T15:21:07                      12
================================================================================
[2026-08-21T15:21:50.879+0000] {manager.py:997} INFO - 
================================================================================
DAG File Processing Stats

File Path                              PID    Runtime      # DAGs    # Errors  Last Runtime    Last Run               Last # of DB Queries
-------------------------------------  -----  ---------  --------  ----------  --------------  -------------------  ----------------------
/opt/airflow/dags/first_dag.py                                  1           0  0.10s           2026-08-21T15:21:37                      12
/opt/airflow/dags/bashoperator_dag.py                           1           0  0.09s           2026-08-21T15:21:45                      12
================================================================================
[2026-08-21T15:22:21.090+0000] {manager.py:997} INFO - 
================================================================================
DAG File Processing Stats

File Path                              PID    Runtime      # DAGs    # Errors  Last Runtime    Last Run               Last # of DB Queries
-------------------------------------  -----  ---------  --------  ----------  --------------  -------------------  ----------------------
/opt/airflow/dags/bashoperator_dag.py                           1           0  0.09s           2026-08-21T15:22:16                      12
/opt/airflow/dags/first_dag.py                                  1           0  0.09s           2026-08-21T15:22:08                      12
================================================================================
[2026-08-21T15:22:51.306+0000] {manager.py:997} INFO - 
================================================================================
DAG File Processing Stats

File Path                              PID    Runtime      # DAGs    # Errors  Last Runtime    Last Run               Last # of DB Queries
-------------------------------------  -----  ---------  --------  ----------  --------------  -------------------  ----------------------
/opt/airflow/dags/first_dag.py                                  1           0  0.09s           2026-08-21T15:22:38                      12
/opt/airflow/dags/bashoperator_dag.py                           1           0  0.09s           2026-08-21T15:22:46                      12
================================================================================
[2026-08-21T15:23:21.515+0000] {manager.py:997} INFO - 
================================================================================
DAG File Processing Stats

File Path                              PID    Runtime      # DAGs    # Errors  Last Runtime    Last Run               Last # of DB Queries
-------------------------------------  -----  ---------  --------  ----------  --------------  -------------------  ----------------------
/opt/airflow/dags/bashoperator_dag.py                           1           0  0.11s           2026-08-21T15:23:16                      12
/opt/airflow/dags/first_dag.py                                  1           0  0.09s           2026-08-21T15:23:08                      12
================================================================================
[2026-08-21T15:23:51.735+0000] {manager.py:997} INFO - 
================================================================================
DAG File Processing Stats

File Path                              PID    Runtime      # DAGs    # Errors  Last Runtime    Last Run               Last # of DB Queries
-------------------------------------  -----  ---------  --------  ----------  --------------  -------------------  ----------------------
/opt/airflow/dags/first_dag.py                                  1           0  0.10s           2026-08-21T15:23:38                      12
/opt/airflow/dags/bashoperator_dag.py                           1           0  0.09s           2026-08-21T15:23:46                      12
================================================================================
[2026-08-21T15:24:21.946+0000] {manager.py:997} INFO - 
================================================================================
DAG File Processing Stats

File Path                              PID    Runtime      # DAGs    # Errors  Last Runtime    Last Run               Last # of DB Queries
-------------------------------------  -----  ---------  --------  ----------  --------------  -------------------  ----------------------
/opt/airflow/dags/bashoperator_dag.py                           1           0  0.10s           2026-08-21T15:24:16                      12
/opt/airflow/dags/first_dag.py                                  1           0  0.10s           2026-08-21T15:24:08                      12
================================================================================
[2026-08-21T15:24:52.168+0000] {manager.py:997} INFO - 
================================================================================
DAG File Processing Stats

File Path                              PID    Runtime      # DAGs    # Errors  Last Runtime    Last Run               Last # of DB Queries
-------------------------------------  -----  ---------  --------  ----------  --------------  -------------------  ----------------------
/opt/airflow/dags/first_dag.py                                  1           0  0.10s           2026-08-21T15:24:39                      12
/opt/airflow/dags/bashoperator_dag.py                           1           0  0.09s           2026-08-21T15:24:47                      12
================================================================================
[2026-08-21T15:25:22.375+0000] {manager.py:997} INFO - 
================================================================================
DAG File Processing Stats

File Path                              PID    Runtime      # DAGs    # Errors  Last Runtime    Last Run               Last # of DB Queries
-------------------------------------  -----  ---------  --------  ----------  --------------  -------------------  ----------------------
/opt/airflow/dags/bashoperator_dag.py                           1           0  0.10s           2026-08-21T15:25:17                      12
/opt/airflow/dags/first_dag.py                                  1           0  0.09s           2026-08-21T15:25:09                      12
================================================================================
[2026-08-21T15:25:52.598+0000] {manager.py:997} INFO - 
================================================================================
DAG File Processing Stats

File Path                              PID    Runtime      # DAGs    # Errors  Last Runtime    Last Run               Last # of DB Queries
-------------------------------------  -----  ---------  --------  ----------  --------------  -------------------  ----------------------
/opt/airflow/dags/first_dag.py                                  1           0  0.10s           2026-08-21T15:25:39                      12
/opt/airflow/dags/bashoperator_dag.py                           1           0  0.09s           2026-08-21T15:25:47                      12
================================================================================
[2026-08-21T15:26:12.693+0000] {manager.py:821} INFO - Searching for files in /opt/airflow/dags
[2026-08-21T15:26:12.694+0000] {manager.py:824} INFO - There are 2 files in /opt/airflow/dags
[2026-08-21T15:26:22.814+0000] {manager.py:997} INFO - 
================================================================================
DAG File Processing Stats

File Path                              PID    Runtime      # DAGs    # Errors  Last Runtime    Last Run               Last # of DB Queries
-------------------------------------  -----  ---------  --------  ----------  --------------  -------------------  ----------------------
/opt/airflow/dags/bashoperator_dag.py                           1           0  0.10s           2026-08-21T15:26:17                      12
/opt/airflow/dags/first_dag.py                                  1           0  0.09s           2026-08-21T15:26:09                      12
================================================================================
[2026-08-21T15:26:53.026+0000] {manager.py:997} INFO - 
================================================================================
DAG File Processing Stats

File Path                              PID    Runtime      # DAGs    # Errors  Last Runtime    Last Run               Last # of DB Queries
-------------------------------------  -----  ---------  --------  ----------  --------------  -------------------  ----------------------
/opt/airflow/dags/first_dag.py                                  1           0  0.09s           2026-08-21T15:26:39                      12
/opt/airflow/dags/bashoperator_dag.py                           1           0  0.09s           2026-08-21T15:26:48                      12
================================================================================
[2026-08-21T15:27:23.241+0000] {manager.py:997} INFO - 
================================================================================
DAG File Processing Stats

File Path                              PID    Runtime      # DAGs    # Errors  Last Runtime    Last Run               Last # of DB Queries
-------------------------------------  -----  ---------  --------  ----------  --------------  -------------------  ----------------------
/opt/airflow/dags/bashoperator_dag.py                           1           0  0.10s           2026-08-21T15:27:18                      12
/opt/airflow/dags/first_dag.py                                  1           0  0.09s           2026-08-21T15:27:10                      12
================================================================================
[2026-08-21T15:27:53.455+0000] {manager.py:997} INFO - 
================================================================================
DAG File Processing Stats

File Path                              PID    Runtime      # DAGs    # Errors  Last Runtime    Last Run               Last # of DB Queries
-------------------------------------  -----  ---------  --------  ----------  --------------  -------------------  ----------------------
/opt/airflow/dags/first_dag.py                                  1           0  0.09s           2026-08-21T15:27:40                      12
/opt/airflow/dags/bashoperator_dag.py                           1           0  0.09s           2026-08-21T15:27:48                      12
================================================================================
[2026-08-21T15:28:23.662+0000] {manager.py:997} INFO - 
================================================================================
DAG File Processing Stats

File Path                              PID    Runtime      # DAGs    # Errors  Last Runtime    Last Run               Last # of DB Queries
-------------------------------------  -----  ---------  --------  ----------  --------------  -------------------  ----------------------
/opt/airflow/dags/bashoperator_dag.py                           1           0  0.10s           2026-08-21T15:28:18                      12
/opt/airflow/dags/first_dag.py                                  1           0  0.09s           2026-08-21T15:28:10                      12
================================================================================
[2026-08-21T15:28:53.878+0000] {manager.py:997} INFO - 
================================================================================
DAG File Processing Stats

File Path                              PID    Runtime      # DAGs    # Errors  Last Runtime    Last Run               Last # of DB Queries
-------------------------------------  -----  ---------  --------  ----------  --------------  -------------------  ----------------------
/opt/airflow/dags/first_dag.py                                  1           0  0.10s           2026-08-21T15:28:40                      12
/opt/airflow/dags/bashoperator_dag.py                           1           0  0.09s           2026-08-21T15:28:48                      12
================================================================================
[2026-08-21T15:29:24.090+0000] {manager.py:997} INFO - 
================================================================================
DAG File Processing Stats

File Path                              PID    Runtime      # DAGs    # Errors  Last Runtime    Last Run               Last # of DB Queries
-------------------------------------  -----  ---------  --------  ----------  --------------  -------------------  ----------------------
/opt/airflow/dags/first_dag.py                                  1           0  0.09s           2026-08-21T15:29:11                      12
/opt/airflow/dags/bashoperator_dag.py                           1           0  0.09s           2026-08-21T15:29:19                      12
================================================================================
[2026-08-21T15:29:54.307+0000] {manager.py:997} INFO - 
================================================================================
DAG File Processing Stats

File Path                              PID    Runtime      # DAGs    # Errors  Last Runtime    Last Run               Last # of DB Queries
-------------------------------------  -----  ---------  --------  ----------  --------------  -------------------  ----------------------
/opt/airflow/dags/first_dag.py                                  1           0  0.09s           2026-08-21T15:29:41                      12
/opt/airflow/dags/bashoperator_dag.py                           1           0  0.09s           2026-08-21T15:29:49                      12
================================================================================
[2026-08-21T15:30:24.518+0000] {manager.py:997} INFO - 
================================================================================
DAG File Processing Stats

File Path                              PID    Runtime      # DAGs    # Errors  Last Runtime    Last Run               Last # of DB Queries
-------------------------------------  -----  ---------  --------  ----------  --------------  -------------------  ----------------------
/opt/airflow/dags/first_dag.py                                  1           0  0.09s           2026-08-21T15:30:11                      12
/opt/airflow/dags/bashoperator_dag.py                           1           0  0.09s           2026-08-21T15:30:19                      12
================================================================================
[2026-08-21T15:30:54.739+0000] {manager.py:997} INFO - 
================================================================================
DAG File Processing Stats

File Path                              PID    Runtime      # DAGs    # Errors  Last Runtime    Last Run               Last # of DB Queries
-------------------------------------  -----  ---------  --------  ----------  --------------  -------------------  ----------------------
/opt/airflow/dags/first_dag.py                                  1           0  0.09s           2026-08-21T15:30:41                      12
/opt/airflow/dags/bashoperator_dag.py                           1           0  0.09s           2026-08-21T15:30:49                      12
================================================================================
[2026-08-21T15:31:12.919+0000] {manager.py:821} INFO - Searching for files in /opt/airflow/dags
[2026-08-21T15:31:12.921+0000] {manager.py:824} INFO - There are 2 files in /opt/airflow/dags
[2026-08-21T15:31:25.041+0000] {manager.py:997} INFO - 
================================================================================
DAG File Processing Stats

File Path                              PID    Runtime      # DAGs    # Errors  Last Runtime    Last Run               Last # of DB Queries
-------------------------------------  -----  ---------  --------  ----------  --------------  -------------------  ----------------------
/opt/airflow/dags/first_dag.py                                  1           0  0.09s           2026-08-21T15:31:11                      12
/opt/airflow/dags/bashoperator_dag.py                           1           0  0.08s           2026-08-21T15:31:20                      12
================================================================================
[2026-08-21T15:31:55.270+0000] {manager.py:997} INFO - 
================================================================================
DAG File Processing Stats

File Path                              PID    Runtime      # DAGs    # Errors  Last Runtime    Last Run               Last # of DB Queries
-------------------------------------  -----  ---------  --------  ----------  --------------  -------------------  ----------------------
/opt/airflow/dags/first_dag.py                                  1           0  0.11s           2026-08-21T15:31:42                      12
/opt/airflow/dags/bashoperator_dag.py                           1           0  0.10s           2026-08-21T15:31:50                      12
================================================================================
